text,expected_label,model_predicted,confidence
bố láo Bọn nhân viên ngu không tả được,CHỬI BỚI,KÍCH ĐỘNG,0.9917
Hotline 0539687963 để nhận quà,SPAM,SẠCH,0.9905
Truy cập http://vay18.com nhận 100k,SPAM,SẠCH,0.9826
"Điều hòa lừa đảo, đừng mua ngay",KÍCH ĐỘNG,SPAM,0.7692
Con mụ chủ nhìn như đầu bùi,CHỬI BỚI,KÍCH ĐỘNG,0.9794
"Món ăn tráo trở, tránh xa ngay",KÍCH ĐỘNG,SẠCH,0.9697
tiên sư Ship hàng biến đi,CHỬI BỚI,SẠCH,0.9787
CSKH dở như c*c,CHỬI BỚI,KÍCH ĐỘNG,0.8816
Nhắn tin 0435639499 để nhận quà,SPAM,SẠCH,0.9924
"Lễ tân lừa đảo, báo công an ngay",KÍCH ĐỘNG,REVIEW,0.4863
"Quán này tráo trở, kiện ngay",KÍCH ĐỘNG,REVIEW,0.6088
"Quán này lừa đảo, gian dối ngay",KÍCH ĐỘNG,CHỬI BỚI,0.7876
Truy cập http://sex13.com xem hàng,SPAM,SẠCH,0.9728
Call 0810087675 để nhận quà,SPAM,SẠCH,0.9944
Món ăn thối như bẹn,CHỬI BỚI,REVIEW,0.5987
"Ship hàng tráo trở, đừng mua ngay",KÍCH ĐỘNG,SẠCH,0.9068
Nhắn tin 0330112745 để nhận quà,SPAM,SẠCH,0.9935
ngu vãi Bọn nhân viên dẹp tiệm đi,CHỬI BỚI,KÍCH ĐỘNG,0.6831
Hotline 0529572232 để kết bạn,SPAM,SẠCH,0.9611
óc chó Cái chỗ này làm ăn chán đời,CHỬI BỚI,KÍCH ĐỘNG,0.9912
Alo 0869530066 để kết bạn,SPAM,SẠCH,0.9934
"Wifi lừa đảo, gian dối ngay",KÍCH ĐỘNG,CHỬI BỚI,0.9438
Không gian vô cùng xịn sò nhé,SẠCH,REVIEW,0.4712
"Phục vụ lừa đảo, dối trá ngay",KÍCH ĐỘNG,CHỬI BỚI,0.905
Thằng quản lý ngu như đầu bùi,CHỬI BỚI,KÍCH ĐỘNG,0.9922
mất dạy Hệ thống biến đi,CHỬI BỚI,REVIEW,0.4001
"Khách sạn tráo trở, cạch mặt ngay",KÍCH ĐỘNG,CHỬI BỚI,0.5547
Alo 0351625131 để kết bạn,SPAM,SẠCH,0.9933
"Dịch vụ lừa đảo, cạch mặt ngay",KÍCH ĐỘNG,SPAM,0.9989
Truy cập http://vay26.com nhận 100k,SPAM,SẠCH,0.9802
Truy cập http://soicau24.com nhận 100k,SPAM,SẠCH,0.9774
"Cách làm ăn tráo trở, lừa đảo ngay",KÍCH ĐỘNG,CHỬI BỚI,0.7743
"Wifi gian manh, cẩn thận bị lừa ngay",KÍCH ĐỘNG,CHỬI BỚI,0.6453
Khách sạn ngu như bò,CHỬI BỚI,KÍCH ĐỘNG,0.8349
Call 0831496383 để tư vấn,SPAM,SẠCH,0.9805
Thái độ ngu như lợn,CHỬI BỚI,REVIEW,0.5089
Truy cập http://soicau98.com nhận 100k,SPAM,SẠCH,0.9856
Alo 0498737678 để nhận quà,SPAM,SẠCH,0.9952
bố láo Lễ tân ngu không tả được,CHỬI BỚI,KÍCH ĐỘNG,0.9907
"Chủ shop gian manh, report ngay",KÍCH ĐỘNG,SẠCH,0.9212
Truy cập http://vay77.com nhận khuyến mãi,SPAM,SẠCH,0.9909
Hỗ trợ 0623451876 để kết bạn,SPAM,SẠCH,0.8249
Các bạn đừng bao giờ đến shop này,KÍCH ĐỘNG,SẠCH,0.9919
tổ cha Bọn nhân viên làm ăn chán đời,CHỬI BỚI,KÍCH ĐỘNG,0.9813
Phục vụ nhìn như bò,CHỬI BỚI,KÍCH ĐỘNG,0.6151
tiên sư Lễ tân làm ăn chán đời,CHỬI BỚI,REVIEW,0.3879
Hỗ trợ 0773673771 để tư vấn,SPAM,SẠCH,0.837
Hỗ trợ 0331375670 để nhận quà,SPAM,REVIEW,0.6093
Truy cập http://soicau50.com nhận 100k,SPAM,SẠCH,0.9793
mất dạy Ship hàng ngu không tả được,CHỬI BỚI,KÍCH ĐỘNG,0.863
"Lễ tân lừa đảo, tránh xa ngay",KÍCH ĐỘNG,REVIEW,0.5554
"Thái độ tráo trở, cẩn thận bị lừa ngay",KÍCH ĐỘNG,CHỬI BỚI,0.6032
khốn nạn Chủ shop ngu không tả được,CHỬI BỚI,KÍCH ĐỘNG,0.8631
bố láo Chủ shop biến đi,CHỬI BỚI,KÍCH ĐỘNG,0.9224
"Cách làm ăn lừa đảo, đừng mua ngay",KÍCH ĐỘNG,REVIEW,0.5901
"Món ăn gian manh, dối trá ngay",KÍCH ĐỘNG,CHỬI BỚI,0.9207
đm Khách sạn ngu không tả được,CHỬI BỚI,KÍCH ĐỘNG,0.8679
"Khách sạn lừa đảo, đừng mua ngay",KÍCH ĐỘNG,SẠCH,0.699
chó chết Hệ thống ngu không tả được,CHỬI BỚI,KÍCH ĐỘNG,0.804
Con mụ chủ ngu như bẹn,CHỬI BỚI,KÍCH ĐỘNG,0.9866
Chủ shop dở như cứt,CHỬI BỚI,REVIEW,0.5162
Hotline 0988556766 để tư vấn,SPAM,SẠCH,0.9308
"Quán này gian manh, cẩn thận bị lừa ngay",KÍCH ĐỘNG,REVIEW,0.4836
CSKH ngu như đống phân,CHỬI BỚI,KÍCH ĐỘNG,0.9879
Con mèo của chủ quán cưng xỉu ghê,SẠCH,KÍCH ĐỘNG,0.6279
Thằng quản lý bẩn như bẹn,CHỬI BỚI,KÍCH ĐỘNG,0.9903
"Chủ shop tráo trở, report ngay",KÍCH ĐỘNG,SẠCH,0.9865
Truy cập http://sex91.com nhận khuyến mãi,SPAM,SẠCH,0.9686
Bác bảo vệ siêu xịn sò.,SẠCH,KÍCH ĐỘNG,0.9069
Bọn nhân viên nhìn như lợn,CHỬI BỚI,KÍCH ĐỘNG,0.8475
"Điều hòa gian manh, treo đầu dê bán thịt chó ngay",KÍCH ĐỘNG,REVIEW,0.5104
"Cái chỗ này lừa đảo, bóc phốt ngay",KÍCH ĐỘNG,CHỬI BỚI,0.9079
óc chó Quán này ngu không tả được,CHỬI BỚI,KÍCH ĐỘNG,0.9914
Truy cập http://vay82.com xem hàng,SPAM,SẠCH,0.9905
"Thái độ tráo trở, báo công an ngay",KÍCH ĐỘNG,CHỬI BỚI,0.58
"Điều hòa lừa đảo, lừa đảo ngay",KÍCH ĐỘNG,CHỬI BỚI,0.9064
óc chó Nhà vệ sinh ngu không tả được,CHỬI BỚI,KÍCH ĐỘNG,0.9912
mất dạy Con mụ chủ dẹp tiệm đi,CHỬI BỚI,KÍCH ĐỘNG,0.9772
tiên sư Phục vụ biến đi,CHỬI BỚI,SẠCH,0.9926
bố láo Wifi làm ăn chán đời,CHỬI BỚI,KÍCH ĐỘNG,0.81
"Lễ tân gian manh, báo công an ngay",KÍCH ĐỘNG,SẠCH,0.9496
Truy cập http://sex34.com nhận khuyến mãi,SPAM,SẠCH,0.9607
Nhắn tin 0384546439 để kết bạn,SPAM,SẠCH,0.989
Con mèo nhà này ngoan lắm,SẠCH,KÍCH ĐỘNG,0.734
tổ cha Thằng quản lý ngu không tả được,CHỬI BỚI,KÍCH ĐỘNG,0.9901
Bọn nhân viên thối như rác rưởi,CHỬI BỚI,KÍCH ĐỘNG,0.9714
Thái độ ngu như bò,CHỬI BỚI,KÍCH ĐỘNG,0.9652
Cái chỗ này tệ như hạch,CHỬI BỚI,KÍCH ĐỘNG,0.7426
Bọn nhân viên như đầu bùi,CHỬI BỚI,KÍCH ĐỘNG,0.9885
Thằng quản lý tệ như rác rưởi,CHỬI BỚI,KÍCH ĐỘNG,0.9643
"Phục vụ lừa đảo, kiện ngay",KÍCH ĐỘNG,REVIEW,0.4982
Hỗ trợ 0794489213 để tư vấn,SPAM,SẠCH,0.9107
Truy cập http://sex89.com nhận khuyến mãi,SPAM,SẠCH,0.9663
Điều hòa tệ như lợn,CHỬI BỚI,REVIEW,0.4792
Wifi nhìn như đầu bùi,CHỬI BỚI,REVIEW,0.4779
Thằng quản lý làm ăn như cứt,CHỬI BỚI,KÍCH ĐỘNG,0.9871
Con mụ chủ như shit,CHỬI BỚI,KÍCH ĐỘNG,0.9896
"Ship hàng tráo trở, report ngay",KÍCH ĐỘNG,SẠCH,0.9033
Hệ thống ngu như lợn,CHỬI BỚI,KÍCH ĐỘNG,0.5213
"Khách sạn tráo trở, gian dối ngay",KÍCH ĐỘNG,CHỬI BỚI,0.906
Thằng quản lý chán như lợn,CHỬI BỚI,KÍCH ĐỘNG,0.9561
tổ cha Cách làm ăn dẹp tiệm đi,CHỬI BỚI,REVIEW,0.4931
"Wifi lừa đảo, tẩy chay ngay",KÍCH ĐỘNG,CHỬI BỚI,0.7445
Nhắn tin 0666907355 để kết bạn,SPAM,SẠCH,0.9862
Con cún của chủ quán ngoan ghê,SẠCH,REVIEW,0.4896
"Cách làm ăn gian manh, đòi lại tiền ngay",KÍCH ĐỘNG,CHỬI BỚI,0.7802
"Wifi tráo trở, report ngay",KÍCH ĐỘNG,SẠCH,0.9866
Truy cập http://soicau58.com xem hàng,SPAM,SẠCH,0.9885
Hỗ trợ 0933000307 để tư vấn,SPAM,SẠCH,0.8594
"Cách làm ăn lừa đảo, tẩy chay ngay",KÍCH ĐỘNG,CHỬI BỚI,0.6801
tiên sư Thái độ ngu không tả được,CHỬI BỚI,KÍCH ĐỘNG,0.9794
Liên hệ 0589051612 để kết bạn,SPAM,SẠCH,0.9727
tiên sư Cách làm ăn ngu không tả được,CHỬI BỚI,KÍCH ĐỘNG,0.9782
"Khách sạn tráo trở, lừa đảo ngay",KÍCH ĐỘNG,CHỬI BỚI,0.88
khốn nạn Con mụ chủ biến đi,CHỬI BỚI,KÍCH ĐỘNG,0.9689
Truy cập http://sex90.com nhận khuyến mãi,SPAM,SẠCH,0.9115
Cái chỗ này làm ăn như đầu bùi,CHỬI BỚI,KÍCH ĐỘNG,0.7846
Truy cập http://vay65.com nhận khuyến mãi,SPAM,SẠCH,0.9928
tổ cha Thằng quản lý làm ăn chán đời,CHỬI BỚI,KÍCH ĐỘNG,0.9815
Hệ thống làm ăn như hạch,CHỬI BỚI,KÍCH ĐỘNG,0.7258
Call 0615360992 để nhận quà,SPAM,SẠCH,0.995
Con mụ chủ làm ăn như đống phân,CHỬI BỚI,KÍCH ĐỘNG,0.9884
"Ship hàng lừa đảo, cạch mặt ngay",KÍCH ĐỘNG,SPAM,0.9733
óc chó Dịch vụ làm ăn chán đời,CHỬI BỚI,KÍCH ĐỘNG,0.9837
Thái độ phục vụ như cc,CHỬI BỚI,REVIEW,0.5294
"Dịch vụ gian manh, cạch mặt ngay",KÍCH ĐỘNG,CHỬI BỚI,0.8942
tổ cha Lễ tân biến đi,CHỬI BỚI,SẠCH,0.6653
"Điều hòa tráo trở, treo đầu dê bán thịt chó ngay",KÍCH ĐỘNG,REVIEW,0.4992
Con mụ chủ như cặc,CHỬI BỚI,KÍCH ĐỘNG,0.983
Chủ shop bẩn như đầu bùi,CHỬI BỚI,KÍCH ĐỘNG,0.9598
Thái độ nhìn như bò,CHỬI BỚI,KÍCH ĐỘNG,0.9623
"Món ăn tráo trở, cẩn thận bị lừa ngay",KÍCH ĐỘNG,SẠCH,0.9045
Alo 0654216882 để tư vấn,SPAM,SẠCH,0.9699
Bọn nhân viên làm ăn như shit,CHỬI BỚI,KÍCH ĐỘNG,0.9754
Bọn nhân viên dơ dáy,CHỬI BỚI,KÍCH ĐỘNG,0.9888
Khách sạn thối như bò,CHỬI BỚI,KÍCH ĐỘNG,0.5339
Con cún nhà này quấn người lắm,SẠCH,KÍCH ĐỘNG,0.5784
Truy cập http://vay53.com xem hàng,SPAM,SẠCH,0.9887
mất dạy Quán này ngu không tả được,CHỬI BỚI,KÍCH ĐỘNG,0.9703
Cách làm ăn ngu như đầu bùi,CHỬI BỚI,KÍCH ĐỘNG,0.9485
"Thái độ lừa đảo, dối trá ngay",KÍCH ĐỘNG,CHỬI BỚI,0.9333
Truy cập http://soicau51.com nhận 100k,SPAM,SẠCH,0.9824
Cái chỗ này ngu như cc,CHỬI BỚI,KÍCH ĐỘNG,0.9756
Các bạn tẩy chay gấp quán này,KÍCH ĐỘNG,REVIEW,0.5728
"Cái chỗ này lừa đảo, tẩy chay ngay",KÍCH ĐỘNG,CHỬI BỚI,0.5681
Hỗ trợ 0749115948 để tư vấn,SPAM,SẠCH,0.8637
Cách làm ăn ngu như cc,CHỬI BỚI,KÍCH ĐỘNG,0.9476
CSKH làm ăn như l*n,CHỬI BỚI,KÍCH ĐỘNG,0.7972
Thằng quản lý bẩn như cứt,CHỬI BỚI,KÍCH ĐỘNG,0.9908
đm Dịch vụ ngu không tả được,CHỬI BỚI,KÍCH ĐỘNG,0.8408
"Dịch vụ tráo trở, báo công an ngay",KÍCH ĐỘNG,SPAM,0.7709
Con cún nhà này lanh lợi quá,SẠCH,KÍCH ĐỘNG,0.7
"Hệ thống tráo trở, cạch mặt ngay",KÍCH ĐỘNG,SẠCH,0.8391
Bọn nhân viên làm ăn như bẹn,CHỬI BỚI,KÍCH ĐỘNG,0.98
"Khách sạn gian manh, cẩn thận bị lừa ngay",KÍCH ĐỘNG,CHỬI BỚI,0.7278
Tư vấn 0824587173 để kết bạn,SPAM,SẠCH,0.7196
óc chó Phục vụ ngu không tả được,CHỬI BỚI,KÍCH ĐỘNG,0.9884
Homestay siêu tận tâm thực sự,SẠCH,SPAM,0.8503
Mọi người đòi lại tiền cái quán này nhé,KÍCH ĐỘNG,SẠCH,0.8117
Call 0787190493 để tư vấn,SPAM,SẠCH,0.9762
CSKH tệ như cứt,CHỬI BỚI,KÍCH ĐỘNG,0.9764
Con mụ chủ chán như chó,CHỬI BỚI,KÍCH ĐỘNG,0.9873
"Dịch vụ tráo trở, tránh xa ngay",KÍCH ĐỘNG,SẠCH,0.87
ngu vãi CSKH dẹp tiệm đi,CHỬI BỚI,KÍCH ĐỘNG,0.5862
Ib ngay 0486620017 để kết bạn,SPAM,SẠCH,0.9914
"Điều hòa gian manh, report ngay",KÍCH ĐỘNG,SẠCH,0.9821
óc chó Dịch vụ dẹp tiệm đi,CHỬI BỚI,KÍCH ĐỘNG,0.8873
"Lễ tân tráo trở, kiện ngay",KÍCH ĐỘNG,SẠCH,0.9798
Thằng quản lý làm ăn như chó,CHỬI BỚI,KÍCH ĐỘNG,0.9723
Con mụ chủ chán như hạch,CHỬI BỚI,KÍCH ĐỘNG,0.9868
Khách sạn nhìn xịn sò!,SẠCH,REVIEW,0.5321
Hotline 0869464152 để nhận quà,SPAM,SẠCH,0.9799
Bọn nhân viên như l*n,CHỬI BỚI,KÍCH ĐỘNG,0.9819
Truy cập http://soicau40.com nhận khuyến mãi,SPAM,SẠCH,0.989
Con mèo của chủ quán lanh lợi lắm,SẠCH,REVIEW,0.5625
Hỗ trợ 0839450306 để tư vấn,SPAM,SẠCH,0.9018
chó chết Bọn nhân viên biến đi,CHỬI BỚI,KÍCH ĐỘNG,0.7352
Thằng quản lý phục vụ như l*n,CHỬI BỚI,KÍCH ĐỘNG,0.9878
"Thái độ gian manh, cẩn thận bị lừa ngay",KÍCH ĐỘNG,CHỬI BỚI,0.7303
Thằng quản lý chán như rác rưởi,CHỬI BỚI,KÍCH ĐỘNG,0.9588
Alo 0828986879 để nhận quà,SPAM,SẠCH,0.995
tổ cha Quán này làm ăn chán đời,CHỬI BỚI,KÍCH ĐỘNG,0.9663
Cách làm ăn ngu như shit,CHỬI BỚI,KÍCH ĐỘNG,0.5856
"Cách làm ăn gian manh, báo công an ngay",KÍCH ĐỘNG,REVIEW,0.631
Nhân viên siêu tiện lợi thực sự,SẠCH,SPAM,0.9994
"Thái độ lừa đảo, lừa đảo ngay",KÍCH ĐỘNG,CHỬI BỚI,0.916
Lễ tân ngu như lợn,CHỬI BỚI,KÍCH ĐỘNG,0.8406
Hỗ trợ 0324268664 để tư vấn,SPAM,SẠCH,0.8945
chó chết Thằng quản lý biến đi,CHỬI BỚI,KÍCH ĐỘNG,0.954
Hệ thống thối như hạch,CHỬI BỚI,KÍCH ĐỘNG,0.9518
"Thái độ lừa đảo, kiện ngay",KÍCH ĐỘNG,CHỬI BỚI,0.8027
Truy cập http://soicau21.com xem hàng,SPAM,SẠCH,0.9854
tổ cha Wifi biến đi,CHỬI BỚI,KÍCH ĐỘNG,0.6434
"Cái chỗ này lừa đảo, đừng mua ngay",KÍCH ĐỘNG,CHỬI BỚI,0.7275
Chủ shop chán như bò,CHỬI BỚI,KÍCH ĐỘNG,0.8667
Tư vấn 0789765954 để tư vấn,SPAM,SẠCH,0.8418
Hỗ trợ 0584383788 để tư vấn,SPAM,SẠCH,0.8224
Chủ shop nhìn như hạch,CHỬI BỚI,REVIEW,0.5157
Con mèo nhà này cưng xỉu quá,SẠCH,KÍCH ĐỘNG,0.9048
Bọn nhân viên làm ăn như rác rưởi,CHỬI BỚI,KÍCH ĐỘNG,0.8275
Bọn nhân viên bẩn như bò,CHỬI BỚI,KÍCH ĐỘNG,0.9912
CSKH như lồn,CHỬI BỚI,KÍCH ĐỘNG,0.7388
Liên hệ 0947003227 để kết bạn,SPAM,SẠCH,0.9367
"Thái độ gian manh, lừa đảo ngay",KÍCH ĐỘNG,CHỬI BỚI,0.8859
"Món ăn tráo trở, dối trá ngay",KÍCH ĐỘNG,REVIEW,0.4945
mẹ kiếp CSKH ngu không tả được,CHỬI BỚI,KÍCH ĐỘNG,0.9899
Con chó nhà này ngoan quá,SẠCH,KÍCH ĐỘNG,0.9882
Thằng quản lý chán như shit,CHỬI BỚI,KÍCH ĐỘNG,0.974
"Món ăn lừa đảo, kiện ngay",KÍCH ĐỘNG,CHỬI BỚI,0.7435
Truy cập http://vay91.com nhận khuyến mãi,SPAM,SẠCH,0.993
Con mụ chủ dở như lợn,CHỬI BỚI,KÍCH ĐỘNG,0.9738
Truy cập http://sex49.com nhận khuyến mãi,SPAM,SẠCH,0.9281
"Wifi gian manh, treo đầu dê bán thịt chó ngay",KÍCH ĐỘNG,CHỬI BỚI,0.8923
Dịch vụ thối như bò,CHỬI BỚI,KÍCH ĐỘNG,0.5804
mất dạy CSKH dẹp tiệm đi,CHỬI BỚI,KÍCH ĐỘNG,0.903
Hệ thống nhìn như cứt,CHỬI BỚI,KÍCH ĐỘNG,0.5434
Thằng quản lý bẩn thỉu,CHỬI BỚI,KÍCH ĐỘNG,0.9917
Chủ shop thối như đầu bùi,CHỬI BỚI,KÍCH ĐỘNG,0.9324
mất dạy Hệ thống làm ăn chán đời,CHỬI BỚI,REVIEW,0.5224
Ship hàng ngu như đầu bùi,CHỬI BỚI,KÍCH ĐỘNG,0.5015
Con mụ chủ dở như đầu bùi,CHỬI BỚI,KÍCH ĐỘNG,0.9808
"Cái chỗ này lừa đảo, báo công an ngay",KÍCH ĐỘNG,CHỬI BỚI,0.7941
"Hệ thống lừa đảo, bóc phốt ngay",KÍCH ĐỘNG,CHỬI BỚI,0.9008
tiên sư Thái độ biến đi,CHỬI BỚI,SẠCH,0.8262
óc chó Con mụ chủ làm ăn chán đời,CHỬI BỚI,KÍCH ĐỘNG,0.9885
Truy cập http://vay11.com xem hàng,SPAM,SẠCH,0.9899
"Hệ thống lừa đảo, dối trá ngay",KÍCH ĐỘNG,CHỬI BỚI,0.9105
Lễ tân thối hoắc,CHỬI BỚI,KÍCH ĐỘNG,0.8921
Bọn nhân viên dở như l*n,CHỬI BỚI,KÍCH ĐỘNG,0.9864
Truy cập http://sex62.com nhận khuyến mãi,SPAM,SẠCH,0.9301
tổ cha Món ăn biến đi,CHỬI BỚI,REVIEW,0.4686
Thằng quản lý làm ăn như đầu bùi,CHỬI BỚI,KÍCH ĐỘNG,0.992
Truy cập http://soicau10.com xem hàng,SPAM,SẠCH,0.9887
Truy cập http://vay81.com xem hàng,SPAM,SẠCH,0.9926
Thằng quản lý phục vụ như bẹn,CHỬI BỚI,KÍCH ĐỘNG,0.9863
đm CSKH biến đi,CHỬI BỚI,KÍCH ĐỘNG,0.9716
Con mụ chủ thối như hạch,CHỬI BỚI,KÍCH ĐỘNG,0.9878
Con mụ chủ bẩn như cứt,CHỬI BỚI,KÍCH ĐỘNG,0.9851
Nhân viên siêu dễ thương thực sự,SẠCH,SPAM,0.9262
Thái độ phục vụ quá là xịn sò nha,SẠCH,REVIEW,0.5481
Điều hòa nhìn như bò,CHỬI BỚI,REVIEW,0.5346
đm Thằng quản lý ngu không tả được,CHỬI BỚI,KÍCH ĐỘNG,0.9911
Ib ngay 0388962427 để nhận quà,SPAM,SẠCH,0.9904
Tư vấn 0928333431 để tư vấn,SPAM,SẠCH,0.847
Liên hệ 0914960124 để kết bạn,SPAM,SẠCH,0.9377
"Quán này tráo trở, lừa đảo ngay",KÍCH ĐỘNG,CHỬI BỚI,0.6042
Chị lễ tân thực sự xịn sò ạ,SẠCH,KÍCH ĐỘNG,0.7891
Bọn nhân viên chán như quần què,CHỬI BỚI,KÍCH ĐỘNG,0.9849
Bọn nhân viên hãm lờ,CHỬI BỚI,KÍCH ĐỘNG,0.9862
"Lễ tân tráo trở, bóc phốt ngay",KÍCH ĐỘNG,REVIEW,0.5968
"Điều hòa lừa đảo, bóc phốt ngay",KÍCH ĐỘNG,CHỬI BỚI,0.9203
Wifi ngu như l*n,CHỬI BỚI,KÍCH ĐỘNG,0.8416
ngu vãi Cái chỗ này làm ăn chán đời,CHỬI BỚI,KÍCH ĐỘNG,0.5764
Truy cập http://soicau76.com xem hàng,SPAM,SẠCH,0.9881
tiên sư Bọn nhân viên ngu không tả được,CHỬI BỚI,KÍCH ĐỘNG,0.9911
"Dịch vụ lừa đảo, đừng mua ngay",KÍCH ĐỘNG,SPAM,0.6166
Truy cập http://vay36.com xem hàng,SPAM,SẠCH,0.9893
Liên hệ 0530723252 để nhận quà,SPAM,SẠCH,0.9831
"Dịch vụ lừa đảo, tránh xa ngay",KÍCH ĐỘNG,REVIEW,0.641
Con chó của chủ quán lanh lợi quá,SẠCH,KÍCH ĐỘNG,0.9316
"Hệ thống tráo trở, tẩy chay ngay",KÍCH ĐỘNG,REVIEW,0.3714
đm Con mụ chủ ngu không tả được,CHỬI BỚI,KÍCH ĐỘNG,0.9869
CSKH thối như chó,CHỬI BỚI,KÍCH ĐỘNG,0.945
tổ cha Khách sạn dẹp tiệm đi,CHỬI BỚI,REVIEW,0.4835
"Khách sạn lừa đảo, dối trá ngay",KÍCH ĐỘNG,CHỬI BỚI,0.9182
"Ship hàng lừa đảo, báo công an ngay",KÍCH ĐỘNG,REVIEW,0.5011
"Phục vụ tráo trở, report ngay",KÍCH ĐỘNG,SẠCH,0.9741
CSKH dơ dáy,CHỬI BỚI,KÍCH ĐỘNG,0.9018
"Điều hòa gian manh, cẩn thận bị lừa ngay",KÍCH ĐỘNG,CHỬI BỚI,0.6956
Truy cập http://vay25.com xem hàng,SPAM,SẠCH,0.9886
Tư vấn 0693193621 để nhận quà,SPAM,SẠCH,0.9914
Truy cập http://soicau10.com nhận khuyến mãi,SPAM,SẠCH,0.9909
Nhắn tin 0911493172 để tư vấn,SPAM,SẠCH,0.9785
Truy cập http://vay35.com xem hàng,SPAM,SẠCH,0.9907
Thằng quản lý thối như cứt,CHỬI BỚI,KÍCH ĐỘNG,0.9913
Hỗ trợ 0988929735 để tư vấn,SPAM,SẠCH,0.8725
"Ship hàng gian manh, đừng mua ngay",KÍCH ĐỘNG,SẠCH,0.8637
Truy cập http://vay59.com xem hàng,SPAM,SẠCH,0.99
Con cún của chủ quán lanh lợi lắm,SẠCH,KÍCH ĐỘNG,0.5339
Chủ shop ngu như bò,CHỬI BỚI,KÍCH ĐỘNG,0.9727
đm Lễ tân làm ăn chán đời,CHỬI BỚI,KÍCH ĐỘNG,0.6658
"Wifi gian manh, làm ăn bố láo ngay",KÍCH ĐỘNG,CHỬI BỚI,0.6565
Bác bảo vệ cực kỳ xịn sò thực sự,SẠCH,KÍCH ĐỘNG,0.7434
"Thái độ tráo trở, đừng mua ngay",KÍCH ĐỘNG,SẠCH,0.877
Hỗ trợ 0896615268 để kết bạn,SPAM,REVIEW,0.6299
tổ cha Thái độ biến đi,CHỬI BỚI,KÍCH ĐỘNG,0.7603
Con cún của chủ quán ngoan lắm,SẠCH,REVIEW,0.4545
Ib ngay 0690588610 để tư vấn,SPAM,SẠCH,0.983
Hệ thống chán như cứt,CHỬI BỚI,KÍCH ĐỘNG,0.6832
Liên hệ 0893522510 để nhận quà,SPAM,SẠCH,0.9889
Truy cập http://sex34.com xem hàng,SPAM,SẠCH,0.9682
óc chó Ship hàng biến đi,CHỬI BỚI,KÍCH ĐỘNG,0.9209
"Hệ thống gian manh, đừng mua ngay",KÍCH ĐỘNG,REVIEW,0.4358
Hotline 0488974549 để tư vấn,SPAM,SẠCH,0.8568
Con chó của chủ quán thông minh quá,SẠCH,KÍCH ĐỘNG,0.9541
Nhân viên nhìn chuyên nghiệp thực sự,SẠCH,SPAM,0.9674
Cách bài trí rất xịn sò ạ,SẠCH,KÍCH ĐỘNG,0.8765
Chủ quán hơi bị đẳng cấp nhé,SẠCH,REVIEW,0.5113
Con mụ chủ nhìn như đống phân,CHỬI BỚI,KÍCH ĐỘNG,0.9803
Anh chủ vô cùng xịn sò ạ,SẠCH,KÍCH ĐỘNG,0.8294
Tư vấn 0843360926 để kết bạn,SPAM,SẠCH,0.77
"Thái độ gian manh, dối trá ngay",KÍCH ĐỘNG,CHỬI BỚI,0.9081
"Thái độ lừa đảo, bóc phốt ngay",KÍCH ĐỘNG,CHỬI BỚI,0.9298
Thái độ tệ như cc,CHỬI BỚI,KÍCH ĐỘNG,0.804
Truy cập http://soicau16.com xem hàng,SPAM,SẠCH,0.9892
mất dạy Cách làm ăn ngu không tả được,CHỬI BỚI,KÍCH ĐỘNG,0.95
Truy cập http://soicau14.com nhận 100k,SPAM,SẠCH,0.9858
Truy cập http://soicau15.com nhận khuyến mãi,SPAM,SẠCH,0.9902
Thằng quản lý nhìn như hạch,CHỬI BỚI,KÍCH ĐỘNG,0.9859
Quán này thối như hạch,CHỬI BỚI,KÍCH ĐỘNG,0.567
tiên sư CSKH dẹp tiệm đi,CHỬI BỚI,KÍCH ĐỘNG,0.7311
Con mụ chủ ngu như quần què,CHỬI BỚI,KÍCH ĐỘNG,0.9883
CSKH ngu như cc,CHỬI BỚI,KÍCH ĐỘNG,0.9876
"Cái chỗ này gian manh, treo đầu dê bán thịt chó ngay",KÍCH ĐỘNG,REVIEW,0.5433
Con mụ chủ nhìn như cc,CHỬI BỚI,KÍCH ĐỘNG,0.9756
"Điều hòa gian manh, đừng mua ngay",KÍCH ĐỘNG,SẠCH,0.9096
Thái độ thối như cc,CHỬI BỚI,KÍCH ĐỘNG,0.7471
Hệ thống ngu như cứt,CHỬI BỚI,KÍCH ĐỘNG,0.9676
óc chó Hệ thống biến đi,CHỬI BỚI,KÍCH ĐỘNG,0.9865
Món ăn thối như lợn,CHỬI BỚI,SẠCH,0.8064
Chủ shop phục vụ như bò,CHỬI BỚI,KÍCH ĐỘNG,0.8612
Hotline 0757544291 để tư vấn,SPAM,SẠCH,0.9397
Truy cập http://soicau71.com xem hàng,SPAM,SẠCH,0.99
Con chó nhà này dễ thương lắm,SẠCH,KÍCH ĐỘNG,0.8811
óc chó Chủ shop dẹp tiệm đi,CHỬI BỚI,KÍCH ĐỘNG,0.9463
bố láo Hệ thống biến đi,CHỬI BỚI,KÍCH ĐỘNG,0.9452
Con mụ chủ như đầu bùi,CHỬI BỚI,KÍCH ĐỘNG,0.9788
Truy cập http://vay50.com nhận khuyến mãi,SPAM,SẠCH,0.9907
Hệ thống tệ như bò,CHỬI BỚI,KÍCH ĐỘNG,0.9524
Con mụ chủ chán như l*n,CHỬI BỚI,KÍCH ĐỘNG,0.9839
Truy cập http://soicau77.com nhận 100k,SPAM,SẠCH,0.9835
ngu vãi CSKH ngu không tả được,CHỬI BỚI,KÍCH ĐỘNG,0.9493
Zalo 0618339183 để tư vấn,SPAM,REVIEW,0.6153
Bọn nhân viên bẩn như bẹn,CHỬI BỚI,KÍCH ĐỘNG,0.9868
Nhà vệ sinh tệ như bò,CHỬI BỚI,KÍCH ĐỘNG,0.9023
khốn nạn CSKH làm ăn chán đời,CHỬI BỚI,KÍCH ĐỘNG,0.9202
Truy cập http://soicau69.com nhận khuyến mãi,SPAM,SẠCH,0.9878
"Nhà vệ sinh lừa đảo, tẩy chay ngay",KÍCH ĐỘNG,CHỬI BỚI,0.5981
"Cái chỗ này gian manh, bóc phốt ngay",KÍCH ĐỘNG,REVIEW,0.5298
tổ cha Chủ shop làm ăn chán đời,CHỬI BỚI,KÍCH ĐỘNG,0.6656
Nhắn tin 0619701008 để nhận quà,SPAM,SẠCH,0.9946
Con chó của chủ quán cưng xỉu quá,SẠCH,KÍCH ĐỘNG,0.987
Con chó của chủ quán hiền khô quá,SẠCH,KÍCH ĐỘNG,0.9616
"Quán này tráo trở, gian dối ngay",KÍCH ĐỘNG,CHỬI BỚI,0.6838
Truy cập http://vay88.com nhận khuyến mãi,SPAM,SẠCH,0.9682
Thằng quản lý chán như chó,CHỬI BỚI,KÍCH ĐỘNG,0.9591
"Phục vụ lừa đảo, report ngay",KÍCH ĐỘNG,REVIEW,0.5048
tổ cha Phục vụ ngu không tả được,CHỬI BỚI,KÍCH ĐỘNG,0.9842
óc chó Khách sạn ngu không tả được,CHỬI BỚI,KÍCH ĐỘNG,0.9859
Hotline 0559836613 để nhận quà,SPAM,SẠCH,0.9805
bố láo Thái độ dẹp tiệm đi,CHỬI BỚI,KÍCH ĐỘNG,0.835
Hotline 0379451837 để kết bạn,SPAM,SẠCH,0.9541
"Hệ thống tráo trở, report ngay",KÍCH ĐỘNG,SPAM,0.6827
Mọi người báo công an cái quán này nhé,KÍCH ĐỘNG,SẠCH,0.8972
Truy cập http://vay32.com xem hàng,SPAM,SẠCH,0.9888
Hotline 0735358164 để kết bạn,SPAM,SẠCH,0.9511
bố láo Con mụ chủ ngu không tả được,CHỬI BỚI,KÍCH ĐỘNG,0.9888
Con chó nhà này quấn người quá,SẠCH,KÍCH ĐỘNG,0.9759
"Quán này tráo trở, cẩn thận bị lừa ngay",KÍCH ĐỘNG,REVIEW,0.5242
Nhân viên siêu lung linh!,SẠCH,SPAM,0.7904
"Quán này lừa đảo, kiện ngay",KÍCH ĐỘNG,CHỬI BỚI,0.5673
Con mụ chủ chảnh chó,CHỬI BỚI,KÍCH ĐỘNG,0.9831
"Món ăn tráo trở, báo công an ngay",KÍCH ĐỘNG,SẠCH,0.9828
Liên hệ 0651156959 để nhận quà,SPAM,SẠCH,0.9834
mất dạy CSKH làm ăn chán đời,CHỬI BỚI,KÍCH ĐỘNG,0.8931
"Dịch vụ gian manh, treo đầu dê bán thịt chó ngay",KÍCH ĐỘNG,CHỬI BỚI,0.8469
Thằng quản lý tệ như cc,CHỬI BỚI,KÍCH ĐỘNG,0.9913
Hotline 0467884447 để nhận quà,SPAM,SẠCH,0.9701
Chủ shop ngu như quần què,CHỬI BỚI,KÍCH ĐỘNG,0.8989
Con mụ chủ thối như bò,CHỬI BỚI,KÍCH ĐỘNG,0.9858
"Dịch vụ lừa đảo, báo công an ngay",KÍCH ĐỘNG,SPAM,0.8907
Hệ thống ngu như đầu bùi,CHỬI BỚI,KÍCH ĐỘNG,0.9605
Chủ shop dơ dáy,CHỬI BỚI,KÍCH ĐỘNG,0.841
mất dạy Quán này làm ăn chán đời,CHỬI BỚI,KÍCH ĐỘNG,0.8758
CSKH dở như cc,CHỬI BỚI,KÍCH ĐỘNG,0.8816
Truy cập http://vay71.com nhận 100k,SPAM,SẠCH,0.9868
Quán này bẩn như bò,CHỬI BỚI,KÍCH ĐỘNG,0.8397
mẹ kiếp Thằng quản lý dẹp tiệm đi,CHỬI BỚI,KÍCH ĐỘNG,0.9777
Thằng quản lý vãi đái,CHỬI BỚI,KÍCH ĐỘNG,0.9873
Điều hòa ngu như cứt,CHỬI BỚI,KÍCH ĐỘNG,0.7946
Cái chỗ này tệ như c*c,CHỬI BỚI,KÍCH ĐỘNG,0.5555
"Khách sạn lừa đảo, tẩy chay ngay",KÍCH ĐỘNG,CHỬI BỚI,0.8145
Chủ shop thối như cứt,CHỬI BỚI,KÍCH ĐỘNG,0.7727
Truy cập http://soicau85.com nhận khuyến mãi,SPAM,SẠCH,0.9919
Thái độ phục vụ như cứt,CHỬI BỚI,KÍCH ĐỘNG,0.6817
tiên sư Hệ thống biến đi,CHỬI BỚI,SẠCH,0.9877
tiên sư Bọn nhân viên dẹp tiệm đi,CHỬI BỚI,REVIEW,0.3938
"Chủ shop lừa đảo, treo đầu dê bán thịt chó ngay",KÍCH ĐỘNG,CHỬI BỚI,0.8546
Truy cập http://vay87.com nhận 100k,SPAM,SẠCH,0.9882
"Quán này gian manh, treo đầu dê bán thịt chó ngay",KÍCH ĐỘNG,CHỬI BỚI,0.6413
"Phục vụ gian manh, treo đầu dê bán thịt chó ngay",KÍCH ĐỘNG,CHỬI BỚI,0.8149
Hỗ trợ 0610132412 để tư vấn,SPAM,SẠCH,0.9207
óc chó Điều hòa biến đi,CHỬI BỚI,KÍCH ĐỘNG,0.9862
Truy cập http://sex64.com nhận khuyến mãi,SPAM,SẠCH,0.9668
"Lễ tân tráo trở, đừng mua ngay",KÍCH ĐỘNG,SẠCH,0.9935
Truy cập http://vay77.com nhận 100k,SPAM,SẠCH,0.9853
"Hệ thống lừa đảo, tẩy chay ngay",KÍCH ĐỘNG,REVIEW,0.4673
Ib ngay 0438719714 để tư vấn,SPAM,SẠCH,0.9911
Dịch vụ phục vụ như đầu bùi,CHỬI BỚI,REVIEW,0.4597
Nhân viên thực sự tốt thực sự,SẠCH,SPAM,0.9024
Con mụ chủ bẩn như cc,CHỬI BỚI,KÍCH ĐỘNG,0.9846
"Quán này lừa đảo, báo công an ngay",KÍCH ĐỘNG,CHỬI BỚI,0.5966
CSKH thối như shit,CHỬI BỚI,KÍCH ĐỘNG,0.925
Con mụ chủ ngu như shit,CHỬI BỚI,KÍCH ĐỘNG,0.99
Thằng quản lý làm ăn như hạch,CHỬI BỚI,KÍCH ĐỘNG,0.9885
"Món ăn lừa đảo, treo đầu dê bán thịt chó ngay",KÍCH ĐỘNG,CHỬI BỚI,0.9314
Nhà vệ sinh ngu như shit,CHỬI BỚI,KÍCH ĐỘNG,0.6224
Thằng quản lý nhìn như chó,CHỬI BỚI,KÍCH ĐỘNG,0.9449
óc chó Wifi dẹp tiệm đi,CHỬI BỚI,KÍCH ĐỘNG,0.9442
"Khách sạn gian manh, gian dối ngay",KÍCH ĐỘNG,CHỬI BỚI,0.9324
bố láo Cái chỗ này dẹp tiệm đi,CHỬI BỚI,KÍCH ĐỘNG,0.8267
Nhân viên thực sự chu đáo nhé,SẠCH,SPAM,0.7898
Các bạn đừng bao giờ đến quán này,KÍCH ĐỘNG,SẠCH,0.97
Thằng quản lý chán như bò,CHỬI BỚI,KÍCH ĐỘNG,0.9908
tổ cha Dịch vụ dẹp tiệm đi,CHỬI BỚI,REVIEW,0.4076
tiên sư Lễ tân dẹp tiệm đi,CHỬI BỚI,SẠCH,0.9502
"Chủ shop tráo trở, gian dối ngay",KÍCH ĐỘNG,CHỬI BỚI,0.7814
Wifi phục vụ như shit,CHỬI BỚI,REVIEW,0.6039
mất dạy Thằng quản lý làm ăn chán đời,CHỬI BỚI,KÍCH ĐỘNG,0.9563
óc chó Hệ thống làm ăn chán đời,CHỬI BỚI,KÍCH ĐỘNG,0.9908
Bọn nhân viên tệ như rác rưởi,CHỬI BỚI,KÍCH ĐỘNG,0.8534
Bọn nhân viên phục vụ như l*n,CHỬI BỚI,KÍCH ĐỘNG,0.9248
khốn nạn CSKH ngu không tả được,CHỬI BỚI,KÍCH ĐỘNG,0.9873
Thái độ dở như cứt,CHỬI BỚI,KÍCH ĐỘNG,0.7662
Truy cập http://vay18.com nhận khuyến mãi,SPAM,SẠCH,0.9899
"Điều hòa tráo trở, gian dối ngay",KÍCH ĐỘNG,CHỬI BỚI,0.6425
Thái độ làm ăn như c*c,CHỬI BỚI,KÍCH ĐỘNG,0.6967
óc chó Phục vụ dẹp tiệm đi,CHỬI BỚI,KÍCH ĐỘNG,0.8575
Bọn nhân viên chán như chó,CHỬI BỚI,KÍCH ĐỘNG,0.9391
óc chó Nhà vệ sinh biến đi,CHỬI BỚI,KÍCH ĐỘNG,0.9605
Dịch vụ ngu như bò,CHỬI BỚI,KÍCH ĐỘNG,0.9315
"Hệ thống tráo trở, treo đầu dê bán thịt chó ngay",KÍCH ĐỘNG,CHỬI BỚI,0.8205
Mọi người đòi lại tiền cái chỗ này nhé,KÍCH ĐỘNG,SẠCH,0.6794
Cái chỗ này láo toét,CHỬI BỚI,KÍCH ĐỘNG,0.5055
"Phục vụ gian manh, report ngay",KÍCH ĐỘNG,SẠCH,0.7243
"Wifi tráo trở, đòi lại tiền ngay",KÍCH ĐỘNG,SẠCH,0.8821
"Quán này gian manh, báo công an ngay",KÍCH ĐỘNG,REVIEW,0.441
Con mụ chủ làm ăn như chó,CHỬI BỚI,KÍCH ĐỘNG,0.9884
Quán này ngu như hạch,CHỬI BỚI,KÍCH ĐỘNG,0.9468
Nhắn tin 0740413655 để tư vấn,SPAM,SẠCH,0.9644
"Cách làm ăn gian manh, gian dối ngay",KÍCH ĐỘNG,CHỬI BỚI,0.7472
Call 0583470392 để nhận quà,SPAM,SẠCH,0.9942
"Thái độ lừa đảo, đừng mua ngay",KÍCH ĐỘNG,CHỬI BỚI,0.5827
Liên hệ 0848148416 để kết bạn,SPAM,SẠCH,0.9859
Thằng quản lý ngu như bò,CHỬI BỚI,KÍCH ĐỘNG,0.9925
Alo 0360793827 để kết bạn,SPAM,SẠCH,0.9912
Nhân viên tương đối tuyệt vời!,SẠCH,SPAM,0.7268
mẹ kiếp CSKH biến đi,CHỬI BỚI,KÍCH ĐỘNG,0.9245
Thằng quản lý chán như cc,CHỬI BỚI,KÍCH ĐỘNG,0.9905
Hỗ trợ 0688526807 để tư vấn,SPAM,SẠCH,0.8776
Bọn nhân viên nhìn như cc,CHỬI BỚI,KÍCH ĐỘNG,0.9555
Call 0461496245 để tư vấn,SPAM,SẠCH,0.971
Call 0847503549 để nhận quà,SPAM,SẠCH,0.9937
"Ship hàng gian manh, đòi lại tiền ngay",KÍCH ĐỘNG,CHỬI BỚI,0.6985
Truy cập http://vay32.com nhận 100k,SPAM,SẠCH,0.9814
Truy cập http://soicau93.com xem hàng,SPAM,SẠCH,0.9897
"Nhà vệ sinh gian manh, đừng mua ngay",KÍCH ĐỘNG,SẠCH,0.6686
"Wifi tráo trở, cẩn thận bị lừa ngay",KÍCH ĐỘNG,SẠCH,0.8617
"Nhà vệ sinh tráo trở, báo công an ngay",KÍCH ĐỘNG,CHỬI BỚI,0.7159
Con cún nhà này thông minh ghê,SẠCH,KÍCH ĐỘNG,0.5459
Lễ tân ngu như cc,CHỬI BỚI,KÍCH ĐỘNG,0.9563
Call 0393299124 để tư vấn,SPAM,SẠCH,0.9634
Truy cập http://sex91.com xem hàng,SPAM,SẠCH,0.9793
"Nhà vệ sinh lừa đảo, đừng mua ngay",KÍCH ĐỘNG,REVIEW,0.4872
Con mụ chủ dở như bò,CHỬI BỚI,KÍCH ĐỘNG,0.9807
Con cún của chủ quán quấn người quá,SẠCH,REVIEW,0.4379
"Món ăn gian manh, bóc phốt ngay",KÍCH ĐỘNG,CHỬI BỚI,0.8953
Truy cập http://sex32.com nhận khuyến mãi,SPAM,SẠCH,0.9416
Nước nóng phải nói là sang chảnh!,SẠCH,CHỬI BỚI,0.7115
Alo 0851118497 để kết bạn,SPAM,SẠCH,0.9948
Truy cập http://soicau32.com xem hàng,SPAM,SẠCH,0.9866
CSKH tệ như chó,CHỬI BỚI,KÍCH ĐỘNG,0.6258
"Wifi tráo trở, dối trá ngay",KÍCH ĐỘNG,CHỬI BỚI,0.752
CSKH ngu như chó,CHỬI BỚI,KÍCH ĐỘNG,0.9669
Cô lao công cảm thấy xịn sò lắm luôn,SẠCH,REVIEW,0.6163
tổ cha Ship hàng làm ăn chán đời,CHỬI BỚI,KÍCH ĐỘNG,0.8478
Con mụ chủ như rác rưởi,CHỬI BỚI,KÍCH ĐỘNG,0.9868
Truy cập http://sex71.com nhận 100k,SPAM,SẠCH,0.9753
Mọi người lừa đảo cái chỗ này nhé,KÍCH ĐỘNG,CHỬI BỚI,0.6998
Điều hòa ngu như c*c,CHỬI BỚI,KÍCH ĐỘNG,0.756
"Phục vụ tráo trở, treo đầu dê bán thịt chó ngay",KÍCH ĐỘNG,CHỬI BỚI,0.8381
tổ cha Cái chỗ này làm ăn chán đời,CHỬI BỚI,KÍCH ĐỘNG,0.9478
Nhân viên tương đối xịn sò!,SẠCH,KÍCH ĐỘNG,0.8381
"Khách sạn tráo trở, kiện ngay",KÍCH ĐỘNG,SẠCH,0.8333
Bọn nhân viên chán như l*n,CHỬI BỚI,KÍCH ĐỘNG,0.9754
Cách làm ăn ngu như cứt,CHỬI BỚI,KÍCH ĐỘNG,0.9216
Hệ thống làm ăn như bò,CHỬI BỚI,KÍCH ĐỘNG,0.9347
Wifi phục vụ như bò,CHỬI BỚI,KÍCH ĐỘNG,0.6
Truy cập http://soicau28.com nhận 100k,SPAM,SẠCH,0.9833
Liên hệ 0591197644 để kết bạn,SPAM,SẠCH,0.9897
ngu vãi Hệ thống làm ăn chán đời,CHỬI BỚI,REVIEW,0.5469
Bọn nhân viên bẩn như cứt,CHỬI BỚI,KÍCH ĐỘNG,0.9892
Tiện nghi hơi bị xịn sò <3,SẠCH,CHỬI BỚI,0.8339
Hotline 0722604033 để kết bạn,SPAM,SẠCH,0.9592
Cách làm ăn chán như bò,CHỬI BỚI,KÍCH ĐỘNG,0.8928
Nhân viên nhìn tốt thực sự,SẠCH,SPAM,0.9502
Zalo 0583934278 để nhận quà,SPAM,SẠCH,0.8882
"Lễ tân lừa đảo, cẩn thận bị lừa ngay",KÍCH ĐỘNG,CHỬI BỚI,0.57
"Điều hòa lừa đảo, đòi lại tiền ngay",KÍCH ĐỘNG,SPAM,0.8753
Thằng quản lý dở như rác rưởi,CHỬI BỚI,KÍCH ĐỘNG,0.9814
Nhắn tin 0951691372 để tư vấn,SPAM,SẠCH,0.9668
Hệ thống phục vụ như đầu bùi,CHỬI BỚI,REVIEW,0.4992
mẹ kiếp Quán này làm ăn chán đời,CHỬI BỚI,KÍCH ĐỘNG,0.9074
Ib ngay 0957319284 để nhận quà,SPAM,SẠCH,0.9915
"Cách làm ăn gian manh, report ngay",KÍCH ĐỘNG,SẠCH,0.8024
CSKH thối như cc,CHỬI BỚI,KÍCH ĐỘNG,0.9625
Thái độ làm ăn như đầu bùi,CHỬI BỚI,KÍCH ĐỘNG,0.8469
Chủ shop bẩn như c*c,CHỬI BỚI,KÍCH ĐỘNG,0.8425
Call 0467152763 để nhận quà,SPAM,SẠCH,0.9945
Ib ngay 0780419282 để kết bạn,SPAM,SẠCH,0.9881
"Món ăn lừa đảo, đòi lại tiền ngay",KÍCH ĐỘNG,CHỬI BỚI,0.8343
Liên hệ 0987413737 để nhận quà,SPAM,SẠCH,0.9899
Truy cập http://vay60.com nhận khuyến mãi,SPAM,SẠCH,0.9907
"Điều hòa gian manh, báo công an ngay",KÍCH ĐỘNG,SẠCH,0.925
Thằng quản lý tệ như c*c,CHỬI BỚI,KÍCH ĐỘNG,0.9913
"Thái độ lừa đảo, tránh xa ngay",KÍCH ĐỘNG,CHỬI BỚI,0.5729
"Wifi tráo trở, treo đầu dê bán thịt chó ngay",KÍCH ĐỘNG,CHỬI BỚI,0.7826
Nhắn tin 0689079153 để kết bạn,SPAM,SẠCH,0.9913
mất dạy Cái chỗ này biến đi,CHỬI BỚI,KÍCH ĐỘNG,0.5511
Truy cập http://vay39.com nhận 100k,SPAM,SẠCH,0.9863
Cái chỗ này ngu như quần què,CHỬI BỚI,KÍCH ĐỘNG,0.9512
mất dạy Bọn nhân viên ngu không tả được,CHỬI BỚI,KÍCH ĐỘNG,0.9904
tổ cha Hệ thống làm ăn chán đời,CHỬI BỚI,KÍCH ĐỘNG,0.9398
tổ cha Món ăn dẹp tiệm đi,CHỬI BỚI,REVIEW,0.4346
óc chó CSKH biến đi,CHỬI BỚI,KÍCH ĐỘNG,0.9911
"Thái độ tráo trở, dối trá ngay",KÍCH ĐỘNG,CHỬI BỚI,0.8685
Món ăn phục vụ như đầu bùi,CHỬI BỚI,SẠCH,0.7945
Truy cập http://sex36.com nhận 100k,SPAM,SẠCH,0.9646
Truy cập http://soicau52.com nhận 100k,SPAM,SẠCH,0.9789
"Cái chỗ này lừa đảo, gian dối ngay",KÍCH ĐỘNG,CHỬI BỚI,0.9347
Con mụ chủ phục vụ như bẹn,CHỬI BỚI,KÍCH ĐỘNG,0.8875
óc chó Cách làm ăn dẹp tiệm đi,CHỬI BỚI,KÍCH ĐỘNG,0.9673
Alo 0877925531 để kết bạn,SPAM,SẠCH,0.9946
Con mụ chủ láo toét,CHỬI BỚI,KÍCH ĐỘNG,0.9667
Call 0817470205 để kết bạn,SPAM,SẠCH,0.9895
Điều hòa tệ như shit,CHỬI BỚI,SẠCH,0.7753
Hotline 0420322605 để kết bạn,SPAM,SẠCH,0.9661
"Chủ shop lừa đảo, lừa đảo ngay",KÍCH ĐỘNG,CHỬI BỚI,0.8333
"Hệ thống gian manh, kiện ngay",KÍCH ĐỘNG,CHỬI BỚI,0.5776
khốn nạn Nhà vệ sinh ngu không tả được,CHỬI BỚI,REVIEW,0.5193
Thằng quản lý dơ dáy,CHỬI BỚI,KÍCH ĐỘNG,0.992
Ib ngay 0879986990 để tư vấn,SPAM,SẠCH,0.9223
Nhắn tin 0735404241 để kết bạn,SPAM,SẠCH,0.9865
Phục vụ ngu như cc,CHỬI BỚI,KÍCH ĐỘNG,0.902
Quán này dở như bò,CHỬI BỚI,KÍCH ĐỘNG,0.8138
chó chết Hệ thống biến đi,CHỬI BỚI,REVIEW,0.5322
Thái độ tệ như cứt,CHỬI BỚI,KÍCH ĐỘNG,0.6382
"Nhà vệ sinh gian manh, dối trá ngay",KÍCH ĐỘNG,CHỬI BỚI,0.6342
chó chết CSKH dẹp tiệm đi,CHỬI BỚI,KÍCH ĐỘNG,0.6001
"Ship hàng tráo trở, đòi lại tiền ngay",KÍCH ĐỘNG,REVIEW,0.6288
Thằng quản lý thối như bẹn,CHỬI BỚI,KÍCH ĐỘNG,0.9909
óc chó Bọn nhân viên biến đi,CHỬI BỚI,KÍCH ĐỘNG,0.9883
Cách làm ăn làm ăn như bò,CHỬI BỚI,KÍCH ĐỘNG,0.9085
Tư vấn 0936116712 để kết bạn,SPAM,SẠCH,0.8455
Truy cập http://sex53.com xem hàng,SPAM,SẠCH,0.9733
Bọn nhân viên làm ăn như hạch,CHỬI BỚI,KÍCH ĐỘNG,0.9833
óc chó Bọn nhân viên làm ăn chán đời,CHỬI BỚI,KÍCH ĐỘNG,0.9912
Tư vấn 0620844495 để nhận quà,SPAM,SẠCH,0.861
Hỗ trợ 0612298442 để tư vấn,SPAM,SẠCH,0.8422
Con mụ chủ thối hoắc,CHỬI BỚI,KÍCH ĐỘNG,0.9838
"Lễ tân lừa đảo, bóc phốt ngay",KÍCH ĐỘNG,CHỬI BỚI,0.8922
"Quán này lừa đảo, đừng mua ngay",KÍCH ĐỘNG,REVIEW,0.4777
Hệ thống ngu như rác rưởi,CHỬI BỚI,KÍCH ĐỘNG,0.6261
Thằng quản lý thối như đống phân,CHỬI BỚI,KÍCH ĐỘNG,0.9874
"Điều hòa gian manh, gian dối ngay",KÍCH ĐỘNG,CHỬI BỚI,0.8502
Bọn nhân viên chán như bò,CHỬI BỚI,KÍCH ĐỘNG,0.9869
chó chết CSKH ngu không tả được,CHỬI BỚI,KÍCH ĐỘNG,0.9819
Alo 0731099592 để kết bạn,SPAM,SẠCH,0.9931
"Điều hòa gian manh, bóc phốt ngay",KÍCH ĐỘNG,CHỬI BỚI,0.8978
Truy cập http://sex54.com xem hàng,SPAM,SẠCH,0.9709
tiên sư Hệ thống dẹp tiệm đi,CHỬI BỚI,SẠCH,0.9131
Truy cập http://sex24.com nhận khuyến mãi,SPAM,REVIEW,0.4985
Bọn nhân viên bẩn như shit,CHỬI BỚI,KÍCH ĐỘNG,0.9856
bố láo Điều hòa làm ăn chán đời,CHỬI BỚI,KÍCH ĐỘNG,0.673
CSKH thối như bò,CHỬI BỚI,KÍCH ĐỘNG,0.9896
Thái độ phục vụ như c*c,CHỬI BỚI,REVIEW,0.5294
Cái chỗ này làm ăn như cc,CHỬI BỚI,KÍCH ĐỘNG,0.6093
Con mụ chủ tệ như rác rưởi,CHỬI BỚI,KÍCH ĐỘNG,0.9891
Alo 0410208600 để nhận quà,SPAM,SẠCH,0.9958
"Phục vụ tráo trở, cẩn thận bị lừa ngay",KÍCH ĐỘNG,CHỬI BỚI,0.6467
tiên sư Hệ thống làm ăn chán đời,CHỬI BỚI,REVIEW,0.5025
mất dạy Con mụ chủ biến đi,CHỬI BỚI,KÍCH ĐỘNG,0.9824
bố láo Dịch vụ ngu không tả được,CHỬI BỚI,KÍCH ĐỘNG,0.9845
tiên sư Nhà vệ sinh ngu không tả được,CHỬI BỚI,KÍCH ĐỘNG,0.9891
Bọn nhân viên tệ như hạch,CHỬI BỚI,KÍCH ĐỘNG,0.9793
Dịch vụ làm ăn như quần què,CHỬI BỚI,REVIEW,0.5168
CSKH tệ như c*c,CHỬI BỚI,KÍCH ĐỘNG,0.5222
óc chó Quán này làm ăn chán đời,CHỬI BỚI,KÍCH ĐỘNG,0.9919
tổ cha Dịch vụ ngu không tả được,CHỬI BỚI,KÍCH ĐỘNG,0.9823
Điều hòa nhìn như shit,CHỬI BỚI,SẠCH,0.8246
Truy cập http://sex99.com nhận khuyến mãi,SPAM,SẠCH,0.7504
Anh em tránh xa shop này,KÍCH ĐỘNG,SẠCH,0.993
Quán này thối như bò,CHỬI BỚI,KÍCH ĐỘNG,0.8374
"Hệ thống tráo trở, tránh xa ngay",KÍCH ĐỘNG,SẠCH,0.9142
Truy cập http://sex82.com nhận khuyến mãi,SPAM,SẠCH,0.9386
Cái chỗ này chán như c*c,CHỬI BỚI,KÍCH ĐỘNG,0.5571
Thái độ dơ dáy,CHỬI BỚI,KÍCH ĐỘNG,0.5444
Ib ngay 0575819810 để kết bạn,SPAM,SẠCH,0.985
mẹ kiếp Bọn nhân viên dẹp tiệm đi,CHỬI BỚI,KÍCH ĐỘNG,0.903
"Thái độ gian manh, cạch mặt ngay",KÍCH ĐỘNG,CHỬI BỚI,0.6745
"Thái độ gian manh, gian dối ngay",KÍCH ĐỘNG,CHỬI BỚI,0.8271
Bọn nhân viên dở như cứt,CHỬI BỚI,KÍCH ĐỘNG,0.9884
Thái độ thối như đầu bùi,CHỬI BỚI,KÍCH ĐỘNG,0.8386
Mọi người gian dối cái chỗ này nhé,KÍCH ĐỘNG,CHỬI BỚI,0.6503
Cái chỗ này chán như bò,CHỬI BỚI,KÍCH ĐỘNG,0.9322
óc chó Món ăn ngu không tả được,CHỬI BỚI,KÍCH ĐỘNG,0.9881
Hotline 0540179330 để nhận quà,SPAM,SẠCH,0.9804
tổ cha Con mụ chủ ngu không tả được,CHỬI BỚI,KÍCH ĐỘNG,0.9831
"Quán này lừa đảo, treo đầu dê bán thịt chó ngay",KÍCH ĐỘNG,CHỬI BỚI,0.7277
Truy cập http://vay42.com nhận khuyến mãi,SPAM,SẠCH,0.9913
Chủ shop tệ như cứt,CHỬI BỚI,KÍCH ĐỘNG,0.6844
Lễ tân bẩn như l*n,CHỬI BỚI,KÍCH ĐỘNG,0.7672
Wifi ngu như đầu bùi,CHỬI BỚI,KÍCH ĐỘNG,0.9107
"Món ăn gian manh, cạch mặt ngay",KÍCH ĐỘNG,CHỬI BỚI,0.8567
Món ăn ngu như cứt,CHỬI BỚI,KÍCH ĐỘNG,0.5499
"Dịch vụ gian manh, dối trá ngay",KÍCH ĐỘNG,CHỬI BỚI,0.9047
Thằng quản lý phục vụ như cứt,CHỬI BỚI,KÍCH ĐỘNG,0.9872
Con mụ chủ như cc,CHỬI BỚI,KÍCH ĐỘNG,0.98
Thái độ thối như hạch,CHỬI BỚI,KÍCH ĐỘNG,0.8554
Con cún nhà này lanh lợi ghê,SẠCH,REVIEW,0.5977
"Phục vụ tráo trở, gian dối ngay",KÍCH ĐỘNG,CHỬI BỚI,0.9244
"Cái chỗ này gian manh, lừa đảo ngay",KÍCH ĐỘNG,CHỬI BỚI,0.8145
Call 0473671447 để kết bạn,SPAM,SẠCH,0.9888
Truy cập http://soicau99.com nhận 100k,SPAM,SẠCH,0.9826
Liên hệ 0716621973 để kết bạn,SPAM,SẠCH,0.9887
ngu vãi Bọn nhân viên ngu không tả được,CHỬI BỚI,KÍCH ĐỘNG,0.9716
"Ship hàng tráo trở, cạch mặt ngay",KÍCH ĐỘNG,REVIEW,0.6242
Ib ngay 0999708441 để nhận quà,SPAM,SẠCH,0.9386
Mọi người tránh xa cái shop này nhé,KÍCH ĐỘNG,SẠCH,0.9238
"Chủ shop lừa đảo, làm ăn bố láo ngay",KÍCH ĐỘNG,CHỬI BỚI,0.6523
Lễ tân phục vụ như shit,CHỬI BỚI,SẠCH,0.7457
Thằng quản lý như cc,CHỬI BỚI,KÍCH ĐỘNG,0.991
Lễ tân thối như cứt,CHỬI BỚI,REVIEW,0.4978
Thái độ phục vụ siêu xịn sò ạ,SẠCH,REVIEW,0.5408
"Cái chỗ này tráo trở, lừa đảo ngay",KÍCH ĐỘNG,CHỬI BỚI,0.7584
Wifi thối như bò,CHỬI BỚI,KÍCH ĐỘNG,0.5322
Bác bảo vệ vô cùng xịn sò :)),SẠCH,KÍCH ĐỘNG,0.8533
bố láo Khách sạn làm ăn chán đời,CHỬI BỚI,KÍCH ĐỘNG,0.9302
Nhà vệ sinh phục vụ như bò,CHỬI BỚI,KÍCH ĐỘNG,0.6542
Con mèo của chủ quán thông minh lắm,SẠCH,REVIEW,0.476
Con mụ chủ bẩn như bò,CHỬI BỚI,KÍCH ĐỘNG,0.982
Bọn nhân viên ngu như lợn,CHỬI BỚI,KÍCH ĐỘNG,0.9887
Ib ngay 0884758806 để tư vấn,SPAM,SẠCH,0.975
đm Bọn nhân viên biến đi,CHỬI BỚI,KÍCH ĐỘNG,0.8663
Tư vấn 0550845130 để tư vấn,SPAM,SẠCH,0.9892
Anh em tránh xa bọn này,KÍCH ĐỘNG,REVIEW,0.4973
bố láo Wifi biến đi,CHỬI BỚI,KÍCH ĐỘNG,0.8213
Con mụ chủ phục vụ như rác rưởi,CHỬI BỚI,KÍCH ĐỘNG,0.9701
Phục vụ thối hoắc,CHỬI BỚI,KÍCH ĐỘNG,0.5354
ngu vãi Con mụ chủ ngu không tả được,CHỬI BỚI,KÍCH ĐỘNG,0.9855
Món ăn ngu như c*c,CHỬI BỚI,KÍCH ĐỘNG,0.7053
Khách sạn phục vụ như bò,CHỬI BỚI,KÍCH ĐỘNG,0.6841
CSKH làm ăn như lợn,CHỬI BỚI,KÍCH ĐỘNG,0.5135
Bọn nhân viên tệ như cứt,CHỬI BỚI,KÍCH ĐỘNG,0.9837
Thái độ tệ như c*c,CHỬI BỚI,KÍCH ĐỘNG,0.804
Truy cập http://sex11.com xem hàng,SPAM,SẠCH,0.9764
Ib ngay 0536533425 để nhận quà,SPAM,SẠCH,0.9451
"Nhà vệ sinh gian manh, report ngay",KÍCH ĐỘNG,REVIEW,0.6316
Truy cập http://sex19.com xem hàng,SPAM,SẠCH,0.964
Cách làm ăn ngu như bẹn,CHỬI BỚI,KÍCH ĐỘNG,0.8413
"Cách làm ăn lừa đảo, đòi lại tiền ngay",KÍCH ĐỘNG,SPAM,0.9988
Cái chỗ này ngu như bò,CHỬI BỚI,KÍCH ĐỘNG,0.964
ngu vãi Con mụ chủ biến đi,CHỬI BỚI,KÍCH ĐỘNG,0.978
óc chó Phục vụ làm ăn chán đời,CHỬI BỚI,KÍCH ĐỘNG,0.9727
Con chó của chủ quán lanh lợi ghê,SẠCH,KÍCH ĐỘNG,0.8967
bố láo Ship hàng làm ăn chán đời,CHỬI BỚI,KÍCH ĐỘNG,0.9435
óc chó Cái chỗ này ngu không tả được,CHỬI BỚI,KÍCH ĐỘNG,0.9896
Hỗ trợ 0524235623 để tư vấn,SPAM,SẠCH,0.9038
Con mụ chủ chán như cc,CHỬI BỚI,KÍCH ĐỘNG,0.9847
tổ cha Thằng quản lý biến đi,CHỬI BỚI,KÍCH ĐỘNG,0.9867
"Lễ tân lừa đảo, lừa đảo ngay",KÍCH ĐỘNG,CHỬI BỚI,0.8779
"Lễ tân lừa đảo, tẩy chay ngay",KÍCH ĐỘNG,CHỬI BỚI,0.7952
CSKH phục vụ như bò,CHỬI BỚI,KÍCH ĐỘNG,0.9086
Con mèo nhà này quấn người quá,SẠCH,KÍCH ĐỘNG,0.6443
Con mụ chủ bẩn như hạch,CHỬI BỚI,KÍCH ĐỘNG,0.9844
"Món ăn lừa đảo, bóc phốt ngay",KÍCH ĐỘNG,CHỬI BỚI,0.9431
Liên hệ 0650419857 để nhận quà,SPAM,SẠCH,0.9918
Chủ shop ngu như lợn,CHỬI BỚI,KÍCH ĐỘNG,0.8945
Con cún của chủ quán hiền khô lắm,SẠCH,REVIEW,0.6011
"Wifi lừa đảo, report ngay",KÍCH ĐỘNG,SẠCH,0.6937
Truy cập http://sex23.com nhận 100k,SPAM,SẠCH,0.9674
Thằng quản lý như hạch,CHỬI BỚI,KÍCH ĐỘNG,0.9915
Quán này ngu như chó,CHỬI BỚI,KÍCH ĐỘNG,0.6853
Thằng quản lý dở như đầu bùi,CHỬI BỚI,KÍCH ĐỘNG,0.9916
tiên sư Thằng quản lý ngu không tả được,CHỬI BỚI,KÍCH ĐỘNG,0.9911
"Lễ tân gian manh, tránh xa ngay",KÍCH ĐỘNG,SẠCH,0.912
"Hệ thống gian manh, báo công an ngay",KÍCH ĐỘNG,CHỬI BỚI,0.6266
Liên hệ 0785092530 để tư vấn,SPAM,SẠCH,0.9108
Con mụ chủ bẩn thỉu,CHỬI BỚI,KÍCH ĐỘNG,0.9845
chó chết Con mụ chủ làm ăn chán đời,CHỬI BỚI,KÍCH ĐỘNG,0.9749
"Nhà vệ sinh tráo trở, treo đầu dê bán thịt chó ngay",KÍCH ĐỘNG,CHỬI BỚI,0.5884
Truy cập http://soicau86.com xem hàng,SPAM,SẠCH,0.9908
Con mụ chủ bẩn như shit,CHỬI BỚI,KÍCH ĐỘNG,0.9862
Truy cập http://vay78.com xem hàng,SPAM,SẠCH,0.99
"Thái độ gian manh, tránh xa ngay",KÍCH ĐỘNG,REVIEW,0.5
"Thái độ tráo trở, cạch mặt ngay",KÍCH ĐỘNG,CHỬI BỚI,0.619
Cách làm ăn ngu như rác rưởi,CHỬI BỚI,KÍCH ĐỘNG,0.5246
Con mụ chủ chán như đống phân,CHỬI BỚI,KÍCH ĐỘNG,0.9871
bố láo Cái chỗ này biến đi,CHỬI BỚI,KÍCH ĐỘNG,0.8885
vcl Bọn nhân viên ngu không tả được,CHỬI BỚI,KÍCH ĐỘNG,0.8994
Con mụ chủ dở như đống phân,CHỬI BỚI,KÍCH ĐỘNG,0.9863
Chị lễ tân hơi bị đẳng cấp!,SẠCH,REVIEW,0.4962
Con chó của chủ quán quấn người ghê,SẠCH,REVIEW,0.5261
CSKH như đống phân,CHỬI BỚI,KÍCH ĐỘNG,0.5616
mất dạy Thằng quản lý dẹp tiệm đi,CHỬI BỚI,KÍCH ĐỘNG,0.9808
Con mụ chủ làm ăn như hạch,CHỬI BỚI,KÍCH ĐỘNG,0.9895
Hotline 0745237445 để kết bạn,SPAM,SẠCH,0.8885
Call 0987301354 để tư vấn,SPAM,SẠCH,0.9782
Con mụ chủ ngu như đống phân,CHỬI BỚI,KÍCH ĐỘNG,0.9892
Bọn nhân viên thối như l*n,CHỬI BỚI,KÍCH ĐỘNG,0.9911
mẹ kiếp Cách làm ăn ngu không tả được,CHỬI BỚI,KÍCH ĐỘNG,0.9819
Con mụ chủ dở như cc,CHỬI BỚI,KÍCH ĐỘNG,0.9815
Ship hàng ngu như c*c,CHỬI BỚI,KÍCH ĐỘNG,0.7494
Call 0511770922 để kết bạn,SPAM,SẠCH,0.9901
Khách sạn nhìn như rác rưởi,CHỬI BỚI,REVIEW,0.4867
"Hệ thống tráo trở, báo công an ngay",KÍCH ĐỘNG,REVIEW,0.641
bố láo Hệ thống ngu không tả được,CHỬI BỚI,KÍCH ĐỘNG,0.9902
Truy cập http://sex16.com xem hàng,SPAM,SẠCH,0.9708
Điều hòa phục vụ như l*n,CHỬI BỚI,REVIEW,0.5348
Ib ngay 0952541799 để nhận quà,SPAM,SẠCH,0.9803
óc chó Hệ thống ngu không tả được,CHỬI BỚI,KÍCH ĐỘNG,0.9913
mất dạy Khách sạn ngu không tả được,CHỬI BỚI,KÍCH ĐỘNG,0.8696
"Wifi lừa đảo, cẩn thận bị lừa ngay",KÍCH ĐỘNG,CHỬI BỚI,0.6101
Cái chỗ này dở như hạch,CHỬI BỚI,KÍCH ĐỘNG,0.7186
Con chó của chủ quán dễ thương quá,SẠCH,REVIEW,0.4779
"Điều hòa lừa đảo, tránh xa ngay",KÍCH ĐỘNG,REVIEW,0.623
Bọn nhân viên phục vụ như rác rưởi,CHỬI BỚI,KÍCH ĐỘNG,0.7654
Truy cập http://vay74.com nhận khuyến mãi,SPAM,SẠCH,0.9925
Khách sạn bẩn như hạch,CHỬI BỚI,KÍCH ĐỘNG,0.5851
khốn nạn Wifi ngu không tả được,CHỬI BỚI,KÍCH ĐỘNG,0.5721
Truy cập http://soicau84.com nhận 100k,SPAM,SẠCH,0.9871
Ib ngay 0541153561 để nhận quà,SPAM,SẠCH,0.9917
óc chó Dịch vụ biến đi,CHỬI BỚI,KÍCH ĐỘNG,0.9672
Call 0990531691 để kết bạn,SPAM,SẠCH,0.9876
Hotline 0967948618 để kết bạn,SPAM,SẠCH,0.9571
Truy cập http://vay96.com xem hàng,SPAM,SẠCH,0.9916
Hotline 0858658651 để tư vấn,SPAM,SẠCH,0.9428
Thái độ làm ăn như cứt,CHỬI BỚI,KÍCH ĐỘNG,0.7475
Món ăn tệ như bò,CHỬI BỚI,KÍCH ĐỘNG,0.5224
"Điều hòa tráo trở, bóc phốt ngay",KÍCH ĐỘNG,REVIEW,0.5433
"Khách sạn lừa đảo, bóc phốt ngay",KÍCH ĐỘNG,CHỬI BỚI,0.8686
tiên sư Thằng quản lý biến đi,CHỬI BỚI,KÍCH ĐỘNG,0.9682
Truy cập http://soicau31.com nhận khuyến mãi,SPAM,SẠCH,0.9908
Truy cập http://sex63.com nhận 100k,SPAM,SẠCH,0.9749
Con mụ chủ như bò,CHỬI BỚI,KÍCH ĐỘNG,0.9792
Hotline 0860774466 để nhận quà,SPAM,SẠCH,0.9618
Thằng quản lý như cặc,CHỬI BỚI,KÍCH ĐỘNG,0.985
đm Điều hòa ngu không tả được,CHỬI BỚI,KÍCH ĐỘNG,0.6164
Con chó nhà này dễ thương quá,SẠCH,KÍCH ĐỘNG,0.9125
tiên sư Con mụ chủ ngu không tả được,CHỬI BỚI,KÍCH ĐỘNG,0.9821
Mọi người cẩn thận bị lừa cái chỗ này nhé,KÍCH ĐỘNG,SẠCH,0.7469
Tư vấn 0981835943 để nhận quà,SPAM,SẠCH,0.9581
Thái độ làm ăn như cc,CHỬI BỚI,KÍCH ĐỘNG,0.6967
bố láo Thái độ làm ăn chán đời,CHỬI BỚI,KÍCH ĐỘNG,0.9403
Con mụ chủ ngu như lợn,CHỬI BỚI,KÍCH ĐỘNG,0.9876
CSKH chảnh chó,CHỬI BỚI,KÍCH ĐỘNG,0.9789
Cả nhà tránh xa quán này,KÍCH ĐỘNG,SẠCH,0.698
Bọn nhân viên như c*c,CHỬI BỚI,KÍCH ĐỘNG,0.9838
"Dịch vụ lừa đảo, làm ăn bố láo ngay",KÍCH ĐỘNG,CHỬI BỚI,0.8637
Cái chỗ này thối như hạch,CHỬI BỚI,KÍCH ĐỘNG,0.6583
"Món ăn lừa đảo, tránh xa ngay",KÍCH ĐỘNG,REVIEW,0.5928
tổ cha Chủ shop dẹp tiệm đi,CHỬI BỚI,REVIEW,0.4901
Chủ shop làm ăn như bò,CHỬI BỚI,KÍCH ĐỘNG,0.9546
Truy cập http://vay69.com xem hàng,SPAM,SẠCH,0.9868
Truy cập http://vay49.com xem hàng,SPAM,SẠCH,0.9905
Lễ tân làm ăn như bò,CHỬI BỚI,KÍCH ĐỘNG,0.7829
"Hệ thống lừa đảo, báo công an ngay",KÍCH ĐỘNG,CHỬI BỚI,0.5766
Bọn nhân viên thối như bò,CHỬI BỚI,KÍCH ĐỘNG,0.9918
chó chết Thằng quản lý dẹp tiệm đi,CHỬI BỚI,KÍCH ĐỘNG,0.9209
Truy cập http://sex21.com nhận khuyến mãi,SPAM,SẠCH,0.9607
Truy cập http://sex41.com nhận khuyến mãi,SPAM,SẠCH,0.9667
óc chó Chủ shop ngu không tả được,CHỬI BỚI,KÍCH ĐỘNG,0.9899
"Chủ shop tráo trở, cẩn thận bị lừa ngay",KÍCH ĐỘNG,CHỬI BỚI,0.5658
óc chó Cái chỗ này dẹp tiệm đi,CHỬI BỚI,KÍCH ĐỘNG,0.9749
óc chó Món ăn dẹp tiệm đi,CHỬI BỚI,KÍCH ĐỘNG,0.686
Bọn nhân viên nhìn như l*n,CHỬI BỚI,KÍCH ĐỘNG,0.8956
"Cách làm ăn lừa đảo, gian dối ngay",KÍCH ĐỘNG,CHỬI BỚI,0.852
Hotline 0657837873 để tư vấn,SPAM,SẠCH,0.9365
"Dịch vụ tráo trở, làm ăn bố láo ngay",KÍCH ĐỘNG,CHỬI BỚI,0.6155
Con chó nhà này thông minh ghê,SẠCH,KÍCH ĐỘNG,0.9747
Chủ shop phục vụ như lợn,CHỬI BỚI,REVIEW,0.5088
óc chó Wifi ngu không tả được,CHỬI BỚI,KÍCH ĐỘNG,0.9911
Truy cập http://sex73.com nhận khuyến mãi,SPAM,SẠCH,0.9681
"Lễ tân lừa đảo, treo đầu dê bán thịt chó ngay",KÍCH ĐỘNG,CHỬI BỚI,0.9129
óc chó Cách làm ăn làm ăn chán đời,CHỬI BỚI,KÍCH ĐỘNG,0.9825
Con chó nhà này đáng yêu lắm,SẠCH,KÍCH ĐỘNG,0.7665
"Ship hàng gian manh, cẩn thận bị lừa ngay",KÍCH ĐỘNG,CHỬI BỚI,0.7175
Truy cập http://soicau83.com xem hàng,SPAM,SẠCH,0.9906
Truy cập http://vay19.com nhận khuyến mãi,SPAM,SẠCH,0.9919
Thái độ bẩn như l*n,CHỬI BỚI,KÍCH ĐỘNG,0.7432
Tư vấn 0917059039 để tư vấn,SPAM,SẠCH,0.9375
Cái chỗ này bẩn như c*c,CHỬI BỚI,KÍCH ĐỘNG,0.664
tiên sư Món ăn dẹp tiệm đi,CHỬI BỚI,SẠCH,0.9455
"Món ăn gian manh, làm ăn bố láo ngay",KÍCH ĐỘNG,CHỬI BỚI,0.676
"Wifi gian manh, cạch mặt ngay",KÍCH ĐỘNG,REVIEW,0.5414
Truy cập http://sex69.com xem hàng,SPAM,SẠCH,0.9764
Con cún nhà này cưng xỉu quá,SẠCH,KÍCH ĐỘNG,0.8772
Truy cập http://soicau62.com nhận khuyến mãi,SPAM,SẠCH,0.992
Bọn nhân viên bẩn như lợn,CHỬI BỚI,KÍCH ĐỘNG,0.9856
Thằng quản lý nhìn như rác rưởi,CHỬI BỚI,KÍCH ĐỘNG,0.9154
Thằng quản lý phục vụ như cc,CHỬI BỚI,KÍCH ĐỘNG,0.9882
Hệ thống bẩn như cứt,CHỬI BỚI,KÍCH ĐỘNG,0.7144
Hệ thống ngu như hạch,CHỬI BỚI,KÍCH ĐỘNG,0.9844
óc chó Thái độ biến đi,CHỬI BỚI,KÍCH ĐỘNG,0.9672
Alo 0687106442 để tư vấn,SPAM,SẠCH,0.9814
Hỗ trợ 0954786871 để tư vấn,SPAM,SẠCH,0.8426
Con mèo nhà này thông minh quá,SẠCH,KÍCH ĐỘNG,0.9125
Mọi người tránh xa cái quán này nhé,KÍCH ĐỘNG,SẠCH,0.8222
Bọn nhân viên làm ăn như cc,CHỬI BỚI,KÍCH ĐỘNG,0.9803
Con mèo của chủ quán ngoan quá,SẠCH,REVIEW,0.5399
Truy cập http://soicau26.com xem hàng,SPAM,SẠCH,0.9862
Liên hệ 0536073033 để nhận quà,SPAM,SẠCH,0.9782
chó chết Con mụ chủ dẹp tiệm đi,CHỬI BỚI,KÍCH ĐỘNG,0.9247
Cách làm ăn phục vụ như bẹn,CHỬI BỚI,SẠCH,0.6845
bố láo CSKH ngu không tả được,CHỬI BỚI,KÍCH ĐỘNG,0.9914
Chủ shop ngu như cc,CHỬI BỚI,KÍCH ĐỘNG,0.9601
óc chó Thằng quản lý làm ăn chán đời,CHỬI BỚI,KÍCH ĐỘNG,0.9916
ngu vãi Con mụ chủ làm ăn chán đời,CHỬI BỚI,KÍCH ĐỘNG,0.9813
Con mụ chủ làm ăn như shit,CHỬI BỚI,KÍCH ĐỘNG,0.9896
Wifi ngu như rác rưởi,CHỬI BỚI,KÍCH ĐỘNG,0.5334
Truy cập http://sex57.com nhận khuyến mãi,SPAM,SẠCH,0.8998
Hotline 0895777328 để tư vấn,SPAM,SẠCH,0.9406
CSKH làm ăn như rác rưởi,CHỬI BỚI,KÍCH ĐỘNG,0.5894
khốn nạn CSKH biến đi,CHỬI BỚI,KÍCH ĐỘNG,0.8918
Truy cập http://soicau90.com nhận khuyến mãi,SPAM,SẠCH,0.9909
"Điều hòa tráo trở, lừa đảo ngay",KÍCH ĐỘNG,CHỬI BỚI,0.8964
Truy cập http://sex53.com nhận khuyến mãi,SPAM,SẠCH,0.9658
Chủ shop bẩn như hạch,CHỬI BỚI,KÍCH ĐỘNG,0.5396
Bọn nhân viên láo toét,CHỬI BỚI,KÍCH ĐỘNG,0.9884
CSKH làm ăn như cứt,CHỬI BỚI,KÍCH ĐỘNG,0.9779
Anh em tránh xa quán này,KÍCH ĐỘNG,SẠCH,0.9864
bố láo Con mụ chủ làm ăn chán đời,CHỬI BỚI,KÍCH ĐỘNG,0.9861
Không gian trông xịn sò ạ,SẠCH,REVIEW,0.5517
"Cách làm ăn lừa đảo, bóc phốt ngay",KÍCH ĐỘNG,CHỬI BỚI,0.6566
Thằng quản lý nhìn như bò,CHỬI BỚI,KÍCH ĐỘNG,0.989
Hệ thống bẩn như đầu bùi,CHỬI BỚI,KÍCH ĐỘNG,0.8479
"Ship hàng tráo trở, lừa đảo ngay",KÍCH ĐỘNG,CHỬI BỚI,0.8895
"Hệ thống gian manh, report ngay",KÍCH ĐỘNG,CHỬI BỚI,0.5835
Truy cập http://vay95.com nhận 100k,SPAM,SẠCH,0.9874
Khách sạn ngu như hạch,CHỬI BỚI,KÍCH ĐỘNG,0.8786
Liên hệ 0458165501 để nhận quà,SPAM,SẠCH,0.9864
Hỗ trợ 0312711007 để tư vấn,SPAM,SẠCH,0.9335
"Phục vụ tráo trở, đòi lại tiền ngay",KÍCH ĐỘNG,CHỬI BỚI,0.6113
Mọi người đừng mua cái shop này nhé,KÍCH ĐỘNG,SẠCH,0.8635
Tư vấn 0389364402 để tư vấn,SPAM,SẠCH,0.8798
Hotline 0413848984 để kết bạn,SPAM,SẠCH,0.9706
"Thái độ lừa đảo, làm ăn bố láo ngay",KÍCH ĐỘNG,CHỬI BỚI,0.8773
"Thái độ lừa đảo, báo công an ngay",KÍCH ĐỘNG,CHỬI BỚI,0.7607
"Phục vụ gian manh, tránh xa ngay",KÍCH ĐỘNG,REVIEW,0.4808
"Phục vụ tráo trở, đừng mua ngay",KÍCH ĐỘNG,SẠCH,0.8284
Điều hòa như lợn,CHỬI BỚI,REVIEW,0.5321
Thằng quản lý tệ như đống phân,CHỬI BỚI,KÍCH ĐỘNG,0.9773
Truy cập http://vay34.com xem hàng,SPAM,SẠCH,0.9885
"Lễ tân tráo trở, dối trá ngay",KÍCH ĐỘNG,REVIEW,0.4958
óc chó Khách sạn biến đi,CHỬI BỚI,KÍCH ĐỘNG,0.9254
Nhân viên tương đối ổn áp ^^,SẠCH,SPAM,0.9957
đm Quán này làm ăn chán đời,CHỬI BỚI,KÍCH ĐỘNG,0.6232
CSKH thối như đầu bùi,CHỬI BỚI,KÍCH ĐỘNG,0.9885
Hỗ trợ 0538003532 để kết bạn,SPAM,SẠCH,0.838
Con mụ chủ phục vụ như lợn,CHỬI BỚI,KÍCH ĐỘNG,0.6697
"Dịch vụ gian manh, kiện ngay",KÍCH ĐỘNG,CHỬI BỚI,0.8419
Dịch vụ ngu như đống phân,CHỬI BỚI,REVIEW,0.5445
"Khách sạn lừa đảo, report ngay",KÍCH ĐỘNG,SPAM,0.9349
Món ăn làm ăn như bò,CHỬI BỚI,KÍCH ĐỘNG,0.7623
Cả nhà tránh xa shop này,KÍCH ĐỘNG,SẠCH,0.9355
"Thái độ tráo trở, tránh xa ngay",KÍCH ĐỘNG,SẠCH,0.7611
Con chó nhà này hiền khô quá,SẠCH,KÍCH ĐỘNG,0.9837
"Dịch vụ tráo trở, gian dối ngay",KÍCH ĐỘNG,CHỬI BỚI,0.936
Truy cập http://vay25.com nhận 100k,SPAM,SẠCH,0.9817
Khách sạn ngu như đầu bùi,CHỬI BỚI,KÍCH ĐỘNG,0.6901
Truy cập http://soicau70.com xem hàng,SPAM,SẠCH,0.9882
Bọn nhân viên dở như quần què,CHỬI BỚI,KÍCH ĐỘNG,0.9913
Truy cập http://sex75.com xem hàng,SPAM,SẠCH,0.9581
Anh em tẩy chay gấp shop này,KÍCH ĐỘNG,SẠCH,0.9575
"Dịch vụ lừa đảo, lừa đảo ngay",KÍCH ĐỘNG,CHỬI BỚI,0.8843
Ib ngay 0393787945 để tư vấn,SPAM,SẠCH,0.9838
Chủ shop như đầu bùi,CHỬI BỚI,KÍCH ĐỘNG,0.8615
bố láo Phục vụ dẹp tiệm đi,CHỬI BỚI,KÍCH ĐỘNG,0.8092
bố láo Điều hòa ngu không tả được,CHỬI BỚI,KÍCH ĐỘNG,0.9907
Chủ shop ngu như cứt,CHỬI BỚI,KÍCH ĐỘNG,0.9644
Con mụ chủ tệ như c*c,CHỬI BỚI,KÍCH ĐỘNG,0.9874
Truy cập http://sex92.com nhận 100k,SPAM,SẠCH,0.9712
"Điều hòa tráo trở, tránh xa ngay",KÍCH ĐỘNG,SẠCH,0.9651
Thái độ phục vụ vô cùng xịn sò lắm luôn,SẠCH,KÍCH ĐỘNG,0.8074
Thằng quản lý làm ăn như đống phân,CHỬI BỚI,KÍCH ĐỘNG,0.972
Con mụ chủ thối như đầu bùi,CHỬI BỚI,KÍCH ĐỘNG,0.9861
Tư vấn 0773717099 để nhận quà,SPAM,SẠCH,0.7813
Thằng quản lý phục vụ như chó,CHỬI BỚI,KÍCH ĐỘNG,0.9644
Con chó nhà này thông minh lắm,SẠCH,KÍCH ĐỘNG,0.987
"Hệ thống tráo trở, cẩn thận bị lừa ngay",KÍCH ĐỘNG,CHỬI BỚI,0.5799
Bọn nhân viên ngu như c*c,CHỬI BỚI,KÍCH ĐỘNG,0.9889
Con mụ chủ như lồn,CHỬI BỚI,KÍCH ĐỘNG,0.9823
tiên sư Khách sạn dẹp tiệm đi,CHỬI BỚI,SẠCH,0.9319
khốn nạn Wifi biến đi,CHỬI BỚI,REVIEW,0.5583
"Khách sạn lừa đảo, cẩn thận bị lừa ngay",KÍCH ĐỘNG,REVIEW,0.5486
Hệ thống ngu như quần què,CHỬI BỚI,KÍCH ĐỘNG,0.9466
Cái chỗ này ngu như l*n,CHỬI BỚI,KÍCH ĐỘNG,0.9604
mất dạy Wifi ngu không tả được,CHỬI BỚI,KÍCH ĐỘNG,0.9441
chó chết Cách làm ăn ngu không tả được,CHỬI BỚI,KÍCH ĐỘNG,0.8555
"Lễ tân gian manh, gian dối ngay",KÍCH ĐỘNG,CHỬI BỚI,0.8334
Nhân viên đặc biệt ổn áp.,SẠCH,SPAM,0.6156
"Phục vụ gian manh, dối trá ngay",KÍCH ĐỘNG,CHỬI BỚI,0.8283
Con chó nhà này thông minh quá,SẠCH,KÍCH ĐỘNG,0.9895
Nhắn tin 0871530532 để tư vấn,SPAM,SẠCH,0.9713
Ib ngay 0646708945 để nhận quà,SPAM,SẠCH,0.9903
"Wifi lừa đảo, báo công an ngay",KÍCH ĐỘNG,CHỬI BỚI,0.675
bố láo Con mụ chủ dẹp tiệm đi,CHỬI BỚI,KÍCH ĐỘNG,0.9563
Bọn nhân viên vãi đái,CHỬI BỚI,KÍCH ĐỘNG,0.8615
Thái độ ngu như đầu bùi,CHỬI BỚI,KÍCH ĐỘNG,0.9375
Bọn nhân viên như hạch,CHỬI BỚI,KÍCH ĐỘNG,0.988
Thái độ phục vụ nhìn xịn sò lắm luôn,SẠCH,REVIEW,0.475
"Dịch vụ tráo trở, lừa đảo ngay",KÍCH ĐỘNG,CHỬI BỚI,0.9241
mẹ kiếp Cái chỗ này ngu không tả được,CHỬI BỚI,KÍCH ĐỘNG,0.9744
CSKH nhìn như hạch,CHỬI BỚI,KÍCH ĐỘNG,0.8713
ngu vãi Con mụ chủ dẹp tiệm đi,CHỬI BỚI,KÍCH ĐỘNG,0.9464
Món ăn phục vụ như hạch,CHỬI BỚI,SẠCH,0.8778
Nhân viên thực sự xịn sò :)),SẠCH,REVIEW,0.385
Thằng quản lý dở như lợn,CHỬI BỚI,KÍCH ĐỘNG,0.9847
Tư vấn 0872379782 để tư vấn,SPAM,SẠCH,0.9231
khốn nạn Lễ tân ngu không tả được,CHỬI BỚI,KÍCH ĐỘNG,0.8691
Thằng quản lý bẩn như cc,CHỬI BỚI,KÍCH ĐỘNG,0.9918
"Lễ tân lừa đảo, gian dối ngay",KÍCH ĐỘNG,CHỬI BỚI,0.9443
tổ cha Cách làm ăn ngu không tả được,CHỬI BỚI,KÍCH ĐỘNG,0.9848
"Khách sạn gian manh, đừng mua ngay",KÍCH ĐỘNG,REVIEW,0.5398
"Lễ tân tráo trở, gian dối ngay",KÍCH ĐỘNG,REVIEW,0.6478
"Nhà vệ sinh gian manh, tránh xa ngay",KÍCH ĐỘNG,CHỬI BỚI,0.6678
Hotline 0324568665 để kết bạn,SPAM,SẠCH,0.9304
Bọn nhân viên như rác rưởi,CHỬI BỚI,KÍCH ĐỘNG,0.92
Truy cập http://sex37.com xem hàng,SPAM,SẠCH,0.9697
Con mụ chủ tệ như hạch,CHỬI BỚI,KÍCH ĐỘNG,0.9875
tiên sư Ship hàng ngu không tả được,CHỬI BỚI,KÍCH ĐỘNG,0.9511
Lễ tân hãm lờ,CHỬI BỚI,KÍCH ĐỘNG,0.812
tổ cha Điều hòa dẹp tiệm đi,CHỬI BỚI,REVIEW,0.5506
Con mụ chủ dở như quần què,CHỬI BỚI,KÍCH ĐỘNG,0.9845
Điều hòa phục vụ như shit,CHỬI BỚI,SẠCH,0.74
Thằng quản lý ngu như quần què,CHỬI BỚI,KÍCH ĐỘNG,0.9926
khốn nạn Con mụ chủ ngu không tả được,CHỬI BỚI,KÍCH ĐỘNG,0.9884
Con cún nhà này thông minh lắm,SẠCH,KÍCH ĐỘNG,0.8711
CSKH nhìn như shit,CHỬI BỚI,KÍCH ĐỘNG,0.503
"Cách làm ăn lừa đảo, báo công an ngay",KÍCH ĐỘNG,REVIEW,0.4308
"Quán này gian manh, đừng mua ngay",KÍCH ĐỘNG,REVIEW,0.3396
Alo 0781507672 để tư vấn,SPAM,SẠCH,0.9704
Ship hàng tệ như rác rưởi,CHỬI BỚI,REVIEW,0.5108
óc chó Con mụ chủ dẹp tiệm đi,CHỬI BỚI,KÍCH ĐỘNG,0.99
tổ cha Thái độ làm ăn chán đời,CHỬI BỚI,KÍCH ĐỘNG,0.8697
Nhân viên quá là xịn sò thực sự,SẠCH,REVIEW,0.489
"Nhà vệ sinh lừa đảo, cạch mặt ngay",KÍCH ĐỘNG,CHỬI BỚI,0.9022
Lễ tân thối như l*n,CHỬI BỚI,KÍCH ĐỘNG,0.7511
Thằng quản lý dở như cứt,CHỬI BỚI,KÍCH ĐỘNG,0.9902
Truy cập http://soicau28.com xem hàng,SPAM,SẠCH,0.9866
"Khách sạn lừa đảo, đòi lại tiền ngay",KÍCH ĐỘNG,REVIEW,0.4707
mẹ kiếp Chủ shop ngu không tả được,CHỬI BỚI,KÍCH ĐỘNG,0.9846
Con chó nhà này lanh lợi lắm,SẠCH,KÍCH ĐỘNG,0.9857
Con mụ chủ làm ăn như quần què,CHỬI BỚI,KÍCH ĐỘNG,0.9854
"Lễ tân gian manh, đòi lại tiền ngay",KÍCH ĐỘNG,CHỬI BỚI,0.6064
tiên sư Chủ shop biến đi,CHỬI BỚI,SẠCH,0.9849
Nhà vệ sinh hãm lờ,CHỬI BỚI,REVIEW,0.5347
Truy cập http://vay20.com nhận khuyến mãi,SPAM,SẠCH,0.9907
Thằng quản lý bẩn như c*c,CHỬI BỚI,KÍCH ĐỘNG,0.9918
Dịch vụ như bò,CHỬI BỚI,REVIEW,0.4943
Truy cập http://soicau41.com nhận 100k,SPAM,SẠCH,0.9847
Hỗ trợ 0970889213 để tư vấn,SPAM,SẠCH,0.9214
"Phục vụ gian manh, lừa đảo ngay",KÍCH ĐỘNG,CHỬI BỚI,0.7581
"Ship hàng gian manh, tránh xa ngay",KÍCH ĐỘNG,SẠCH,0.6738
Cái chỗ này làm ăn như c*c,CHỬI BỚI,KÍCH ĐỘNG,0.6093
đm Thằng quản lý biến đi,CHỬI BỚI,KÍCH ĐỘNG,0.9879
Hỗ trợ 0736391368 để tư vấn,SPAM,SẠCH,0.8418
khốn nạn Phục vụ ngu không tả được,CHỬI BỚI,KÍCH ĐỘNG,0.6516
Truy cập http://soicau47.com xem hàng,SPAM,SẠCH,0.9883
Con mụ chủ ngu như hạch,CHỬI BỚI,KÍCH ĐỘNG,0.9898
Call 0326902115 để tư vấn,SPAM,SẠCH,0.9685
"Món ăn gian manh, cẩn thận bị lừa ngay",KÍCH ĐỘNG,CHỬI BỚI,0.7646
Zalo 0952911571 để nhận quà,SPAM,SẠCH,0.6999
"Món ăn tráo trở, kiện ngay",KÍCH ĐỘNG,SẠCH,0.9918
"Phục vụ lừa đảo, gian dối ngay",KÍCH ĐỘNG,CHỬI BỚI,0.931
Truy cập http://vay80.com nhận 100k,SPAM,SẠCH,0.9845
"Lễ tân lừa đảo, kiện ngay",KÍCH ĐỘNG,SPAM,0.9615
Bọn nhân viên chảnh chó,CHỬI BỚI,KÍCH ĐỘNG,0.9888
Cách làm ăn nhìn như bò,CHỬI BỚI,KÍCH ĐỘNG,0.9354
"Hệ thống lừa đảo, cạch mặt ngay",KÍCH ĐỘNG,SPAM,0.9935
Cái chỗ này dở như quần què,CHỬI BỚI,KÍCH ĐỘNG,0.9286
Con mụ chủ nhìn như hạch,CHỬI BỚI,KÍCH ĐỘNG,0.9847
Truy cập http://sex78.com nhận khuyến mãi,SPAM,SẠCH,0.9553
Bọn nhân viên dở như shit,CHỬI BỚI,KÍCH ĐỘNG,0.9807
tổ cha Nhà vệ sinh biến đi,CHỬI BỚI,KÍCH ĐỘNG,0.8338
Thằng quản lý thối như c*c,CHỬI BỚI,KÍCH ĐỘNG,0.9917
Thái độ ngu như đống phân,CHỬI BỚI,KÍCH ĐỘNG,0.6411
"Thái độ lừa đảo, cạch mặt ngay",KÍCH ĐỘNG,CHỬI BỚI,0.9243
"Wifi tráo trở, kiện ngay",KÍCH ĐỘNG,SẠCH,0.9893
Cô lao công vô cùng xịn sò.,SẠCH,REVIEW,0.5631
Thằng quản lý dở như c*c,CHỬI BỚI,KÍCH ĐỘNG,0.9908
Liên hệ 0655113833 để kết bạn,SPAM,SẠCH,0.988
Truy cập http://soicau12.com nhận 100k,SPAM,SẠCH,0.9835
Nhắn tin 0328043348 để tư vấn,SPAM,SẠCH,0.9749
Thái độ bẩn như c*c,CHỬI BỚI,KÍCH ĐỘNG,0.7593
Lễ tân ngu như bò,CHỬI BỚI,KÍCH ĐỘNG,0.9755
Truy cập http://sex99.com nhận 100k,SPAM,SẠCH,0.9669
Liên hệ 0392680331 để nhận quà,SPAM,SẠCH,0.9878
Nhắn tin 0862377364 để tư vấn,SPAM,SẠCH,0.9633
Truy cập http://soicau58.com nhận khuyến mãi,SPAM,SẠCH,0.9912
Hỗ trợ 0559069565 để tư vấn,SPAM,SẠCH,0.7958
Bọn nhân viên ngu như chó,CHỬI BỚI,KÍCH ĐỘNG,0.9884
Thằng quản lý phục vụ như c*c,CHỬI BỚI,KÍCH ĐỘNG,0.9882
đm Hệ thống làm ăn chán đời,CHỬI BỚI,REVIEW,0.4974
Truy cập http://sex68.com nhận khuyến mãi,SPAM,SẠCH,0.9602
Bọn nhân viên thối như quần què,CHỬI BỚI,KÍCH ĐỘNG,0.992
"Bọn nhân viên tráo trở, đòi lại tiền ngay",KÍCH ĐỘNG,REVIEW,0.4825
tổ cha CSKH dẹp tiệm đi,CHỬI BỚI,KÍCH ĐỘNG,0.8713
Truy cập http://soicau92.com xem hàng,SPAM,SẠCH,0.9876
"Lễ tân tráo trở, báo công an ngay",KÍCH ĐỘNG,SẠCH,0.969
"Dịch vụ tráo trở, đòi lại tiền ngay",KÍCH ĐỘNG,REVIEW,0.3889
Truy cập http://sex89.com nhận 100k,SPAM,SẠCH,0.9708
đm CSKH dẹp tiệm đi,CHỬI BỚI,KÍCH ĐỘNG,0.7502
Món ăn như lợn,CHỬI BỚI,SẠCH,0.8359
tổ cha Thái độ dẹp tiệm đi,CHỬI BỚI,KÍCH ĐỘNG,0.7165
"Món ăn tráo trở, làm ăn bố láo ngay",KÍCH ĐỘNG,CHỬI BỚI,0.7197
Thằng quản lý nhìn như l*n,CHỬI BỚI,KÍCH ĐỘNG,0.9863
Cái chỗ này tệ như đầu bùi,CHỬI BỚI,KÍCH ĐỘNG,0.7092
óc chó Điều hòa dẹp tiệm đi,CHỬI BỚI,KÍCH ĐỘNG,0.8897
Lễ tân ngu như shit,CHỬI BỚI,KÍCH ĐỘNG,0.7634
Liên hệ 0738438283 để tư vấn,SPAM,SẠCH,0.9255
"Thái độ lừa đảo, cẩn thận bị lừa ngay",KÍCH ĐỘNG,CHỬI BỚI,0.7669
khốn nạn Hệ thống ngu không tả được,CHỬI BỚI,KÍCH ĐỘNG,0.9279
Bọn nhân viên bẩn như đống phân,CHỬI BỚI,KÍCH ĐỘNG,0.9884
Truy cập http://soicau42.com xem hàng,SPAM,SẠCH,0.9865
"Wifi lừa đảo, lừa đảo ngay",KÍCH ĐỘNG,CHỬI BỚI,0.8919
Nhà vệ sinh thối hoắc,CHỬI BỚI,KÍCH ĐỘNG,0.6274
Hỗ trợ 0668785818 để nhận quà,SPAM,SẠCH,0.7782
Wifi phục vụ như đầu bùi,CHỬI BỚI,REVIEW,0.5335
Con mụ chủ vãi đái,CHỬI BỚI,KÍCH ĐỘNG,0.8547
đm Lễ tân ngu không tả được,CHỬI BỚI,KÍCH ĐỘNG,0.9796
Cái chỗ này như bò,CHỬI BỚI,KÍCH ĐỘNG,0.8156
Con mèo nhà này ngoan quá,SẠCH,KÍCH ĐỘNG,0.7364
Thằng quản lý tệ như l*n,CHỬI BỚI,KÍCH ĐỘNG,0.9881
óc chó Phục vụ biến đi,CHỬI BỚI,KÍCH ĐỘNG,0.8809
bố láo Bọn nhân viên biến đi,CHỬI BỚI,KÍCH ĐỘNG,0.9855
Truy cập http://vay12.com nhận khuyến mãi,SPAM,SẠCH,0.9922
"Cách làm ăn tráo trở, tránh xa ngay",KÍCH ĐỘNG,SẠCH,0.9358
óc chó Thái độ dẹp tiệm đi,CHỬI BỚI,KÍCH ĐỘNG,0.9363
"Quán này gian manh, đòi lại tiền ngay",KÍCH ĐỘNG,CHỬI BỚI,0.7731
Điều hòa dở như rác rưởi,CHỬI BỚI,REVIEW,0.5297
Truy cập http://vay51.com nhận khuyến mãi,SPAM,SẠCH,0.9918
Con chó của chủ quán ngoan ghê,SẠCH,KÍCH ĐỘNG,0.8131
"Quán này tráo trở, đòi lại tiền ngay",KÍCH ĐỘNG,CHỬI BỚI,0.6639
"Lễ tân gian manh, đừng mua ngay",KÍCH ĐỘNG,SẠCH,0.9765
Call 0959132511 để nhận quà,SPAM,SẠCH,0.9944
Cách làm ăn tệ như bò,CHỬI BỚI,KÍCH ĐỘNG,0.9497
bố láo Bọn nhân viên dẹp tiệm đi,CHỬI BỚI,KÍCH ĐỘNG,0.978
"Lễ tân gian manh, cẩn thận bị lừa ngay",KÍCH ĐỘNG,REVIEW,0.4621
Thằng quản lý nhìn như shit,CHỬI BỚI,KÍCH ĐỘNG,0.9708
tổ cha Bọn nhân viên ngu không tả được,CHỬI BỚI,KÍCH ĐỘNG,0.9891
Tư vấn 0847243394 để nhận quà,SPAM,SẠCH,0.9261
bố láo Nhà vệ sinh biến đi,CHỬI BỚI,KÍCH ĐỘNG,0.8928
Mọi người báo công an cái chỗ này nhé,KÍCH ĐỘNG,SẠCH,0.6757
"Wifi lừa đảo, đừng mua ngay",KÍCH ĐỘNG,SẠCH,0.821
Con cún của chủ quán cưng xỉu quá,SẠCH,KÍCH ĐỘNG,0.8464
"Cách làm ăn lừa đảo, làm ăn bố láo ngay",KÍCH ĐỘNG,CHỬI BỚI,0.7825
"Quán này gian manh, bóc phốt ngay",KÍCH ĐỘNG,CHỬI BỚI,0.631
Truy cập http://vay16.com nhận 100k,SPAM,SẠCH,0.9844
"Chủ shop gian manh, đòi lại tiền ngay",KÍCH ĐỘNG,REVIEW,0.494
Con cún của chủ quán thông minh lắm,SẠCH,KÍCH ĐỘNG,0.5262
"Quán này lừa đảo, dối trá ngay",KÍCH ĐỘNG,CHỬI BỚI,0.7106
Thằng quản lý bẩn như hạch,CHỬI BỚI,KÍCH ĐỘNG,0.9919
Cái chỗ này thối như c*c,CHỬI BỚI,KÍCH ĐỘNG,0.7382
Truy cập http://sex21.com nhận 100k,SPAM,SẠCH,0.9598
"Phục vụ gian manh, kiện ngay",KÍCH ĐỘNG,SẠCH,0.8769
Hotline 0964076608 để nhận quà,SPAM,SẠCH,0.9762
Ib ngay 0944850023 để kết bạn,SPAM,SẠCH,0.9873
đéo Thằng quản lý biến đi,CHỬI BỚI,KÍCH ĐỘNG,0.7743
Hỗ trợ 0448758227 để kết bạn,SPAM,SẠCH,0.7075
"Dịch vụ gian manh, đừng mua ngay",KÍCH ĐỘNG,CHỬI BỚI,0.5917
"Wifi gian manh, kiện ngay",KÍCH ĐỘNG,SẠCH,0.9098
Truy cập http://sex58.com nhận khuyến mãi,SPAM,SẠCH,0.9384
"Nhà vệ sinh tráo trở, cạch mặt ngay",KÍCH ĐỘNG,SẠCH,0.8243
vcl Thằng quản lý ngu không tả được,CHỬI BỚI,KÍCH ĐỘNG,0.9501
Con mụ chủ phục vụ như cc,CHỬI BỚI,KÍCH ĐỘNG,0.9493
Ib ngay 0397887259 để nhận quà,SPAM,SẠCH,0.9895
Alo 0467060597 để tư vấn,SPAM,SẠCH,0.9708
"Phục vụ tráo trở, lừa đảo ngay",KÍCH ĐỘNG,CHỬI BỚI,0.8982
"Món ăn tráo trở, cạch mặt ngay",KÍCH ĐỘNG,SẠCH,0.8782
Truy cập http://vay91.com nhận 100k,SPAM,SẠCH,0.9879
"Phục vụ lừa đảo, lừa đảo ngay",KÍCH ĐỘNG,CHỬI BỚI,0.8456
"Phục vụ tráo trở, tẩy chay ngay",KÍCH ĐỘNG,REVIEW,0.4528
Cái chỗ này hãm lờ,CHỬI BỚI,REVIEW,0.5352
óc chó Thái độ làm ăn chán đời,CHỬI BỚI,KÍCH ĐỘNG,0.9803
Truy cập http://vay94.com nhận khuyến mãi,SPAM,SẠCH,0.9927
tổ cha Chủ shop biến đi,CHỬI BỚI,KÍCH ĐỘNG,0.6856
Cách làm ăn ngu như l*n,CHỬI BỚI,KÍCH ĐỘNG,0.9372
Bọn nhân viên phục vụ như hạch,CHỬI BỚI,KÍCH ĐỘNG,0.978
Con mụ chủ thối như rác rưởi,CHỬI BỚI,KÍCH ĐỘNG,0.9893
Con mèo nhà này cưng xỉu ghê,SẠCH,KÍCH ĐỘNG,0.7651
khốn nạn Điều hòa ngu không tả được,CHỬI BỚI,REVIEW,0.546
Thái độ như hạch,CHỬI BỚI,KÍCH ĐỘNG,0.8138
Hotline 0570517234 để nhận quà,SPAM,SẠCH,0.9797
Trải nghiệm hơi bị xịn sò lắm luôn,SẠCH,CHỬI BỚI,0.5831
óc chó Wifi làm ăn chán đời,CHỬI BỚI,KÍCH ĐỘNG,0.991
Chủ shop ngu như đầu bùi,CHỬI BỚI,KÍCH ĐỘNG,0.9849
Truy cập http://sex83.com nhận khuyến mãi,SPAM,SẠCH,0.9697
Nhân viên đặc biệt ổn áp nha,SẠCH,SPAM,0.7481
Alo 0555810053 để tư vấn,SPAM,SẠCH,0.9832
"Wifi gian manh, tránh xa ngay",KÍCH ĐỘNG,REVIEW,0.5013
"Cách làm ăn tráo trở, dối trá ngay",KÍCH ĐỘNG,CHỬI BỚI,0.6693
Bọn nhân viên chán như cứt,CHỬI BỚI,KÍCH ĐỘNG,0.9683
Lễ tân phục vụ như hạch,CHỬI BỚI,REVIEW,0.4844
CSKH ngu như bẹn,CHỬI BỚI,KÍCH ĐỘNG,0.9884
Quán này ngu như đầu bùi,CHỬI BỚI,KÍCH ĐỘNG,0.956
Call 0823920779 để kết bạn,SPAM,SẠCH,0.9902
Con mụ chủ nhìn như l*n,CHỬI BỚI,KÍCH ĐỘNG,0.9611
"Món ăn lừa đảo, gian dối ngay",KÍCH ĐỘNG,CHỬI BỚI,0.9409
Con mụ chủ tệ như bò,CHỬI BỚI,KÍCH ĐỘNG,0.9849
Truy cập http://sex70.com xem hàng,SPAM,SẠCH,0.9405
Bọn nhân viên như lồn,CHỬI BỚI,KÍCH ĐỘNG,0.9786
"Thái độ gian manh, báo công an ngay",KÍCH ĐỘNG,REVIEW,0.4938
Con mụ chủ tệ như bẹn,CHỬI BỚI,KÍCH ĐỘNG,0.9847
tổ cha CSKH ngu không tả được,CHỬI BỚI,KÍCH ĐỘNG,0.9839
tiên sư Quán này làm ăn chán đời,CHỬI BỚI,KÍCH ĐỘNG,0.7937
Bọn nhân viên nhìn như chó,CHỬI BỚI,KÍCH ĐỘNG,0.874
Chị lễ tân tương đối xịn sò ^^,SẠCH,KÍCH ĐỘNG,0.7822
"Cái chỗ này tráo trở, đòi lại tiền ngay",KÍCH ĐỘNG,CHỬI BỚI,0.8322
CSKH dở như hạch,CHỬI BỚI,KÍCH ĐỘNG,0.9358
Truy cập http://vay89.com nhận khuyến mãi,SPAM,SẠCH,0.9929
Hệ thống tệ như hạch,CHỬI BỚI,KÍCH ĐỘNG,0.8461
Con mụ chủ thối như lợn,CHỬI BỚI,KÍCH ĐỘNG,0.9859
"Thái độ gian manh, đòi lại tiền ngay",KÍCH ĐỘNG,CHỬI BỚI,0.7233
Truy cập http://soicau17.com nhận 100k,SPAM,SẠCH,0.9856
Cái chỗ này làm ăn như cứt,CHỬI BỚI,KÍCH ĐỘNG,0.6269
"Phục vụ tráo trở, kiện ngay",KÍCH ĐỘNG,SPAM,0.7303
"Cái chỗ này gian manh, dối trá ngay",KÍCH ĐỘNG,CHỬI BỚI,0.8122
Truy cập http://sex73.com xem hàng,SPAM,SẠCH,0.9789
Bọn nhân viên thối như đống phân,CHỬI BỚI,KÍCH ĐỘNG,0.9875
"Wifi tráo trở, bóc phốt ngay",KÍCH ĐỘNG,CHỬI BỚI,0.5656
"Hệ thống lừa đảo, report ngay",KÍCH ĐỘNG,REVIEW,0.5073
Truy cập http://vay99.com xem hàng,SPAM,SẠCH,0.9892
Bọn nhân viên ngu như rác rưởi,CHỬI BỚI,KÍCH ĐỘNG,0.9896
"Dịch vụ tráo trở, report ngay",KÍCH ĐỘNG,SPAM,0.9862
"Phục vụ lừa đảo, đừng mua ngay",KÍCH ĐỘNG,REVIEW,0.543
"Món ăn gian manh, treo đầu dê bán thịt chó ngay",KÍCH ĐỘNG,CHỬI BỚI,0.8449
Ib ngay 0479964921 để nhận quà,SPAM,SẠCH,0.9921
Khách sạn ngu như rác rưởi,CHỬI BỚI,REVIEW,0.5263
Alo 0631158618 để tư vấn,SPAM,SẠCH,0.9806
Cách làm ăn phục vụ như lợn,CHỬI BỚI,SẠCH,0.6937
Phục vụ phục vụ như shit,CHỬI BỚI,REVIEW,0.4984
"Hệ thống tráo trở, kiện ngay",KÍCH ĐỘNG,SPAM,0.9918
Con mèo nhà này quấn người lắm,SẠCH,KÍCH ĐỘNG,0.5944
tiên sư Dịch vụ làm ăn chán đời,CHỬI BỚI,SPAM,0.9989
"Món ăn tráo trở, treo đầu dê bán thịt chó ngay",KÍCH ĐỘNG,CHỬI BỚI,0.5686
Con mụ chủ nhìn như rác rưởi,CHỬI BỚI,KÍCH ĐỘNG,0.9857
Truy cập http://soicau40.com xem hàng,SPAM,SẠCH,0.9848
tiên sư Bọn nhân viên biến đi,CHỬI BỚI,KÍCH ĐỘNG,0.7032
khốn nạn Thằng quản lý làm ăn chán đời,CHỬI BỚI,KÍCH ĐỘNG,0.9395
CSKH làm ăn như bò,CHỬI BỚI,KÍCH ĐỘNG,0.9804
Nhân viên tương đối lung linh nha,SẠCH,SPAM,0.8623
Con mụ chủ nhìn như bò,CHỬI BỚI,KÍCH ĐỘNG,0.9802
Truy cập http://sex62.com nhận 100k,SPAM,SẠCH,0.9747
"Dịch vụ gian manh, gian dối ngay",KÍCH ĐỘNG,CHỬI BỚI,0.9334
bố láo Quán này làm ăn chán đời,CHỬI BỚI,KÍCH ĐỘNG,0.9829
Con cún của chủ quán cưng xỉu lắm,SẠCH,KÍCH ĐỘNG,0.8461
óc chó Thằng quản lý dẹp tiệm đi,CHỬI BỚI,KÍCH ĐỘNG,0.9905
Bọn nhân viên làm ăn như chó,CHỬI BỚI,KÍCH ĐỘNG,0.9541
Truy cập http://sex17.com nhận 100k,SPAM,SẠCH,0.967
Truy cập http://sex96.com nhận 100k,SPAM,SẠCH,0.9717
Nhắn tin 0568583195 để tư vấn,SPAM,SẠCH,0.9768
Chị lễ tân hơi bị sang chảnh!,SẠCH,REVIEW,0.6472
Thằng quản lý tệ như hạch,CHỬI BỚI,KÍCH ĐỘNG,0.9869
"Dịch vụ tráo trở, tẩy chay ngay",KÍCH ĐỘNG,CHỬI BỚI,0.7204
Con cún nhà này ngoan lắm,SẠCH,KÍCH ĐỘNG,0.823
Bọn nhân viên phục vụ như đầu bùi,CHỬI BỚI,KÍCH ĐỘNG,0.9786
Dịch vụ nhìn như bò,CHỬI BỚI,REVIEW,0.5296
"Ship hàng lừa đảo, tránh xa ngay",KÍCH ĐỘNG,REVIEW,0.5696
Hỗ trợ 0355073596 để tư vấn,SPAM,SẠCH,0.8858
Dịch vụ bẩn như bò,CHỬI BỚI,KÍCH ĐỘNG,0.744
ngu vãi CSKH làm ăn chán đời,CHỬI BỚI,KÍCH ĐỘNG,0.8973
Lễ tân ngu như đầu bùi,CHỬI BỚI,KÍCH ĐỘNG,0.97
Truy cập http://vay23.com xem hàng,SPAM,SẠCH,0.9903
"Cái chỗ này lừa đảo, lừa đảo ngay",KÍCH ĐỘNG,CHỬI BỚI,0.9305
Truy cập http://soicau16.com nhận khuyến mãi,SPAM,SẠCH,0.9913
"Phục vụ lừa đảo, treo đầu dê bán thịt chó ngay",KÍCH ĐỘNG,CHỬI BỚI,0.8834
mất dạy Nhà vệ sinh ngu không tả được,CHỬI BỚI,KÍCH ĐỘNG,0.9749
"Điều hòa lừa đảo, dối trá ngay",KÍCH ĐỘNG,CHỬI BỚI,0.933
đéo Thằng quản lý ngu không tả được,CHỬI BỚI,KÍCH ĐỘNG,0.9781
mẹ kiếp Thằng quản lý biến đi,CHỬI BỚI,KÍCH ĐỘNG,0.9779
"Lễ tân gian manh, bóc phốt ngay",KÍCH ĐỘNG,CHỬI BỚI,0.7781
"Cách làm ăn lừa đảo, dối trá ngay",KÍCH ĐỘNG,CHỬI BỚI,0.8548
bố láo Lễ tân làm ăn chán đời,CHỬI BỚI,KÍCH ĐỘNG,0.9696
Truy cập http://sex66.com nhận khuyến mãi,SPAM,SẠCH,0.9493
"Thái độ lừa đảo, tẩy chay ngay",KÍCH ĐỘNG,CHỬI BỚI,0.8706
chó chết Quán này làm ăn chán đời,CHỬI BỚI,KÍCH ĐỘNG,0.5219
đéo Chủ shop ngu không tả được,CHỬI BỚI,KÍCH ĐỘNG,0.6968
"Hệ thống tráo trở, gian dối ngay",KÍCH ĐỘNG,CHỬI BỚI,0.8459
CSKH tệ như hạch,CHỬI BỚI,KÍCH ĐỘNG,0.9595
Thằng quản lý làm ăn như bò,CHỬI BỚI,KÍCH ĐỘNG,0.9914
"Món ăn tráo trở, gian dối ngay",KÍCH ĐỘNG,CHỬI BỚI,0.6115
Thằng quản lý ngu như rác rưởi,CHỬI BỚI,KÍCH ĐỘNG,0.9919
Truy cập http://sex98.com nhận 100k,SPAM,SẠCH,0.9745
"Cách làm ăn gian manh, lừa đảo ngay",KÍCH ĐỘNG,REVIEW,0.5063
mẹ kiếp Con mụ chủ làm ăn chán đời,CHỬI BỚI,KÍCH ĐỘNG,0.9631
"Khách sạn lừa đảo, tránh xa ngay",KÍCH ĐỘNG,REVIEW,0.4661
Tư vấn 0398980558 để nhận quà,SPAM,SẠCH,0.9043
"Ship hàng tráo trở, cẩn thận bị lừa ngay",KÍCH ĐỘNG,REVIEW,0.5587
Con mụ chủ phục vụ như hạch,CHỬI BỚI,KÍCH ĐỘNG,0.9879
óc chó Wifi biến đi,CHỬI BỚI,KÍCH ĐỘNG,0.9828
"Phục vụ lừa đảo, bóc phốt ngay",KÍCH ĐỘNG,CHỬI BỚI,0.8565
Lễ tân ngu như quần què,CHỬI BỚI,KÍCH ĐỘNG,0.9134
Chủ shop ngu như c*c,CHỬI BỚI,KÍCH ĐỘNG,0.9601
"Ship hàng gian manh, lừa đảo ngay",KÍCH ĐỘNG,CHỬI BỚI,0.9152
Call 0515261133 để tư vấn,SPAM,SẠCH,0.9808
"Điều hòa tráo trở, cạch mặt ngay",KÍCH ĐỘNG,SẠCH,0.9847
Cách làm ăn như lợn,CHỬI BỚI,REVIEW,0.5226
Lễ tân ngu như đống phân,CHỬI BỚI,KÍCH ĐỘNG,0.8839
Con mụ chủ chán như cứt,CHỬI BỚI,KÍCH ĐỘNG,0.986
Thái độ thối như cứt,CHỬI BỚI,KÍCH ĐỘNG,0.7728
Lễ tân tệ như cứt,CHỬI BỚI,REVIEW,0.5258
Món ăn dở như lợn,CHỬI BỚI,REVIEW,0.5444
"Phục vụ lừa đảo, làm ăn bố láo ngay",KÍCH ĐỘNG,CHỬI BỚI,0.6882
Mọi người report cái shop này nhé,KÍCH ĐỘNG,SẠCH,0.9875
Quán này ngu như lợn,CHỬI BỚI,KÍCH ĐỘNG,0.7121
mất dạy Thái độ biến đi,CHỬI BỚI,REVIEW,0.497
mất dạy Thái độ ngu không tả được,CHỬI BỚI,KÍCH ĐỘNG,0.8663
"Cách làm ăn lừa đảo, lừa đảo ngay",KÍCH ĐỘNG,CHỬI BỚI,0.8174
Các bạn tẩy chay gấp shop này,KÍCH ĐỘNG,SẠCH,0.7505
Bác bảo vệ quá là xịn sò ạ,SẠCH,KÍCH ĐỘNG,0.5339
óc chó Điều hòa ngu không tả được,CHỬI BỚI,KÍCH ĐỘNG,0.9917
Nhắn tin 0620159469 để tư vấn,SPAM,SẠCH,0.9933
ngu vãi CSKH biến đi,CHỬI BỚI,KÍCH ĐỘNG,0.9387
Hệ thống như cứt,CHỬI BỚI,KÍCH ĐỘNG,0.5452
Alo 0454154930 để nhận quà,SPAM,SẠCH,0.9956
Alo 0580759032 để nhận quà,SPAM,SẠCH,0.9945
Ship hàng làm ăn như bò,CHỬI BỚI,KÍCH ĐỘNG,0.5896
Món ăn phục vụ như bẹn,CHỬI BỚI,SẠCH,0.853
Dịch vụ ngu như hạch,CHỬI BỚI,KÍCH ĐỘNG,0.9521
Hotline 0691261916 để tư vấn,SPAM,SẠCH,0.9705
"Điều hòa lừa đảo, gian dối ngay",KÍCH ĐỘNG,CHỬI BỚI,0.938
óc chó Thái độ ngu không tả được,CHỬI BỚI,KÍCH ĐỘNG,0.9839
Zalo 0323586226 để tư vấn,SPAM,SẠCH,0.7424
"Nhà vệ sinh lừa đảo, kiện ngay",KÍCH ĐỘNG,CHỬI BỚI,0.7216
Thằng quản lý chán như hạch,CHỬI BỚI,KÍCH ĐỘNG,0.9853
"Khách sạn gian manh, báo công an ngay",KÍCH ĐỘNG,CHỬI BỚI,0.6226
Truy cập http://soicau13.com xem hàng,SPAM,SẠCH,0.9887
Truy cập http://sex75.com nhận 100k,SPAM,SẠCH,0.972
Truy cập http://sex58.com nhận 100k,SPAM,SẠCH,0.9697
Cái chỗ này tệ như cứt,CHỬI BỚI,KÍCH ĐỘNG,0.6388
"Món ăn gian manh, lừa đảo ngay",KÍCH ĐỘNG,CHỬI BỚI,0.915
óc chó Món ăn biến đi,CHỬI BỚI,KÍCH ĐỘNG,0.9429
Nhắn tin 0435534246 để tư vấn,SPAM,SẠCH,0.9677
Tư vấn 0645314069 để kết bạn,SPAM,SẠCH,0.8618
Hotline 0777545121 để tư vấn,SPAM,SẠCH,0.9325
Truy cập http://sex32.com nhận 100k,SPAM,SẠCH,0.964
Liên hệ 0879926604 để kết bạn,SPAM,SẠCH,0.9597
Truy cập http://vay95.com xem hàng,SPAM,SẠCH,0.9926
Hotline 0481095788 để nhận quà,SPAM,SẠCH,0.9827
Truy cập http://sex51.com nhận khuyến mãi,SPAM,SẠCH,0.9595
Con mụ chủ thối như cc,CHỬI BỚI,KÍCH ĐỘNG,0.9877
Món ăn tệ như đầu bùi,CHỬI BỚI,REVIEW,0.5495
Hệ thống ngu như bẹn,CHỬI BỚI,KÍCH ĐỘNG,0.8848
tiên sư Món ăn biến đi,CHỬI BỚI,SẠCH,0.9787
"Wifi lừa đảo, bóc phốt ngay",KÍCH ĐỘNG,CHỬI BỚI,0.9313
Truy cập http://soicau79.com nhận khuyến mãi,SPAM,SẠCH,0.9915
Nhắn tin 0383890450 để nhận quà,SPAM,SẠCH,0.9921
Call 0391265501 để kết bạn,SPAM,SẠCH,0.9873
"Wifi tráo trở, lừa đảo ngay",KÍCH ĐỘNG,CHỬI BỚI,0.7663
"Lễ tân gian manh, report ngay",KÍCH ĐỘNG,SẠCH,0.9853
chó chết Thái độ ngu không tả được,CHỬI BỚI,REVIEW,0.5484
Nhắn tin 0396312134 để nhận quà,SPAM,SẠCH,0.9938
Phục vụ phục vụ như bò,CHỬI BỚI,REVIEW,0.4839
bố láo Bọn nhân viên làm ăn chán đời,CHỬI BỚI,KÍCH ĐỘNG,0.9894
Con chó của chủ quán ngoan quá,SẠCH,KÍCH ĐỘNG,0.9614
Nhắn tin 0459367006 để tư vấn,SPAM,SẠCH,0.9709
Truy cập http://soicau60.com nhận 100k,SPAM,SẠCH,0.9796
Truy cập http://vay10.com xem hàng,SPAM,SẠCH,0.9905
Hotline 0974874037 để nhận quà,SPAM,SẠCH,0.9875
Quán này bẩn như đầu bùi,CHỬI BỚI,REVIEW,0.5172
Thằng quản lý như lồn,CHỬI BỚI,KÍCH ĐỘNG,0.985
Quán này thối hoắc,CHỬI BỚI,KÍCH ĐỘNG,0.5904
Con chó của chủ quán cưng xỉu lắm,SẠCH,KÍCH ĐỘNG,0.9871
Truy cập http://soicau10.com nhận 100k,SPAM,SẠCH,0.9841
bố láo Quán này biến đi,CHỬI BỚI,KÍCH ĐỘNG,0.9319
Truy cập http://soicau19.com xem hàng,SPAM,SẠCH,0.9885
tiên sư Ship hàng dẹp tiệm đi,CHỬI BỚI,SẠCH,0.9643
CSKH như c*c,CHỬI BỚI,KÍCH ĐỘNG,0.6662
Bọn nhân viên bẩn như cc,CHỬI BỚI,KÍCH ĐỘNG,0.9884
Cách bài trí đặc biệt xịn sò!,SẠCH,KÍCH ĐỘNG,0.5107
bố láo Quán này ngu không tả được,CHỬI BỚI,KÍCH ĐỘNG,0.99
"Thái độ tráo trở, tẩy chay ngay",KÍCH ĐỘNG,REVIEW,0.4545
"Dịch vụ gian manh, đòi lại tiền ngay",KÍCH ĐỘNG,CHỬI BỚI,0.9072
khốn nạn Bọn nhân viên làm ăn chán đời,CHỬI BỚI,KÍCH ĐỘNG,0.9175
mất dạy Hệ thống ngu không tả được,CHỬI BỚI,KÍCH ĐỘNG,0.9661
Hotline 0758429578 để kết bạn,SPAM,SẠCH,0.9652
Truy cập http://soicau81.com nhận 100k,SPAM,SẠCH,0.9873
Con chó của chủ quán hiền khô lắm,SẠCH,KÍCH ĐỘNG,0.9638
Anh chủ thực sự xịn sò hihi,SẠCH,KÍCH ĐỘNG,0.767
Con chó của chủ quán đáng yêu lắm,SẠCH,REVIEW,0.4056
Liên hệ 0419805180 để tư vấn,SPAM,SẠCH,0.8952
Nhà vệ sinh láo toét,CHỬI BỚI,KÍCH ĐỘNG,0.5635
"Cái chỗ này lừa đảo, dối trá ngay",KÍCH ĐỘNG,CHỬI BỚI,0.9256
bố láo Lễ tân biến đi,CHỬI BỚI,KÍCH ĐỘNG,0.841
mất dạy Thằng quản lý biến đi,CHỬI BỚI,KÍCH ĐỘNG,0.9811
đm Con mụ chủ dẹp tiệm đi,CHỬI BỚI,KÍCH ĐỘNG,0.951
Zalo 0315425952 để kết bạn,SPAM,SẠCH,0.8755
Truy cập http://vay21.com xem hàng,SPAM,SẠCH,0.9874
Con mụ chủ chán như đầu bùi,CHỬI BỚI,KÍCH ĐỘNG,0.9852
"Quán này tráo trở, report ngay",KÍCH ĐỘNG,SẠCH,0.843
Dịch vụ ngu như l*n,CHỬI BỚI,KÍCH ĐỘNG,0.8101
Mọi người treo đầu dê bán thịt chó cái quán này nhé,KÍCH ĐỘNG,CHỬI BỚI,0.8174
Quán này bẩn thỉu,CHỬI BỚI,REVIEW,0.5038
"Phục vụ gian manh, bóc phốt ngay",KÍCH ĐỘNG,CHỬI BỚI,0.8741
Anh chủ trông xịn sò hihi,SẠCH,REVIEW,0.5493
Alo 0672405738 để nhận quà,SPAM,SẠCH,0.9947
CSKH bẩn như bẹn,CHỬI BỚI,KÍCH ĐỘNG,0.9566
tổ cha Điều hòa làm ăn chán đời,CHỬI BỚI,KÍCH ĐỘNG,0.6961
Điều hòa như hạch,CHỬI BỚI,SẠCH,0.7411
mẹ kiếp Thằng quản lý làm ăn chán đời,CHỬI BỚI,KÍCH ĐỘNG,0.9835
mẹ kiếp CSKH dẹp tiệm đi,CHỬI BỚI,KÍCH ĐỘNG,0.8962
Con mụ chủ như hạch,CHỬI BỚI,KÍCH ĐỘNG,0.9836
Truy cập http://sex83.com xem hàng,SPAM,SẠCH,0.9827
Khách sạn ngu như đống phân,CHỬI BỚI,KÍCH ĐỘNG,0.5245
Hỗ trợ 0560711563 để tư vấn,SPAM,SẠCH,0.9385
Mọi người cạch mặt cái chỗ này nhé,KÍCH ĐỘNG,CHỬI BỚI,0.823
Thằng quản lý tệ như shit,CHỬI BỚI,KÍCH ĐỘNG,0.9689
Hệ thống phục vụ như bò,CHỬI BỚI,KÍCH ĐỘNG,0.9059
Con mụ chủ thối như quần què,CHỬI BỚI,KÍCH ĐỘNG,0.9876
Truy cập http://soicau53.com nhận 100k,SPAM,SẠCH,0.9795
Nhân viên siêu chill :)),SẠCH,SPAM,0.7706
Truy cập http://vay76.com nhận 100k,SPAM,SẠCH,0.9853
"Nhà vệ sinh gian manh, báo công an ngay",KÍCH ĐỘNG,CHỬI BỚI,0.6533
"Khách sạn gian manh, dối trá ngay",KÍCH ĐỘNG,CHỬI BỚI,0.9083
Truy cập http://sex28.com xem hàng,SPAM,SẠCH,0.9538
"Thái độ tráo trở, report ngay",KÍCH ĐỘNG,SẠCH,0.7523
"Hệ thống gian manh, treo đầu dê bán thịt chó ngay",KÍCH ĐỘNG,CHỬI BỚI,0.5862
Truy cập http://vay57.com nhận khuyến mãi,SPAM,SẠCH,0.9906
Truy cập http://vay68.com xem hàng,SPAM,SẠCH,0.9912
Truy cập http://soicau50.com xem hàng,SPAM,SẠCH,0.9865
"Nhà vệ sinh tráo trở, bóc phốt ngay",KÍCH ĐỘNG,CHỬI BỚI,0.6932
Mọi người đừng mua cái quán này nhé,KÍCH ĐỘNG,SẠCH,0.7281
Con mụ chủ ngu như rác rưởi,CHỬI BỚI,KÍCH ĐỘNG,0.9898
Cách làm ăn ngu như hạch,CHỬI BỚI,KÍCH ĐỘNG,0.9535
CSKH bẩn như hạch,CHỬI BỚI,KÍCH ĐỘNG,0.9873
Call 0598759219 để nhận quà,SPAM,SẠCH,0.9949
Tư vấn 0613215887 để nhận quà,SPAM,SẠCH,0.96
Con chó nhà này lanh lợi quá,SẠCH,KÍCH ĐỘNG,0.9868
khốn nạn Cách làm ăn ngu không tả được,CHỬI BỚI,KÍCH ĐỘNG,0.8499
Nhắn tin 0781337206 để nhận quà,SPAM,SẠCH,0.9932
Tư vấn 0893959820 để kết bạn,SPAM,REVIEW,0.5113
óc chó Thằng quản lý ngu không tả được,CHỬI BỚI,KÍCH ĐỘNG,0.9916
Zalo 0996432389 để tư vấn,SPAM,REVIEW,0.5754
đéo Con mụ chủ ngu không tả được,CHỬI BỚI,KÍCH ĐỘNG,0.9812
bố láo Thằng quản lý làm ăn chán đời,CHỬI BỚI,KÍCH ĐỘNG,0.9907
"Dịch vụ lừa đảo, report ngay",KÍCH ĐỘNG,SPAM,0.9904
đm Wifi ngu không tả được,CHỬI BỚI,KÍCH ĐỘNG,0.9176
Thái độ tệ như l*n,CHỬI BỚI,KÍCH ĐỘNG,0.5393
đéo Bọn nhân viên làm ăn chán đời,CHỬI BỚI,REVIEW,0.5409
bố láo Điều hòa biến đi,CHỬI BỚI,REVIEW,0.4754
Thái độ ngu như cứt,CHỬI BỚI,KÍCH ĐỘNG,0.8659
"Dịch vụ gian manh, báo công an ngay",KÍCH ĐỘNG,CHỬI BỚI,0.5662
tổ cha Khách sạn biến đi,CHỬI BỚI,KÍCH ĐỘNG,0.8238
Quán này phục vụ như lợn,CHỬI BỚI,REVIEW,0.5342
Truy cập http://vay31.com nhận 100k,SPAM,SẠCH,0.9851
Truy cập http://sex74.com xem hàng,SPAM,SẠCH,0.9791
Món ăn phục vụ như quần què,CHỬI BỚI,REVIEW,0.6037
Truy cập http://soicau68.com nhận 100k,SPAM,SẠCH,0.9829
Quán này ngu như cứt,CHỬI BỚI,KÍCH ĐỘNG,0.9336
Thái độ bẩn như bò,CHỬI BỚI,KÍCH ĐỘNG,0.9526
Con chó nhà này quấn người ghê,SẠCH,KÍCH ĐỘNG,0.8816
mất dạy Phục vụ biến đi,CHỬI BỚI,REVIEW,0.429
Con mụ chủ làm ăn như cc,CHỬI BỚI,KÍCH ĐỘNG,0.9868
Truy cập http://soicau69.com nhận 100k,SPAM,SẠCH,0.9825
tiên sư Chủ shop ngu không tả được,CHỬI BỚI,KÍCH ĐỘNG,0.9818
Lễ tân phục vụ như quần què,CHỬI BỚI,REVIEW,0.6051
mẹ kiếp Khách sạn ngu không tả được,CHỬI BỚI,KÍCH ĐỘNG,0.947
Truy cập http://vay82.com nhận 100k,SPAM,SẠCH,0.986
Con cún nhà này cưng xỉu lắm,SẠCH,KÍCH ĐỘNG,0.83
tổ cha CSKH biến đi,CHỬI BỚI,KÍCH ĐỘNG,0.9466
Truy cập http://sex99.com xem hàng,SPAM,SẠCH,0.9476
Ship hàng phục vụ như đầu bùi,CHỬI BỚI,REVIEW,0.6053
óc chó Bọn nhân viên ngu không tả được,CHỬI BỚI,KÍCH ĐỘNG,0.9912
Liên hệ 0848116040 để tư vấn,SPAM,SẠCH,0.9342
Con chó nhà này hiền khô ghê,SẠCH,KÍCH ĐỘNG,0.9368
tiên sư Quán này ngu không tả được,CHỬI BỚI,KÍCH ĐỘNG,0.9891
Thái độ bẩn như đầu bùi,CHỬI BỚI,KÍCH ĐỘNG,0.912
Truy cập http://soicau81.com xem hàng,SPAM,SẠCH,0.9914
"Chủ shop lừa đảo, tránh xa ngay",KÍCH ĐỘNG,CHỬI BỚI,0.6117
"Quán này gian manh, report ngay",KÍCH ĐỘNG,REVIEW,0.4052
tiên sư CSKH biến đi,CHỬI BỚI,KÍCH ĐỘNG,0.8526
"Hệ thống tráo trở, đừng mua ngay",KÍCH ĐỘNG,SẠCH,0.8332
Nhân viên thấy tận tâm ^^,SẠCH,REVIEW,0.6352
Nhân viên siêu tiện lợi nha,SẠCH,SPAM,0.9922
Con mụ chủ làm ăn như đầu bùi,CHỬI BỚI,KÍCH ĐỘNG,0.9875
Bọn nhân viên như lợn,CHỬI BỚI,KÍCH ĐỘNG,0.9601
đéo Con mụ chủ làm ăn chán đời,CHỬI BỚI,KÍCH ĐỘNG,0.9113
Dịch vụ phục vụ như quần què,CHỬI BỚI,REVIEW,0.4986
Thái độ nhìn như hạch,CHỬI BỚI,KÍCH ĐỘNG,0.7526
"Cái chỗ này tráo trở, report ngay",KÍCH ĐỘNG,CHỬI BỚI,0.7115
"Chủ shop tráo trở, treo đầu dê bán thịt chó ngay",KÍCH ĐỘNG,CHỬI BỚI,0.6946
Con mụ chủ tệ như chó,CHỬI BỚI,KÍCH ĐỘNG,0.9843
Cái chỗ này thối như cc,CHỬI BỚI,KÍCH ĐỘNG,0.7382
"Điều hòa gian manh, lừa đảo ngay",KÍCH ĐỘNG,CHỬI BỚI,0.9143
"Wifi gian manh, bóc phốt ngay",KÍCH ĐỘNG,CHỬI BỚI,0.8918
Thằng quản lý ngu như shit,CHỬI BỚI,KÍCH ĐỘNG,0.9907
Chủ shop bẩn như cc,CHỬI BỚI,KÍCH ĐỘNG,0.8425
chó chết CSKH làm ăn chán đời,CHỬI BỚI,KÍCH ĐỘNG,0.9224
CSKH dở như chó,CHỬI BỚI,KÍCH ĐỘNG,0.9058
"Chủ shop tráo trở, đòi lại tiền ngay",KÍCH ĐỘNG,REVIEW,0.5413
CSKH phục vụ như hạch,CHỬI BỚI,KÍCH ĐỘNG,0.615
Thái độ ngu như rác rưởi,CHỬI BỚI,KÍCH ĐỘNG,0.5118
Ib ngay 0578847018 để tư vấn,SPAM,SẠCH,0.9931
Nhân viên hơi bị xịn sò ạ,SẠCH,KÍCH ĐỘNG,0.6966
Alo 0672043377 để kết bạn,SPAM,SẠCH,0.9916
tổ cha Con mụ chủ làm ăn chán đời,CHỬI BỚI,KÍCH ĐỘNG,0.957
Con mèo nhà này lanh lợi ghê,SẠCH,REVIEW,0.3953
Truy cập http://sex14.com xem hàng,SPAM,SẠCH,0.9733
"Ship hàng gian manh, treo đầu dê bán thịt chó ngay",KÍCH ĐỘNG,CHỬI BỚI,0.8915
Bọn nhân viên như đống phân,CHỬI BỚI,KÍCH ĐỘNG,0.9592
bố láo Cái chỗ này ngu không tả được,CHỬI BỚI,KÍCH ĐỘNG,0.9854
Thái độ ngu như cc,CHỬI BỚI,KÍCH ĐỘNG,0.9581
Zalo 0469570620 để tư vấn,SPAM,REVIEW,0.5694
"Dịch vụ lừa đảo, bóc phốt ngay",KÍCH ĐỘNG,SPAM,0.9866
"CSKH tráo trở, report ngay",KÍCH ĐỘNG,REVIEW,0.5711
"Lễ tân tráo trở, lừa đảo ngay",KÍCH ĐỘNG,CHỬI BỚI,0.8381
tiên sư Nhà vệ sinh dẹp tiệm đi,CHỬI BỚI,SẠCH,0.8274
Bọn nhân viên như bẹn,CHỬI BỚI,KÍCH ĐỘNG,0.9799
Truy cập http://soicau40.com nhận 100k,SPAM,SẠCH,0.9791
"Món ăn lừa đảo, cạch mặt ngay",KÍCH ĐỘNG,CHỬI BỚI,0.9408
CSKH tệ như shit,CHỬI BỚI,KÍCH ĐỘNG,0.6317
"Hệ thống lừa đảo, cẩn thận bị lừa ngay",KÍCH ĐỘNG,CHỬI BỚI,0.681
Con mèo nhà này thông minh ghê,SẠCH,KÍCH ĐỘNG,0.6486
ngu vãi Thằng quản lý biến đi,CHỬI BỚI,KÍCH ĐỘNG,0.9654
Anh em đừng bao giờ đến shop này,KÍCH ĐỘNG,SẠCH,0.9924
Thằng quản lý phục vụ như đống phân,CHỬI BỚI,KÍCH ĐỘNG,0.9724
Con mụ chủ bẩn như quần què,CHỬI BỚI,KÍCH ĐỘNG,0.9871
Thái độ phục vụ như đầu bùi,CHỬI BỚI,REVIEW,0.4745
Truy cập http://sex84.com nhận khuyến mãi,SPAM,SẠCH,0.9651
Nhắn tin 0920737717 để tư vấn,SPAM,SẠCH,0.9668
"Wifi gian manh, gian dối ngay",KÍCH ĐỘNG,CHỬI BỚI,0.9394
"Quán này gian manh, lừa đảo ngay",KÍCH ĐỘNG,REVIEW,0.5441
Truy cập http://vay52.com nhận khuyến mãi,SPAM,SẠCH,0.9911
Resort trông xịn sò ^^,SẠCH,REVIEW,0.4766
"Khách sạn lừa đảo, làm ăn bố láo ngay",KÍCH ĐỘNG,CHỬI BỚI,0.8157
Quán này thối như cứt,CHỬI BỚI,REVIEW,0.5042
Nhân viên siêu chill ạ,SẠCH,SPAM,0.9604
Truy cập http://sex74.com nhận khuyến mãi,SPAM,SẠCH,0.9632
Truy cập http://sex85.com nhận 100k,SPAM,SẠCH,0.9752
Bọn nhân viên nhìn như hạch,CHỬI BỚI,KÍCH ĐỘNG,0.9567
Thằng quản lý như quần què,CHỬI BỚI,KÍCH ĐỘNG,0.9922
Chủ shop thối như cc,CHỬI BỚI,KÍCH ĐỘNG,0.7126
"Điều hòa gian manh, kiện ngay",KÍCH ĐỘNG,SẠCH,0.975
"Phục vụ lừa đảo, cẩn thận bị lừa ngay",KÍCH ĐỘNG,CHỬI BỚI,0.7221
"Chủ shop gian manh, báo công an ngay",KÍCH ĐỘNG,SẠCH,0.8588
Quán này nhìn như bò,CHỬI BỚI,KÍCH ĐỘNG,0.6884
Con mụ chủ phục vụ như quần què,CHỬI BỚI,KÍCH ĐỘNG,0.9461
bố láo Ship hàng biến đi,CHỬI BỚI,KÍCH ĐỘNG,0.7535
Thằng quản lý bẩn như rác rưởi,CHỬI BỚI,KÍCH ĐỘNG,0.986
Liên hệ 0836322930 để tư vấn,SPAM,SẠCH,0.8476
Truy cập http://sex89.com xem hàng,SPAM,SẠCH,0.9769
"Ship hàng tráo trở, tránh xa ngay",KÍCH ĐỘNG,SẠCH,0.7617
"Chủ shop tráo trở, lừa đảo ngay",KÍCH ĐỘNG,CHỬI BỚI,0.7742
Chủ shop tệ như bò,CHỬI BỚI,KÍCH ĐỘNG,0.9125
Con chó của chủ quán đáng yêu quá,SẠCH,REVIEW,0.3373
"Wifi tráo trở, đừng mua ngay",KÍCH ĐỘNG,SẠCH,0.993
Bọn nhân viên làm ăn như lợn,CHỬI BỚI,KÍCH ĐỘNG,0.9734
"Cách làm ăn lừa đảo, treo đầu dê bán thịt chó ngay",KÍCH ĐỘNG,CHỬI BỚI,0.8614
óc chó CSKH dẹp tiệm đi,CHỬI BỚI,KÍCH ĐỘNG,0.9861
Chủ shop tệ như hạch,CHỬI BỚI,REVIEW,0.4844
tổ cha Ship hàng ngu không tả được,CHỬI BỚI,KÍCH ĐỘNG,0.986
Bọn nhân viên dở như bò,CHỬI BỚI,KÍCH ĐỘNG,0.9908
Call 0714564315 để tư vấn,SPAM,SẠCH,0.973
Con mèo nhà này cưng xỉu lắm,SẠCH,KÍCH ĐỘNG,0.8846
CSKH ngu như lợn,CHỬI BỚI,KÍCH ĐỘNG,0.9852
Bọn nhân viên làm ăn như c*c,CHỬI BỚI,KÍCH ĐỘNG,0.9803
Con mụ chủ làm ăn như bẹn,CHỬI BỚI,KÍCH ĐỘNG,0.9826
"Khách sạn gian manh, cạch mặt ngay",KÍCH ĐỘNG,CHỬI BỚI,0.5791
mất dạy Dịch vụ ngu không tả được,CHỬI BỚI,KÍCH ĐỘNG,0.8955
"Cách làm ăn tráo trở, report ngay",KÍCH ĐỘNG,SPAM,0.9847
khốn nạn Quán này làm ăn chán đời,CHỬI BỚI,REVIEW,0.5168
Ib ngay 0499708292 để kết bạn,SPAM,SẠCH,0.9919
Call 0367172751 để nhận quà,SPAM,SẠCH,0.9938
Con mụ chủ hãm lờ,CHỬI BỚI,KÍCH ĐỘNG,0.9831
"Món ăn tráo trở, bóc phốt ngay",KÍCH ĐỘNG,SẠCH,0.8225
Truy cập http://sex38.com nhận 100k,SPAM,SẠCH,0.963
Ib ngay 0327241106 để nhận quà,SPAM,SẠCH,0.9844
"Cách làm ăn tráo trở, đừng mua ngay",KÍCH ĐỘNG,REVIEW,0.612
Con cún của chủ quán lanh lợi quá,SẠCH,KÍCH ĐỘNG,0.5591
Cái chỗ này làm ăn như hạch,CHỬI BỚI,KÍCH ĐỘNG,0.5562
mất dạy Quán này biến đi,CHỬI BỚI,KÍCH ĐỘNG,0.8226
"Phục vụ tráo trở, bóc phốt ngay",KÍCH ĐỘNG,CHỬI BỚI,0.7992
mẹ kiếp Bọn nhân viên làm ăn chán đời,CHỬI BỚI,KÍCH ĐỘNG,0.9757
Ship hàng phục vụ như hạch,CHỬI BỚI,SẠCH,0.6664
Truy cập http://soicau82.com nhận 100k,SPAM,SẠCH,0.9851
CSKH thối như lợn,CHỬI BỚI,KÍCH ĐỘNG,0.8556
Cái chỗ này thối như l*n,CHỬI BỚI,KÍCH ĐỘNG,0.6994
Anh em đừng bao giờ đến bọn này,KÍCH ĐỘNG,REVIEW,0.6322
Truy cập http://vay52.com xem hàng,SPAM,SẠCH,0.9872
"Món ăn gian manh, báo công an ngay",KÍCH ĐỘNG,SẠCH,0.8489
mẹ kiếp Dịch vụ ngu không tả được,CHỬI BỚI,KÍCH ĐỘNG,0.9452
Điều hòa tệ như bò,CHỬI BỚI,KÍCH ĐỘNG,0.9352
"Nhà vệ sinh lừa đảo, gian dối ngay",KÍCH ĐỘNG,CHỬI BỚI,0.9257
"Cách làm ăn gian manh, cạch mặt ngay",KÍCH ĐỘNG,REVIEW,0.4738
"Wifi gian manh, report ngay",KÍCH ĐỘNG,SẠCH,0.8772
"Chủ shop lừa đảo, report ngay",KÍCH ĐỘNG,REVIEW,0.4787
Bọn nhân viên như cc,CHỬI BỚI,KÍCH ĐỘNG,0.9838
mất dạy Ship hàng biến đi,CHỬI BỚI,REVIEW,0.4459
Call 0550403564 để tư vấn,SPAM,SẠCH,0.9773
Con chó của chủ quán cưng xỉu ghê,SẠCH,KÍCH ĐỘNG,0.9751
bố láo Cách làm ăn làm ăn chán đời,CHỬI BỚI,KÍCH ĐỘNG,0.9484
Nhắn tin 0582318888 để tư vấn,SPAM,SẠCH,0.9613
"Quán này lừa đảo, report ngay",KÍCH ĐỘNG,REVIEW,0.4485
"Nhà vệ sinh tráo trở, gian dối ngay",KÍCH ĐỘNG,CHỬI BỚI,0.9142
Nhắn tin 0984872904 để tư vấn,SPAM,SẠCH,0.9715
"Cái chỗ này gian manh, report ngay",KÍCH ĐỘNG,REVIEW,0.4872
Truy cập http://sex28.com nhận 100k,SPAM,SẠCH,0.9551
Zalo 0319728833 để tư vấn,SPAM,SẠCH,0.6962
Truy cập http://soicau51.com xem hàng,SPAM,SẠCH,0.9876
Truy cập http://sex77.com nhận khuyến mãi,SPAM,SẠCH,0.9209
Con chó nhà này lanh lợi ghê,SẠCH,KÍCH ĐỘNG,0.9695
Bọn nhân viên phục vụ như chó,CHỬI BỚI,KÍCH ĐỘNG,0.8812
Nhắn tin 0581881328 để tư vấn,SPAM,SẠCH,0.974
"Hệ thống tráo trở, bóc phốt ngay",KÍCH ĐỘNG,REVIEW,0.4852
Nhắn tin 0827281490 để nhận quà,SPAM,SẠCH,0.9903
mất dạy Bọn nhân viên biến đi,CHỬI BỚI,KÍCH ĐỘNG,0.9508
CSKH thối hoắc,CHỬI BỚI,KÍCH ĐỘNG,0.9693
"Món ăn tráo trở, lừa đảo ngay",KÍCH ĐỘNG,CHỬI BỚI,0.8735
óc chó Lễ tân dẹp tiệm đi,CHỬI BỚI,KÍCH ĐỘNG,0.9573
"Cách làm ăn tráo trở, cạch mặt ngay",KÍCH ĐỘNG,SẠCH,0.9085
mất dạy Điều hòa biến đi,CHỬI BỚI,REVIEW,0.5005
Alo 0656677809 để nhận quà,SPAM,SẠCH,0.9957
"Dịch vụ gian manh, lừa đảo ngay",KÍCH ĐỘNG,CHỬI BỚI,0.8908
"Phục vụ gian manh, cạch mặt ngay",KÍCH ĐỘNG,CHỬI BỚI,0.8108
Truy cập http://vay37.com nhận 100k,SPAM,SẠCH,0.9854
"Hệ thống lừa đảo, kiện ngay",KÍCH ĐỘNG,REVIEW,0.4683
Thằng quản lý chán như cứt,CHỬI BỚI,KÍCH ĐỘNG,0.9847
"Khách sạn gian manh, tẩy chay ngay",KÍCH ĐỘNG,CHỬI BỚI,0.5898
tiên sư Quán này biến đi,CHỬI BỚI,SẠCH,0.8472
tổ cha Quán này ngu không tả được,CHỬI BỚI,KÍCH ĐỘNG,0.9888
Con chó của chủ quán dễ thương ghê,SẠCH,REVIEW,0.5278
Truy cập http://sex54.com nhận 100k,SPAM,SẠCH,0.9568
Chủ shop nhìn như rác rưởi,CHỬI BỚI,REVIEW,0.3527
Hotline 0648867118 để tư vấn,SPAM,SẠCH,0.9175
"Hệ thống gian manh, dối trá ngay",KÍCH ĐỘNG,CHỬI BỚI,0.74
đéo Lễ tân ngu không tả được,CHỬI BỚI,KÍCH ĐỘNG,0.5882
mất dạy Thằng quản lý ngu không tả được,CHỬI BỚI,KÍCH ĐỘNG,0.9918
mẹ kiếp Lễ tân ngu không tả được,CHỬI BỚI,KÍCH ĐỘNG,0.9806
Zalo 0742215235 để kết bạn,SPAM,SẠCH,0.786
Khách sạn ngu như l*n,CHỬI BỚI,KÍCH ĐỘNG,0.7483
Cái chỗ này ngu như hạch,CHỬI BỚI,KÍCH ĐỘNG,0.9319
Điều hòa dở như shit,CHỬI BỚI,SẠCH,0.7735
Dịch vụ ngu như đầu bùi,CHỬI BỚI,KÍCH ĐỘNG,0.8995
Phục vụ ngu như cứt,CHỬI BỚI,KÍCH ĐỘNG,0.6717
Wifi ngu như bẹn,CHỬI BỚI,KÍCH ĐỘNG,0.5366
Truy cập http://sex36.com nhận khuyến mãi,SPAM,SẠCH,0.9597
"Nhà vệ sinh lừa đảo, lừa đảo ngay",KÍCH ĐỘNG,CHỬI BỚI,0.825
Món ăn ngu như bò,CHỬI BỚI,KÍCH ĐỘNG,0.9297
Tư vấn 0423308671 để nhận quà,SPAM,SẠCH,0.9779
tổ cha Lễ tân ngu không tả được,CHỬI BỚI,KÍCH ĐỘNG,0.9888
"Nhà vệ sinh tráo trở, đừng mua ngay",KÍCH ĐỘNG,SẠCH,0.963
Điều hòa tệ như đầu bùi,CHỬI BỚI,SẠCH,0.6659
Bọn nhân viên dở như chó,CHỬI BỚI,KÍCH ĐỘNG,0.9824
"Wifi lừa đảo, tránh xa ngay",KÍCH ĐỘNG,REVIEW,0.506
"Ship hàng lừa đảo, dối trá ngay",KÍCH ĐỘNG,CHỬI BỚI,0.9138
tổ cha Ship hàng dẹp tiệm đi,CHỬI BỚI,KÍCH ĐỘNG,0.5688
Truy cập http://soicau88.com nhận khuyến mãi,SPAM,SẠCH,0.9879
Bọn nhân viên tệ như lợn,CHỬI BỚI,KÍCH ĐỘNG,0.9563
"Dịch vụ lừa đảo, kiện ngay",KÍCH ĐỘNG,SPAM,0.9946
Con mụ chủ thối như c*c,CHỬI BỚI,KÍCH ĐỘNG,0.9877
Con mèo nhà này thông minh lắm,SẠCH,KÍCH ĐỘNG,0.8277
Thằng quản lý phục vụ như bò,CHỬI BỚI,KÍCH ĐỘNG,0.9907
"Món ăn tráo trở, report ngay",KÍCH ĐỘNG,SẠCH,0.9928
"Wifi tráo trở, tẩy chay ngay",KÍCH ĐỘNG,REVIEW,0.4671
chó chết Bọn nhân viên ngu không tả được,CHỬI BỚI,KÍCH ĐỘNG,0.9855
"Hệ thống gian manh, cạch mặt ngay",KÍCH ĐỘNG,CHỬI BỚI,0.6427
"Nhà vệ sinh lừa đảo, báo công an ngay",KÍCH ĐỘNG,CHỬI BỚI,0.7323
CSKH bẩn như c*c,CHỬI BỚI,KÍCH ĐỘNG,0.9755
Con mụ chủ dở như rác rưởi,CHỬI BỚI,KÍCH ĐỘNG,0.987
"Cách làm ăn lừa đảo, tránh xa ngay",KÍCH ĐỘNG,SẠCH,0.6694
Nhắn tin 0793377004 để tư vấn,SPAM,SẠCH,0.9663
"Khách sạn gian manh, tránh xa ngay",KÍCH ĐỘNG,CHỬI BỚI,0.6196
Mọi người report cái chỗ này nhé,KÍCH ĐỘNG,SẠCH,0.9309
Bọn nhân viên thối như hạch,CHỬI BỚI,KÍCH ĐỘNG,0.9898
Truy cập http://sex95.com nhận 100k,SPAM,SẠCH,0.9725
chó chết Hệ thống làm ăn chán đời,CHỬI BỚI,KÍCH ĐỘNG,0.6769
"Chủ shop gian manh, kiện ngay",KÍCH ĐỘNG,SẠCH,0.9649
đm Thái độ ngu không tả được,CHỬI BỚI,KÍCH ĐỘNG,0.7916
tiên sư Phục vụ dẹp tiệm đi,CHỬI BỚI,SẠCH,0.9248
Truy cập http://soicau63.com xem hàng,SPAM,SẠCH,0.9892
Con cún nhà này thông minh quá,SẠCH,KÍCH ĐỘNG,0.9305
bố láo Cách làm ăn dẹp tiệm đi,CHỬI BỚI,KÍCH ĐỘNG,0.9552
tổ cha Wifi làm ăn chán đời,CHỬI BỚI,KÍCH ĐỘNG,0.9279
Truy cập http://vay30.com nhận khuyến mãi,SPAM,SẠCH,0.9894
"Wifi lừa đảo, treo đầu dê bán thịt chó ngay",KÍCH ĐỘNG,CHỬI BỚI,0.9427
Hệ thống thối hoắc,CHỬI BỚI,KÍCH ĐỘNG,0.8277
CSKH thối như đống phân,CHỬI BỚI,KÍCH ĐỘNG,0.9241
"Ship hàng tráo trở, kiện ngay",KÍCH ĐỘNG,SPAM,0.9338
"Cái chỗ này tráo trở, dối trá ngay",KÍCH ĐỘNG,CHỬI BỚI,0.812
Phục vụ làm ăn như bò,CHỬI BỚI,KÍCH ĐỘNG,0.8784
"Lễ tân lừa đảo, dối trá ngay",KÍCH ĐỘNG,CHỬI BỚI,0.931
"Khách sạn tráo trở, đòi lại tiền ngay",KÍCH ĐỘNG,REVIEW,0.5332
Nhân viên cảm thấy đáng tiền.,SẠCH,REVIEW,0.6041
Chủ shop làm ăn như c*c,CHỬI BỚI,KÍCH ĐỘNG,0.5117
Bọn nhân viên dở như đống phân,CHỬI BỚI,KÍCH ĐỘNG,0.9814
Truy cập http://vay58.com nhận 100k,SPAM,SẠCH,0.985
Truy cập http://soicau83.com nhận 100k,SPAM,SẠCH,0.986
Con mụ chủ như c*c,CHỬI BỚI,KÍCH ĐỘNG,0.98
Thằng quản lý tệ như cứt,CHỬI BỚI,KÍCH ĐỘNG,0.9869
Chủ shop phục vụ như đầu bùi,CHỬI BỚI,KÍCH ĐỘNG,0.5128
Ib ngay 0962211416 để tư vấn,SPAM,SẠCH,0.9857
óc chó Quán này dẹp tiệm đi,CHỬI BỚI,KÍCH ĐỘNG,0.9836
"Wifi lừa đảo, dối trá ngay",KÍCH ĐỘNG,CHỬI BỚI,0.9296
"Món ăn lừa đảo, lừa đảo ngay",KÍCH ĐỘNG,CHỬI BỚI,0.9129
bố láo Ship hàng ngu không tả được,CHỬI BỚI,KÍCH ĐỘNG,0.9826
Thái độ bẩn như cc,CHỬI BỚI,KÍCH ĐỘNG,0.7593
Truy cập http://soicau91.com nhận khuyến mãi,SPAM,SẠCH,0.9918
"Lễ tân lừa đảo, cạch mặt ngay",KÍCH ĐỘNG,SPAM,0.9668
Hotline 0642165183 để kết bạn,SPAM,SẠCH,0.983
Call 0881248184 để tư vấn,SPAM,SẠCH,0.9758
"Chủ shop lừa đảo, cẩn thận bị lừa ngay",KÍCH ĐỘNG,CHỬI BỚI,0.6481
Thái độ ngu như hạch,CHỬI BỚI,KÍCH ĐỘNG,0.9571
"Điều hòa gian manh, dối trá ngay",KÍCH ĐỘNG,CHỬI BỚI,0.8872
Truy cập http://sex15.com nhận khuyến mãi,SPAM,SẠCH,0.9536
Anh em tẩy chay gấp chỗ này,KÍCH ĐỘNG,SẠCH,0.9116
Thằng quản lý ngu như bẹn,CHỬI BỚI,KÍCH ĐỘNG,0.9918
"Quán này tráo trở, treo đầu dê bán thịt chó ngay",KÍCH ĐỘNG,CHỬI BỚI,0.6137
Truy cập http://vay24.com xem hàng,SPAM,SẠCH,0.9663
Truy cập http://sex31.com xem hàng,SPAM,SẠCH,0.9687
ngu vãi Bọn nhân viên làm ăn chán đời,CHỬI BỚI,KÍCH ĐỘNG,0.9295
Bọn nhân viên bẩn như l*n,CHỬI BỚI,KÍCH ĐỘNG,0.9912
Truy cập http://soicau60.com xem hàng,SPAM,SẠCH,0.9859
Món ăn nhìn như hạch,CHỬI BỚI,SẠCH,0.677
Bọn nhân viên dở như đầu bùi,CHỬI BỚI,KÍCH ĐỘNG,0.9901
"Điều hòa tráo trở, tẩy chay ngay",KÍCH ĐỘNG,SẠCH,0.7391
"Cái chỗ này tráo trở, bóc phốt ngay",KÍCH ĐỘNG,CHỬI BỚI,0.6429
tổ cha Phục vụ biến đi,CHỬI BỚI,KÍCH ĐỘNG,0.5618
Alo 0419487244 để tư vấn,SPAM,SẠCH,0.9918
bố láo Chủ shop dẹp tiệm đi,CHỬI BỚI,KÍCH ĐỘNG,0.8905
Con chó của chủ quán đáng yêu ghê,SẠCH,REVIEW,0.4882
Truy cập http://sex87.com nhận 100k,SPAM,SẠCH,0.977
"Cái chỗ này lừa đảo, đòi lại tiền ngay",KÍCH ĐỘNG,CHỬI BỚI,0.914
mẹ kiếp Nhà vệ sinh ngu không tả được,CHỬI BỚI,KÍCH ĐỘNG,0.8928
Truy cập http://sex33.com nhận khuyến mãi,SPAM,SẠCH,0.9695
"Ship hàng lừa đảo, cẩn thận bị lừa ngay",KÍCH ĐỘNG,REVIEW,0.5164
"Khách sạn tráo trở, bóc phốt ngay",KÍCH ĐỘNG,CHỬI BỚI,0.8618
Cả nhà đừng bao giờ đến shop này,KÍCH ĐỘNG,SẠCH,0.9871
"Ship hàng lừa đảo, lừa đảo ngay",KÍCH ĐỘNG,CHỬI BỚI,0.8881
mẹ kiếp Quán này ngu không tả được,CHỬI BỚI,KÍCH ĐỘNG,0.9699
Liên hệ 0541795754 để nhận quà,SPAM,SẠCH,0.9831
ngu vãi Chủ shop biến đi,CHỬI BỚI,REVIEW,0.5237
tiên sư Bọn nhân viên làm ăn chán đời,CHỬI BỚI,KÍCH ĐỘNG,0.907
tổ cha Hệ thống dẹp tiệm đi,CHỬI BỚI,KÍCH ĐỘNG,0.7163
khốn nạn Con mụ chủ dẹp tiệm đi,CHỬI BỚI,KÍCH ĐỘNG,0.9207
Ib ngay 0556279497 để tư vấn,SPAM,SẠCH,0.9862
bố láo Lễ tân dẹp tiệm đi,CHỬI BỚI,KÍCH ĐỘNG,0.7722
CSKH thối như rác rưởi,CHỬI BỚI,KÍCH ĐỘNG,0.8635
Nhân viên cực kỳ tiện lợi nha,SẠCH,SPAM,0.9952
"Ship hàng lừa đảo, gian dối ngay",KÍCH ĐỘNG,CHỬI BỚI,0.9372
"Quán này gian manh, tránh xa ngay",KÍCH ĐỘNG,REVIEW,0.449
"Khách sạn lừa đảo, cạch mặt ngay",KÍCH ĐỘNG,CHỬI BỚI,0.8606
tiên sư Chủ shop dẹp tiệm đi,CHỬI BỚI,SẠCH,0.9548
Anh em đừng bao giờ đến chỗ này,KÍCH ĐỘNG,SẠCH,0.9882
Con mụ chủ bẩn như c*c,CHỬI BỚI,KÍCH ĐỘNG,0.9846
"Wifi tráo trở, tránh xa ngay",KÍCH ĐỘNG,SẠCH,0.9581
Chủ shop nhìn như đầu bùi,CHỬI BỚI,KÍCH ĐỘNG,0.6411
óc chó Nhà vệ sinh làm ăn chán đời,CHỬI BỚI,KÍCH ĐỘNG,0.9876
"Món ăn tráo trở, tẩy chay ngay",KÍCH ĐỘNG,REVIEW,0.5084
Mọi người tránh xa cái chỗ này nhé,KÍCH ĐỘNG,SẠCH,0.938
Dịch vụ ngu như rác rưởi,CHỬI BỚI,KÍCH ĐỘNG,0.5218
Hỗ trợ 0738541703 để nhận quà,SPAM,SẠCH,0.8677
CSKH dở như quần què,CHỬI BỚI,KÍCH ĐỘNG,0.9685
Điều hòa ngu như bò,CHỬI BỚI,KÍCH ĐỘNG,0.8755
Con chó của chủ quán quấn người quá,SẠCH,KÍCH ĐỘNG,0.8558
Cả nhà tẩy chay gấp chỗ này,KÍCH ĐỘNG,REVIEW,0.6147
Truy cập http://sex20.com xem hàng,SPAM,SẠCH,0.9603
Bọn nhân viên thối như cứt,CHỬI BỚI,KÍCH ĐỘNG,0.9893
Bọn nhân viên dở như hạch,CHỬI BỚI,KÍCH ĐỘNG,0.9855
"Dịch vụ gian manh, cẩn thận bị lừa ngay",KÍCH ĐỘNG,CHỬI BỚI,0.7895
Truy cập http://soicau21.com nhận khuyến mãi,SPAM,SẠCH,0.9892
Anh chủ trông xịn sò :)),SẠCH,REVIEW,0.4936
tổ cha Cách làm ăn làm ăn chán đời,CHỬI BỚI,KÍCH ĐỘNG,0.8794
tổ cha Wifi ngu không tả được,CHỬI BỚI,KÍCH ĐỘNG,0.9899
"Phục vụ tráo trở, dối trá ngay",KÍCH ĐỘNG,CHỬI BỚI,0.9114
Thằng quản lý ngu như cứt,CHỬI BỚI,KÍCH ĐỘNG,0.9925
Mọi người report cái quán này nhé,KÍCH ĐỘNG,SẠCH,0.98
Truy cập http://sex45.com nhận 100k,SPAM,SẠCH,0.9665
Phòng ốc thực sự ổn áp ^^,SẠCH,SPAM,0.5016
đm Chủ shop làm ăn chán đời,CHỬI BỚI,REVIEW,0.508
Nhà vệ sinh ngu như bò,CHỬI BỚI,KÍCH ĐỘNG,0.9782
Thằng quản lý chán như c*c,CHỬI BỚI,KÍCH ĐỘNG,0.9905
Quán này ngu như đống phân,CHỬI BỚI,KÍCH ĐỘNG,0.9109
Con mụ chủ thối như chó,CHỬI BỚI,KÍCH ĐỘNG,0.9889
Ib ngay 0569502743 để kết bạn,SPAM,SẠCH,0.9927
Truy cập http://vay74.com nhận 100k,SPAM,SẠCH,0.9852
Thái độ làm ăn như hạch,CHỬI BỚI,KÍCH ĐỘNG,0.821
"Chủ shop tráo trở, dối trá ngay",KÍCH ĐỘNG,CHỬI BỚI,0.676
Call 0389532299 để nhận quà,SPAM,SẠCH,0.9925
"Khách sạn gian manh, report ngay",KÍCH ĐỘNG,REVIEW,0.4819
CSKH ngu như quần què,CHỬI BỚI,KÍCH ĐỘNG,0.9899
Bọn nhân viên làm ăn như đầu bùi,CHỬI BỚI,KÍCH ĐỘNG,0.989
Tư vấn 0314634878 để tư vấn,SPAM,SẠCH,0.8196
Con mèo nhà này quấn người ghê,SẠCH,REVIEW,0.3775
vcl Con mụ chủ làm ăn chán đời,CHỬI BỚI,KÍCH ĐỘNG,0.8387
ngu vãi Thằng quản lý làm ăn chán đời,CHỬI BỚI,KÍCH ĐỘNG,0.9695
tổ cha Cái chỗ này dẹp tiệm đi,CHỬI BỚI,REVIEW,0.4852
"Cái chỗ này gian manh, đòi lại tiền ngay",KÍCH ĐỘNG,CHỬI BỚI,0.7142
"Chủ shop tráo trở, cạch mặt ngay",KÍCH ĐỘNG,SẠCH,0.6616
Truy cập http://vay46.com xem hàng,SPAM,SẠCH,0.9914
"Nhà vệ sinh tráo trở, lừa đảo ngay",KÍCH ĐỘNG,CHỬI BỚI,0.7817
"Ship hàng gian manh, làm ăn bố láo ngay",KÍCH ĐỘNG,CHỬI BỚI,0.6002
"Dịch vụ tráo trở, treo đầu dê bán thịt chó ngay",KÍCH ĐỘNG,CHỬI BỚI,0.9022
CSKH phục vụ như cứt,CHỬI BỚI,KÍCH ĐỘNG,0.8715
óc chó Nhà vệ sinh dẹp tiệm đi,CHỬI BỚI,KÍCH ĐỘNG,0.8906
CSKH làm ăn như hạch,CHỬI BỚI,KÍCH ĐỘNG,0.9287
Tư vấn 0977968783 để kết bạn,SPAM,REVIEW,0.5088
Điều hòa ngu như quần què,CHỬI BỚI,KÍCH ĐỘNG,0.8568
Cách làm ăn láo toét,CHỬI BỚI,REVIEW,0.4985
Con mụ chủ thối như đống phân,CHỬI BỚI,KÍCH ĐỘNG,0.989
"Cách làm ăn lừa đảo, cẩn thận bị lừa ngay",KÍCH ĐỘNG,REVIEW,0.4253
Trải nghiệm khá xịn sò!,SẠCH,REVIEW,0.479
CSKH thối như hạch,CHỬI BỚI,KÍCH ĐỘNG,0.9832
"Chủ shop lừa đảo, tẩy chay ngay",KÍCH ĐỘNG,CHỬI BỚI,0.6249
CSKH thối như c*c,CHỬI BỚI,KÍCH ĐỘNG,0.9625
mẹ kiếp Bọn nhân viên biến đi,CHỬI BỚI,KÍCH ĐỘNG,0.944
Truy cập http://vay79.com xem hàng,SPAM,SẠCH,0.9916
mẹ kiếp Điều hòa ngu không tả được,CHỬI BỚI,KÍCH ĐỘNG,0.9708
Bọn nhân viên phục vụ như bẹn,CHỬI BỚI,KÍCH ĐỘNG,0.944
tổ cha Con mụ chủ dẹp tiệm đi,CHỬI BỚI,KÍCH ĐỘNG,0.8152
"Hệ thống tráo trở, dối trá ngay",KÍCH ĐỘNG,CHỬI BỚI,0.7948
Truy cập http://soicau82.com xem hàng,SPAM,SẠCH,0.9898
óc chó Ship hàng dẹp tiệm đi,CHỬI BỚI,KÍCH ĐỘNG,0.8323
Call 0968668164 để kết bạn,SPAM,SẠCH,0.9927
Cái chỗ này chán như cứt,CHỬI BỚI,KÍCH ĐỘNG,0.7713
bố láo Phục vụ biến đi,CHỬI BỚI,KÍCH ĐỘNG,0.9288
chó chết Con mụ chủ ngu không tả được,CHỬI BỚI,KÍCH ĐỘNG,0.9871
"Quán này lừa đảo, lừa đảo ngay",KÍCH ĐỘNG,CHỬI BỚI,0.7009
đm CSKH ngu không tả được,CHỬI BỚI,KÍCH ĐỘNG,0.9896
CSKH nhìn như rác rưởi,CHỬI BỚI,KÍCH ĐỘNG,0.7203
Hotline 0338220725 để nhận quà,SPAM,SẠCH,0.9127
Nhắn tin 0394703934 để tư vấn,SPAM,SẠCH,0.9667
Quán này chán như bò,CHỬI BỚI,KÍCH ĐỘNG,0.6417
"Món ăn lừa đảo, báo công an ngay",KÍCH ĐỘNG,CHỬI BỚI,0.6746
"Hệ thống gian manh, gian dối ngay",KÍCH ĐỘNG,CHỬI BỚI,0.896
Truy cập http://vay22.com xem hàng,SPAM,SẠCH,0.9875
bố láo Nhà vệ sinh ngu không tả được,CHỬI BỚI,KÍCH ĐỘNG,0.9907
Thằng quản lý phục vụ như quần què,CHỬI BỚI,KÍCH ĐỘNG,0.99
chó chết Cái chỗ này ngu không tả được,CHỬI BỚI,REVIEW,0.5156
Bác bảo vệ hơi bị sang chảnh.,SẠCH,REVIEW,0.5688
Quán này ngu như c*c,CHỬI BỚI,KÍCH ĐỘNG,0.9177
CSKH tệ như lợn,CHỬI BỚI,KÍCH ĐỘNG,0.5182
"Lễ tân lừa đảo, report ngay",KÍCH ĐỘNG,SPAM,0.9932
Ship hàng ngu như cc,CHỬI BỚI,KÍCH ĐỘNG,0.7494
Truy cập http://sex52.com xem hàng,SPAM,SẠCH,0.9719
Truy cập http://vay44.com nhận 100k,SPAM,SẠCH,0.986
Truy cập http://sex67.com xem hàng,SPAM,SẠCH,0.979
vcl Con mụ chủ biến đi,CHỬI BỚI,REVIEW,0.5422
Nhân viên cực kỳ tốt!,SẠCH,SPAM,0.9819
Liên hệ 0834462442 để tư vấn,SPAM,SẠCH,0.8802
Tư vấn 0743967074 để nhận quà,SPAM,SẠCH,0.9676
khốn nạn Thằng quản lý dẹp tiệm đi,CHỬI BỚI,KÍCH ĐỘNG,0.9548
Phục vụ ngu như bò,CHỬI BỚI,KÍCH ĐỘNG,0.9031
tiên sư Điều hòa dẹp tiệm đi,CHỬI BỚI,SẠCH,0.9843
"Nhà vệ sinh lừa đảo, cẩn thận bị lừa ngay",KÍCH ĐỘNG,CHỬI BỚI,0.5917
Alo 0463000607 để nhận quà,SPAM,SẠCH,0.9945
Bọn nhân viên thối như bẹn,CHỬI BỚI,KÍCH ĐỘNG,0.9873
Thái độ phục vụ cực kỳ xịn sò ạ,SẠCH,KÍCH ĐỘNG,0.6231
CSKH dở như đầu bùi,CHỬI BỚI,KÍCH ĐỘNG,0.9634
Thái độ dở như bò,CHỬI BỚI,KÍCH ĐỘNG,0.963
tiên sư Cái chỗ này ngu không tả được,CHỬI BỚI,KÍCH ĐỘNG,0.9524
Wifi tệ như bò,CHỬI BỚI,KÍCH ĐỘNG,0.5291
Truy cập http://soicau30.com nhận 100k,SPAM,SẠCH,0.9782
tiên sư Phục vụ làm ăn chán đời,CHỬI BỚI,REVIEW,0.5128
Thái độ phục vụ như hạch,CHỬI BỚI,KÍCH ĐỘNG,0.7835
Tư vấn 0861692187 để nhận quà,SPAM,SẠCH,0.9489
óc chó Bọn nhân viên dẹp tiệm đi,CHỬI BỚI,KÍCH ĐỘNG,0.9846
"Khách sạn tráo trở, cẩn thận bị lừa ngay",KÍCH ĐỘNG,REVIEW,0.5349
mất dạy Chủ shop ngu không tả được,CHỬI BỚI,KÍCH ĐỘNG,0.9562
"Quán này gian manh, dối trá ngay",KÍCH ĐỘNG,CHỬI BỚI,0.5873
"Điều hòa tráo trở, kiện ngay",KÍCH ĐỘNG,SẠCH,0.9916
Bọn nhân viên thối như c*c,CHỬI BỚI,KÍCH ĐỘNG,0.9882
Truy cập http://soicau30.com xem hàng,SPAM,SẠCH,0.9828
Hotline 0827898503 để nhận quà,SPAM,SẠCH,0.9752
Thằng quản lý thối như lợn,CHỬI BỚI,KÍCH ĐỘNG,0.9877
Tư vấn 0529942115 để kết bạn,SPAM,SẠCH,0.9173
Hệ thống chán như bò,CHỬI BỚI,KÍCH ĐỘNG,0.9121
Điều hòa tệ như cứt,CHỬI BỚI,REVIEW,0.3502
Nhắn tin 0353278640 để tư vấn,SPAM,SẠCH,0.9658
"Quán này gian manh, kiện ngay",KÍCH ĐỘNG,CHỬI BỚI,0.5741
Các bạn đừng bao giờ đến chỗ này,KÍCH ĐỘNG,SẠCH,0.9878
Cái chỗ này ngu như chó,CHỬI BỚI,REVIEW,0.5362
tổ cha Hệ thống ngu không tả được,CHỬI BỚI,KÍCH ĐỘNG,0.9889
"Wifi lừa đảo, cạch mặt ngay",KÍCH ĐỘNG,CHỬI BỚI,0.9022
khốn nạn Thằng quản lý ngu không tả được,CHỬI BỚI,KÍCH ĐỘNG,0.9894
Con mèo nhà này ngoan ghê,SẠCH,REVIEW,0.4463
Thái độ tệ như hạch,CHỬI BỚI,KÍCH ĐỘNG,0.818
Cách làm ăn ngu như c*c,CHỬI BỚI,KÍCH ĐỘNG,0.9476
"Điều hòa lừa đảo, report ngay",KÍCH ĐỘNG,SPAM,0.9989
Cô lao công siêu đẳng cấp.,SẠCH,REVIEW,0.6086
Con chó nhà này đáng yêu quá,SẠCH,KÍCH ĐỘNG,0.8143
Truy cập http://soicau32.com nhận khuyến mãi,SPAM,SẠCH,0.9906
"Ship hàng lừa đảo, report ngay",KÍCH ĐỘNG,REVIEW,0.3949
khốn nạn Thằng quản lý biến đi,CHỬI BỚI,KÍCH ĐỘNG,0.9404
"Cách làm ăn tráo trở, cẩn thận bị lừa ngay",KÍCH ĐỘNG,REVIEW,0.4944
"Wifi gian manh, báo công an ngay",KÍCH ĐỘNG,REVIEW,0.517
tổ cha Dịch vụ làm ăn chán đời,CHỬI BỚI,KÍCH ĐỘNG,0.6055
Alo 0681733683 để kết bạn,SPAM,SẠCH,0.9942
"Khách sạn tráo trở, báo công an ngay",KÍCH ĐỘNG,CHỬI BỚI,0.645
Nhắn tin 0635814930 để kết bạn,SPAM,SẠCH,0.9867
Hotline 0634599052 để nhận quà,SPAM,SẠCH,0.9478
"Ship hàng gian manh, kiện ngay",KÍCH ĐỘNG,SẠCH,0.9062
Khách sạn ngu như bẹn,CHỬI BỚI,KÍCH ĐỘNG,0.6612
"Phục vụ lừa đảo, đòi lại tiền ngay",KÍCH ĐỘNG,CHỬI BỚI,0.6004
"Phục vụ tráo trở, báo công an ngay",KÍCH ĐỘNG,REVIEW,0.4959
Zalo 0564561631 để nhận quà,SPAM,SẠCH,0.8788
Truy cập http://vay61.com xem hàng,SPAM,SẠCH,0.9908
Bọn nhân viên chán như đống phân,CHỬI BỚI,KÍCH ĐỘNG,0.9162
Ib ngay 0881824452 để nhận quà,SPAM,SẠCH,0.9899
"Wifi lừa đảo, đòi lại tiền ngay",KÍCH ĐỘNG,REVIEW,0.4174
Mọi người cẩn thận bị lừa cái quán này nhé,KÍCH ĐỘNG,REVIEW,0.6378
Con mụ chủ dơ dáy,CHỬI BỚI,KÍCH ĐỘNG,0.9591
tổ cha Cách làm ăn biến đi,CHỬI BỚI,KÍCH ĐỘNG,0.8932
"Hệ thống gian manh, lừa đảo ngay",KÍCH ĐỘNG,CHỬI BỚI,0.6576
Quán này như bò,CHỬI BỚI,KÍCH ĐỘNG,0.7614
Con mụ chủ bẩn như rác rưởi,CHỬI BỚI,KÍCH ĐỘNG,0.9883
"Món ăn gian manh, gian dối ngay",KÍCH ĐỘNG,CHỬI BỚI,0.9257
Liên hệ 0945879844 để kết bạn,SPAM,SẠCH,0.9298
"Hệ thống lừa đảo, treo đầu dê bán thịt chó ngay",KÍCH ĐỘNG,CHỬI BỚI,0.8591
tiên sư Thằng quản lý dẹp tiệm đi,CHỬI BỚI,KÍCH ĐỘNG,0.9514
"Cái chỗ này lừa đảo, cạch mặt ngay",KÍCH ĐỘNG,CHỬI BỚI,0.8479
Cái chỗ này phục vụ như đầu bùi,CHỬI BỚI,KÍCH ĐỘNG,0.5609
"Chủ shop gian manh, đừng mua ngay",KÍCH ĐỘNG,REVIEW,0.5085
Thằng quản lý nhìn như c*c,CHỬI BỚI,KÍCH ĐỘNG,0.9903
Thái độ dở như hạch,CHỬI BỚI,KÍCH ĐỘNG,0.7934
"Chủ shop lừa đảo, dối trá ngay",KÍCH ĐỘNG,CHỬI BỚI,0.8967
chó chết CSKH biến đi,CHỬI BỚI,KÍCH ĐỘNG,0.869
khốn nạn Quán này ngu không tả được,CHỬI BỚI,KÍCH ĐỘNG,0.8951
"Thái độ gian manh, đừng mua ngay",KÍCH ĐỘNG,REVIEW,0.4628
Bọn nhân viên phục vụ như đống phân,CHỬI BỚI,KÍCH ĐỘNG,0.8225
Truy cập http://sex79.com nhận 100k,SPAM,SẠCH,0.9748
Nhân viên trông rộng rãi ^^,SẠCH,SPAM,0.5278
Truy cập http://soicau26.com nhận 100k,SPAM,SẠCH,0.9802
Món ăn như hạch,CHỬI BỚI,SẠCH,0.8515
đm Con mụ chủ biến đi,CHỬI BỚI,KÍCH ĐỘNG,0.9661
Hệ thống thối như l*n,CHỬI BỚI,KÍCH ĐỘNG,0.7165
Con mụ chủ ngu như l*n,CHỬI BỚI,KÍCH ĐỘNG,0.9884
Truy cập http://vay68.com nhận khuyến mãi,SPAM,SẠCH,0.9919
Thằng quản lý làm ăn như rác rưởi,CHỬI BỚI,KÍCH ĐỘNG,0.9355
Lễ tân ngu như c*c,CHỬI BỚI,KÍCH ĐỘNG,0.9563
óc chó CSKH làm ăn chán đời,CHỬI BỚI,KÍCH ĐỘNG,0.9921
Mọi người treo đầu dê bán thịt chó cái chỗ này nhé,KÍCH ĐỘNG,CHỬI BỚI,0.8876
"Cách làm ăn gian manh, treo đầu dê bán thịt chó ngay",KÍCH ĐỘNG,CHỬI BỚI,0.5678
Con mụ chủ phục vụ như bò,CHỬI BỚI,KÍCH ĐỘNG,0.9847
Các bạn tránh xa quán này,KÍCH ĐỘNG,SẠCH,0.9683
Bọn nhân viên ngu như đống phân,CHỬI BỚI,KÍCH ĐỘNG,0.9905
Nhắn tin 0996017970 để tư vấn,SPAM,SẠCH,0.9805
bố láo Khách sạn biến đi,CHỬI BỚI,KÍCH ĐỘNG,0.8395
Alo 0711974979 để nhận quà,SPAM,SẠCH,0.9958
Quán này làm ăn như cứt,CHỬI BỚI,REVIEW,0.5369
"Hệ thống lừa đảo, đừng mua ngay",KÍCH ĐỘNG,REVIEW,0.6058
Ib ngay 0555351579 để kết bạn,SPAM,SẠCH,0.9938
tiên sư Khách sạn ngu không tả được,CHỬI BỚI,KÍCH ĐỘNG,0.9489
Con mụ chủ dở như c*c,CHỬI BỚI,KÍCH ĐỘNG,0.9815
Anh em tẩy chay gấp quán này,KÍCH ĐỘNG,SẠCH,0.8567
"Thái độ tráo trở, bóc phốt ngay",KÍCH ĐỘNG,CHỬI BỚI,0.8592
khốn nạn Bọn nhân viên biến đi,CHỬI BỚI,KÍCH ĐỘNG,0.7954
Alo 0454111851 để nhận quà,SPAM,SẠCH,0.9957
"Cái chỗ này lừa đảo, treo đầu dê bán thịt chó ngay",KÍCH ĐỘNG,CHỬI BỚI,0.9062
Truy cập http://sex72.com nhận khuyến mãi,SPAM,SẠCH,0.9603
CSKH bẩn thỉu,CHỬI BỚI,KÍCH ĐỘNG,0.9863
"Nhà vệ sinh tráo trở, tránh xa ngay",KÍCH ĐỘNG,SẠCH,0.6992
Truy cập http://soicau78.com nhận khuyến mãi,SPAM,SẠCH,0.99
tổ cha Cái chỗ này ngu không tả được,CHỬI BỚI,KÍCH ĐỘNG,0.981
tiên sư Điều hòa ngu không tả được,CHỬI BỚI,KÍCH ĐỘNG,0.9841
CSKH bẩn như cứt,CHỬI BỚI,KÍCH ĐỘNG,0.9866
Lễ tân như bò,CHỬI BỚI,KÍCH ĐỘNG,0.6981
Truy cập http://vay62.com nhận khuyến mãi,SPAM,SẠCH,0.9918
Truy cập http://sex26.com nhận khuyến mãi,SPAM,SẠCH,0.946
đéo Thằng quản lý dẹp tiệm đi,CHỬI BỚI,KÍCH ĐỘNG,0.8122
tổ cha Lễ tân dẹp tiệm đi,CHỬI BỚI,SẠCH,0.7738
"Chủ shop tráo trở, bóc phốt ngay",KÍCH ĐỘNG,CHỬI BỚI,0.7083
"Phục vụ gian manh, đừng mua ngay",KÍCH ĐỘNG,REVIEW,0.6146
Con mụ chủ bẩn như đống phân,CHỬI BỚI,KÍCH ĐỘNG,0.9881
Nhà vệ sinh ngu như hạch,CHỬI BỚI,KÍCH ĐỘNG,0.9838
Phục vụ như đầu bùi,CHỬI BỚI,REVIEW,0.443
bố láo Nhà vệ sinh làm ăn chán đời,CHỬI BỚI,KÍCH ĐỘNG,0.9428
Cái chỗ này dở như đầu bùi,CHỬI BỚI,KÍCH ĐỘNG,0.9034
bố láo Thái độ biến đi,CHỬI BỚI,KÍCH ĐỘNG,0.9652
Hỗ trợ 0358469279 để tư vấn,SPAM,SẠCH,0.6516
Thái độ ngu như c*c,CHỬI BỚI,KÍCH ĐỘNG,0.9581
mất dạy Con mụ chủ làm ăn chán đời,CHỬI BỚI,KÍCH ĐỘNG,0.9773
"Khách sạn lừa đảo, lừa đảo ngay",KÍCH ĐỘNG,CHỬI BỚI,0.8561
tổ cha Quán này biến đi,CHỬI BỚI,KÍCH ĐỘNG,0.9301
CSKH tệ như bẹn,CHỬI BỚI,REVIEW,0.5382
"Phục vụ gian manh, báo công an ngay",KÍCH ĐỘNG,REVIEW,0.4785
"Lễ tân tráo trở, đòi lại tiền ngay",KÍCH ĐỘNG,SẠCH,0.9504
Hệ thống dở như bò,CHỬI BỚI,KÍCH ĐỘNG,0.9406
Thằng quản lý chảnh chó,CHỬI BỚI,KÍCH ĐỘNG,0.9911
Khách sạn ngu như cc,CHỬI BỚI,KÍCH ĐỘNG,0.8684
Liên hệ 0324843168 để kết bạn,SPAM,SẠCH,0.9666
Hotline 0341491917 để tư vấn,SPAM,SẠCH,0.9314
"Ship hàng gian manh, bóc phốt ngay",KÍCH ĐỘNG,CHỬI BỚI,0.911
Bọn nhân viên tệ như đầu bùi,CHỬI BỚI,KÍCH ĐỘNG,0.9858
"Cách làm ăn tráo trở, báo công an ngay",KÍCH ĐỘNG,SPAM,0.93
tổ cha Chủ shop ngu không tả được,CHỬI BỚI,KÍCH ĐỘNG,0.9838
"Món ăn lừa đảo, dối trá ngay",KÍCH ĐỘNG,CHỬI BỚI,0.9336
mẹ kiếp Con mụ chủ dẹp tiệm đi,CHỬI BỚI,KÍCH ĐỘNG,0.7748
Bọn nhân viên như quần què,CHỬI BỚI,KÍCH ĐỘNG,0.988
Liên hệ 0389016096 để kết bạn,SPAM,SẠCH,0.9658
Thằng quản lý ngu như lợn,CHỬI BỚI,KÍCH ĐỘNG,0.9911
Alo 0390715802 để kết bạn,SPAM,SẠCH,0.9914
đm Bọn nhân viên làm ăn chán đời,CHỬI BỚI,KÍCH ĐỘNG,0.9618
Ib ngay 0786619313 để kết bạn,SPAM,SẠCH,0.9932
Bọn nhân viên chán như lợn,CHỬI BỚI,KÍCH ĐỘNG,0.8949
Ib ngay 0719224563 để nhận quà,SPAM,SẠCH,0.9901
Liên hệ 0326509066 để nhận quà,SPAM,SẠCH,0.9685
tiên sư Cách làm ăn dẹp tiệm đi,CHỬI BỚI,SẠCH,0.7395
Quán này ngu như rác rưởi,CHỬI BỚI,KÍCH ĐỘNG,0.6756
CSKH thối như quần què,CHỬI BỚI,KÍCH ĐỘNG,0.9359
Bọn nhân viên làm ăn như l*n,CHỬI BỚI,KÍCH ĐỘNG,0.9849
"Wifi tráo trở, gian dối ngay",KÍCH ĐỘNG,CHỬI BỚI,0.7509
tổ cha Món ăn ngu không tả được,CHỬI BỚI,KÍCH ĐỘNG,0.9741
tiên sư Hệ thống ngu không tả được,CHỬI BỚI,KÍCH ĐỘNG,0.9849
Phòng ốc siêu đáng tiền thực sự,SẠCH,SPAM,0.994
óc chó Chủ shop làm ăn chán đời,CHỬI BỚI,KÍCH ĐỘNG,0.9891
khốn nạn Bọn nhân viên dẹp tiệm đi,CHỬI BỚI,REVIEW,0.4986
Truy cập http://soicau77.com nhận khuyến mãi,SPAM,SẠCH,0.9911
CSKH nhìn như cứt,CHỬI BỚI,KÍCH ĐỘNG,0.9287
óc chó Con mụ chủ biến đi,CHỬI BỚI,KÍCH ĐỘNG,0.986
Con chó nhà này đáng yêu ghê,SẠCH,REVIEW,0.3755
Truy cập http://soicau63.com nhận 100k,SPAM,SẠCH,0.9851
CSKH như hạch,CHỬI BỚI,KÍCH ĐỘNG,0.9077
Bọn nhân viên dở như bẹn,CHỬI BỚI,KÍCH ĐỘNG,0.9864
Truy cập http://vay15.com nhận 100k,SPAM,SẠCH,0.9837
Con cún của chủ quán quấn người lắm,SẠCH,REVIEW,0.4424
Con mụ chủ nhìn như lợn,CHỬI BỚI,KÍCH ĐỘNG,0.9449
CSKH làm ăn như đống phân,CHỬI BỚI,KÍCH ĐỘNG,0.7539
Hệ thống ngu như cc,CHỬI BỚI,KÍCH ĐỘNG,0.9443
đm Quán này ngu không tả được,CHỬI BỚI,KÍCH ĐỘNG,0.9492
Thằng quản lý thối như rác rưởi,CHỬI BỚI,KÍCH ĐỘNG,0.9865
Thằng quản lý dở như l*n,CHỬI BỚI,KÍCH ĐỘNG,0.9904
"Nhà vệ sinh lừa đảo, dối trá ngay",KÍCH ĐỘNG,CHỬI BỚI,0.8895
Ib ngay 0627081942 để kết bạn,SPAM,SẠCH,0.9946
Bọn nhân viên chán như shit,CHỬI BỚI,KÍCH ĐỘNG,0.9449
tiên sư Thái độ làm ăn chán đời,CHỬI BỚI,REVIEW,0.4246
Thằng quản lý làm ăn như lợn,CHỬI BỚI,KÍCH ĐỘNG,0.9757
Điều hòa nhìn như rác rưởi,CHỬI BỚI,REVIEW,0.4873
"Điều hòa lừa đảo, cạch mặt ngay",KÍCH ĐỘNG,REVIEW,0.5294
"Ship hàng tráo trở, tẩy chay ngay",KÍCH ĐỘNG,CHỬI BỚI,0.6464
"Ship hàng tráo trở, báo công an ngay",KÍCH ĐỘNG,SẠCH,0.8068
"Wifi gian manh, đòi lại tiền ngay",KÍCH ĐỘNG,CHỬI BỚI,0.8573
Liên hệ 0328047614 để tư vấn,SPAM,SẠCH,0.9259
Bọn nhân viên ngu như cc,CHỬI BỚI,KÍCH ĐỘNG,0.9889
CSKH bẩn như chó,CHỬI BỚI,KÍCH ĐỘNG,0.9575
Hệ thống thối như đầu bùi,CHỬI BỚI,KÍCH ĐỘNG,0.6571
tiên sư Dịch vụ biến đi,CHỬI BỚI,SẠCH,0.9535
mẹ kiếp Thái độ ngu không tả được,CHỬI BỚI,KÍCH ĐỘNG,0.9733
Truy cập http://soicau42.com nhận 100k,SPAM,SẠCH,0.9815
Bọn nhân viên ngu như shit,CHỬI BỚI,KÍCH ĐỘNG,0.9896
Bọn nhân viên bẩn như quần què,CHỬI BỚI,KÍCH ĐỘNG,0.9913
Nhà vệ sinh làm ăn như bò,CHỬI BỚI,KÍCH ĐỘNG,0.9199
Call 0747385270 để kết bạn,SPAM,SẠCH,0.9908
Truy cập http://soicau64.com nhận 100k,SPAM,SẠCH,0.9822
"Ship hàng lừa đảo, đòi lại tiền ngay",KÍCH ĐỘNG,REVIEW,0.4946
Alo 0322472341 để kết bạn,SPAM,SẠCH,0.9926
Điều hòa dở như lợn,CHỬI BỚI,REVIEW,0.5455
"Phục vụ tráo trở, tránh xa ngay",KÍCH ĐỘNG,SẠCH,0.8786
"Quán này tráo trở, bóc phốt ngay",KÍCH ĐỘNG,CHỬI BỚI,0.6248
"Dịch vụ lừa đảo, đòi lại tiền ngay",KÍCH ĐỘNG,SPAM,0.9926
tiên sư Nhà vệ sinh biến đi,CHỬI BỚI,SẠCH,0.7398
Con chó của chủ quán hiền khô ghê,SẠCH,KÍCH ĐỘNG,0.8751
Thằng quản lý ngu như chó,CHỬI BỚI,KÍCH ĐỘNG,0.9892
Khách sạn ngu như quần què,CHỬI BỚI,KÍCH ĐỘNG,0.5527
Con mụ chủ tệ như quần què,CHỬI BỚI,KÍCH ĐỘNG,0.9877
CSKH tệ như đống phân,CHỬI BỚI,KÍCH ĐỘNG,0.832
Hệ thống thối như c*c,CHỬI BỚI,REVIEW,0.5016
Điều hòa phục vụ như hạch,CHỬI BỚI,SẠCH,0.6585
Thằng quản lý dở như shit,CHỬI BỚI,KÍCH ĐỘNG,0.9839
mẹ kiếp Quán này dẹp tiệm đi,CHỬI BỚI,REVIEW,0.4828
Thằng quản lý làm ăn như c*c,CHỬI BỚI,KÍCH ĐỘNG,0.9901
Truy cập http://sex18.com nhận 100k,SPAM,SẠCH,0.9584
Hotline 0795436550 để tư vấn,SPAM,SẠCH,0.9039
ngu vãi Bọn nhân viên biến đi,CHỬI BỚI,KÍCH ĐỘNG,0.818
Món ăn như bẹn,CHỬI BỚI,SẠCH,0.8316
Truy cập http://vay54.com nhận 100k,SPAM,SẠCH,0.9819
Lễ tân bẩn như c*c,CHỬI BỚI,KÍCH ĐỘNG,0.7326
"Chủ shop lừa đảo, bóc phốt ngay",KÍCH ĐỘNG,CHỬI BỚI,0.8848
tổ cha Quán này dẹp tiệm đi,CHỬI BỚI,KÍCH ĐỘNG,0.8379
Thái độ dở như c*c,CHỬI BỚI,KÍCH ĐỘNG,0.8387
mất dạy CSKH ngu không tả được,CHỬI BỚI,KÍCH ĐỘNG,0.9898
"Nhà vệ sinh lừa đảo, tránh xa ngay",KÍCH ĐỘNG,CHỬI BỚI,0.6858
Cách bài trí khá xịn sò lắm luôn,SẠCH,KÍCH ĐỘNG,0.8854
tổ cha Bọn nhân viên biến đi,CHỬI BỚI,KÍCH ĐỘNG,0.9685
CSKH chán như cứt,CHỬI BỚI,KÍCH ĐỘNG,0.9231
Quán này dở như cứt,CHỬI BỚI,REVIEW,0.5405
tổ cha Ship hàng biến đi,CHỬI BỚI,KÍCH ĐỘNG,0.7312
Hệ thống ngu như đống phân,CHỬI BỚI,KÍCH ĐỘNG,0.7673
Con mụ chủ nhìn như shit,CHỬI BỚI,KÍCH ĐỘNG,0.9847
Cái chỗ này chán như hạch,CHỬI BỚI,KÍCH ĐỘNG,0.7595
Tư vấn 0837470382 để kết bạn,SPAM,REVIEW,0.6311
Bọn nhân viên phục vụ như shit,CHỬI BỚI,KÍCH ĐỘNG,0.8955
Liên hệ 0768551738 để tư vấn,SPAM,SẠCH,0.8512
Điều hòa tệ như rác rưởi,CHỬI BỚI,REVIEW,0.5124
Bể bơi phải nói là xịn sò lắm luôn,SẠCH,REVIEW,0.6455
ngu vãi Chủ shop ngu không tả được,CHỬI BỚI,KÍCH ĐỘNG,0.7154
Lễ tân bẩn như hạch,CHỬI BỚI,KÍCH ĐỘNG,0.8172
Truy cập http://soicau90.com nhận 100k,SPAM,SẠCH,0.9837
"Phục vụ lừa đảo, tránh xa ngay",KÍCH ĐỘNG,REVIEW,0.647
mẹ kiếp Món ăn ngu không tả được,CHỬI BỚI,KÍCH ĐỘNG,0.882
chó chết Thằng quản lý ngu không tả được,CHỬI BỚI,KÍCH ĐỘNG,0.9893
Con chó nhà này cưng xỉu lắm,SẠCH,KÍCH ĐỘNG,0.9907
Truy cập http://vay90.com nhận khuyến mãi,SPAM,SẠCH,0.9918
đm CSKH làm ăn chán đời,CHỬI BỚI,KÍCH ĐỘNG,0.9798
Truy cập http://vay69.com nhận khuyến mãi,SPAM,SẠCH,0.9901
tổ cha Điều hòa biến đi,CHỬI BỚI,REVIEW,0.5296
Thằng quản lý tệ như quần què,CHỬI BỚI,KÍCH ĐỘNG,0.9912
đm Phục vụ ngu không tả được,CHỬI BỚI,KÍCH ĐỘNG,0.7888
"Dịch vụ lừa đảo, gian dối ngay",KÍCH ĐỘNG,CHỬI BỚI,0.9428
"Lễ tân gian manh, lừa đảo ngay",KÍCH ĐỘNG,CHỬI BỚI,0.7651
"Cái chỗ này lừa đảo, report ngay",KÍCH ĐỘNG,CHỬI BỚI,0.7183
Điều hòa bẩn thỉu,CHỬI BỚI,SẠCH,0.7178
Truy cập http://sex46.com nhận 100k,SPAM,SẠCH,0.967
Con mụ chủ bẩn như l*n,CHỬI BỚI,KÍCH ĐỘNG,0.9822
Truy cập http://soicau29.com nhận 100k,SPAM,SẠCH,0.9848
Thằng quản lý bẩn như đống phân,CHỬI BỚI,KÍCH ĐỘNG,0.9865
mẹ kiếp CSKH làm ăn chán đời,CHỬI BỚI,KÍCH ĐỘNG,0.9674
Call 0556201950 để nhận quà,SPAM,SẠCH,0.9952
"Hệ thống lừa đảo, làm ăn bố láo ngay",KÍCH ĐỘNG,REVIEW,0.5423
đéo Thằng quản lý làm ăn chán đời,CHỬI BỚI,KÍCH ĐỘNG,0.7215
Bọn nhân viên dở như rác rưởi,CHỬI BỚI,KÍCH ĐỘNG,0.9702
Ib ngay 0472106456 để tư vấn,SPAM,SẠCH,0.9914
Truy cập http://vay98.com xem hàng,SPAM,SẠCH,0.9921
Nhắn tin 0417686513 để kết bạn,SPAM,SẠCH,0.9885
Thái độ thối như c*c,CHỬI BỚI,KÍCH ĐỘNG,0.7471
Thằng quản lý phục vụ như rác rưởi,CHỬI BỚI,KÍCH ĐỘNG,0.9582
Trải nghiệm khá xịn sò.,SẠCH,REVIEW,0.5212
Con chó của chủ quán lanh lợi lắm,SẠCH,KÍCH ĐỘNG,0.8898
"Lễ tân lừa đảo, đòi lại tiền ngay",KÍCH ĐỘNG,SPAM,0.9337
óc chó CSKH ngu không tả được,CHỬI BỚI,KÍCH ĐỘNG,0.9917
đm Cách làm ăn ngu không tả được,CHỬI BỚI,KÍCH ĐỘNG,0.7728
"Điều hòa lừa đảo, kiện ngay",KÍCH ĐỘNG,SPAM,0.9637
bố láo Thằng quản lý dẹp tiệm đi,CHỬI BỚI,KÍCH ĐỘNG,0.9856
Alo 0698860072 để kết bạn,SPAM,SẠCH,0.9929
Con mụ chủ ngu như đầu bùi,CHỬI BỚI,KÍCH ĐỘNG,0.9875
"Cái chỗ này tráo trở, cạch mặt ngay",KÍCH ĐỘNG,CHỬI BỚI,0.5977
"Nhà vệ sinh tráo trở, đòi lại tiền ngay",KÍCH ĐỘNG,REVIEW,0.5058
Con chó nhà này ngoan lắm,SẠCH,KÍCH ĐỘNG,0.9882
"Cách làm ăn tráo trở, đòi lại tiền ngay",KÍCH ĐỘNG,SPAM,0.9016
Truy cập http://soicau93.com nhận khuyến mãi,SPAM,SẠCH,0.9914
Ib ngay 0846910654 để nhận quà,SPAM,SẠCH,0.992
"Chủ shop gian manh, treo đầu dê bán thịt chó ngay",KÍCH ĐỘNG,REVIEW,0.4994
Điều hòa làm ăn như lợn,CHỬI BỚI,REVIEW,0.5278
Quán này tệ như cứt,CHỬI BỚI,KÍCH ĐỘNG,0.5035
"Dịch vụ tráo trở, đừng mua ngay",KÍCH ĐỘNG,SẠCH,0.7981
Ib ngay 0678143312 để kết bạn,SPAM,SẠCH,0.9932
Alo 0619364512 để nhận quà,SPAM,SẠCH,0.9957
"Quán này tráo trở, báo công an ngay",KÍCH ĐỘNG,REVIEW,0.4213
"Ship hàng tráo trở, làm ăn bố láo ngay",KÍCH ĐỘNG,CHỬI BỚI,0.7175
Alo 0629726131 để nhận quà,SPAM,SẠCH,0.9952
Thằng quản lý chán như bẹn,CHỬI BỚI,KÍCH ĐỘNG,0.9764
Con cún của chủ quán ngoan quá,SẠCH,REVIEW,0.4782
Truy cập http://vay60.com nhận 100k,SPAM,SẠCH,0.9812
Quán này phục vụ như bò,CHỬI BỚI,KÍCH ĐỘNG,0.7873
"Cách làm ăn tráo trở, gian dối ngay",KÍCH ĐỘNG,CHỬI BỚI,0.7363
"Món ăn lừa đảo, tẩy chay ngay",KÍCH ĐỘNG,CHỬI BỚI,0.8802
Con mụ chủ chán như lợn,CHỬI BỚI,KÍCH ĐỘNG,0.98
chó chết Lễ tân ngu không tả được,CHỬI BỚI,KÍCH ĐỘNG,0.7487
"Ship hàng gian manh, báo công an ngay",KÍCH ĐỘNG,SPAM,0.9628
tổ cha Dịch vụ biến đi,CHỬI BỚI,KÍCH ĐỘNG,0.5302
"Điều hòa lừa đảo, treo đầu dê bán thịt chó ngay",KÍCH ĐỘNG,CHỬI BỚI,0.9303
tổ cha Khách sạn làm ăn chán đời,CHỬI BỚI,KÍCH ĐỘNG,0.6847
Alo 0668092685 để tư vấn,SPAM,SẠCH,0.9728
đm Bọn nhân viên ngu không tả được,CHỬI BỚI,KÍCH ĐỘNG,0.9877
tổ cha Phục vụ làm ăn chán đời,CHỬI BỚI,KÍCH ĐỘNG,0.5817
Liên hệ 0432463768 để tư vấn,SPAM,SẠCH,0.8293
"Chủ shop lừa đảo, đòi lại tiền ngay",KÍCH ĐỘNG,CHỬI BỚI,0.7997
Nhà vệ sinh ngu như lợn,CHỬI BỚI,KÍCH ĐỘNG,0.7209
Cái chỗ này bẩn như cứt,CHỬI BỚI,KÍCH ĐỘNG,0.5166
mất dạy Cái chỗ này làm ăn chán đời,CHỬI BỚI,KÍCH ĐỘNG,0.5388
bố láo Món ăn ngu không tả được,CHỬI BỚI,KÍCH ĐỘNG,0.9523
"Nhà vệ sinh lừa đảo, treo đầu dê bán thịt chó ngay",KÍCH ĐỘNG,CHỬI BỚI,0.8006
CSKH hãm lờ,CHỬI BỚI,KÍCH ĐỘNG,0.8281
Bọn nhân viên làm ăn như đống phân,CHỬI BỚI,KÍCH ĐỘNG,0.9333
Truy cập http://vay40.com xem hàng,SPAM,SẠCH,0.9889
Con chó nhà này hiền khô lắm,SẠCH,KÍCH ĐỘNG,0.9791
Các bạn tránh xa chỗ này,KÍCH ĐỘNG,SẠCH,0.9814
Hệ thống thối như bò,CHỬI BỚI,KÍCH ĐỘNG,0.9224
"Thái độ lừa đảo, gian dối ngay",KÍCH ĐỘNG,CHỬI BỚI,0.9455
CSKH như l*n,CHỬI BỚI,KÍCH ĐỘNG,0.9096
Không gian trông xịn sò lắm luôn,SẠCH,REVIEW,0.4902
Hỗ trợ 0856563530 để tư vấn,SPAM,SẠCH,0.8478
Vị trí phải nói là xịn sò lắm luôn,SẠCH,REVIEW,0.5475
Alo 0530776253 để nhận quà,SPAM,SẠCH,0.9954
Hệ thống tệ như cứt,CHỬI BỚI,KÍCH ĐỘNG,0.7755
"Quán này tráo trở, tránh xa ngay",KÍCH ĐỘNG,REVIEW,0.3628
bố láo Ship hàng dẹp tiệm đi,CHỬI BỚI,KÍCH ĐỘNG,0.7717
Ib ngay 0848049937 để nhận quà,SPAM,SẠCH,0.9761
Thái độ bẩn như cứt,CHỬI BỚI,REVIEW,0.4951
Thái độ phục vụ vô cùng xịn sò!,SẠCH,KÍCH ĐỘNG,0.8459
Con mụ chủ tệ như l*n,CHỬI BỚI,KÍCH ĐỘNG,0.9875
"Món ăn gian manh, đừng mua ngay",KÍCH ĐỘNG,SẠCH,0.8542
óc chó Khách sạn làm ăn chán đời,CHỬI BỚI,KÍCH ĐỘNG,0.9823
Hotline 0761937448 để nhận quà,SPAM,SẠCH,0.9801
mẹ kiếp Thằng quản lý ngu không tả được,CHỬI BỚI,KÍCH ĐỘNG,0.9909
Cả nhà đừng bao giờ đến chỗ này,KÍCH ĐỘNG,SẠCH,0.9741
Chủ shop ngu như chó,CHỬI BỚI,KÍCH ĐỘNG,0.675
tiên sư Con mụ chủ biến đi,CHỬI BỚI,KÍCH ĐỘNG,0.894
"Quán này gian manh, gian dối ngay",KÍCH ĐỘNG,CHỬI BỚI,0.7584
"Thái độ tráo trở, treo đầu dê bán thịt chó ngay",KÍCH ĐỘNG,CHỬI BỚI,0.763
Quán này ngu như bò,CHỬI BỚI,KÍCH ĐỘNG,0.974
Con cún nhà này ngoan quá,SẠCH,KÍCH ĐỘNG,0.8372
CSKH láo toét,CHỬI BỚI,KÍCH ĐỘNG,0.7001
Call 0599469305 để tư vấn,SPAM,SẠCH,0.9751
Điều hòa phục vụ như đầu bùi,CHỬI BỚI,SẠCH,0.8716
Cái chỗ này ngu như lợn,CHỬI BỚI,KÍCH ĐỘNG,0.8033
"Wifi gian manh, lừa đảo ngay",KÍCH ĐỘNG,CHỬI BỚI,0.8809
Tiện nghi tương đối xịn sò!,SẠCH,CHỬI BỚI,0.746
Quán này ngu như l*n,CHỬI BỚI,KÍCH ĐỘNG,0.8173
mất dạy Bọn nhân viên dẹp tiệm đi,CHỬI BỚI,KÍCH ĐỘNG,0.8742
"Nhà vệ sinh tráo trở, dối trá ngay",KÍCH ĐỘNG,CHỬI BỚI,0.8712
tiên sư Wifi làm ăn chán đời,CHỬI BỚI,REVIEW,0.427
Call 0334238122 để tư vấn,SPAM,SẠCH,0.9693
CSKH ngu như l*n,CHỬI BỚI,KÍCH ĐỘNG,0.9902
Con mụ chủ bẩn như lợn,CHỬI BỚI,KÍCH ĐỘNG,0.9823
"Phục vụ lừa đảo, tẩy chay ngay",KÍCH ĐỘNG,CHỬI BỚI,0.8172
Con mụ chủ phục vụ như shit,CHỬI BỚI,KÍCH ĐỘNG,0.9839
Hotline 0491427925 để tư vấn,SPAM,SẠCH,0.9123
Hỗ trợ 0442593312 để nhận quà,SPAM,SẠCH,0.7787
óc chó Món ăn làm ăn chán đời,CHỬI BỚI,KÍCH ĐỘNG,0.9866
Điều hòa tệ như hạch,CHỬI BỚI,SẠCH,0.6821
tiên sư Quán này dẹp tiệm đi,CHỬI BỚI,REVIEW,0.617
"Khách sạn tráo trở, report ngay",KÍCH ĐỘNG,SẠCH,0.818
"Ship hàng gian manh, cạch mặt ngay",KÍCH ĐỘNG,CHỬI BỚI,0.7412
Món ăn ngu như hạch,CHỬI BỚI,KÍCH ĐỘNG,0.887
"Dịch vụ lừa đảo, tẩy chay ngay",KÍCH ĐỘNG,CHỬI BỚI,0.8811
tổ cha Món ăn làm ăn chán đời,CHỬI BỚI,KÍCH ĐỘNG,0.847
Lễ tân phục vụ như đầu bùi,CHỬI BỚI,REVIEW,0.5428
Thái độ như đầu bùi,CHỬI BỚI,KÍCH ĐỘNG,0.8612
Điều hòa nhìn như đầu bùi,CHỬI BỚI,SẠCH,0.8841
"Dịch vụ tráo trở, cẩn thận bị lừa ngay",KÍCH ĐỘNG,REVIEW,0.5407
Truy cập http://sex27.com xem hàng,SPAM,SẠCH,0.9447
"Phục vụ gian manh, gian dối ngay",KÍCH ĐỘNG,CHỬI BỚI,0.9087
mất dạy Món ăn ngu không tả được,CHỬI BỚI,KÍCH ĐỘNG,0.8457
Chủ shop ngu như l*n,CHỬI BỚI,KÍCH ĐỘNG,0.9705
Các bạn tránh xa shop này,KÍCH ĐỘNG,SẠCH,0.9873
khốn nạn Bọn nhân viên ngu không tả được,CHỬI BỚI,KÍCH ĐỘNG,0.9871
Alo 0988816565 để nhận quà,SPAM,SẠCH,0.9957
Con chó của chủ quán dễ thương lắm,SẠCH,REVIEW,0.4286
Nhân viên trông tiện lợi nhé,SẠCH,SPAM,0.9869
"Khách sạn tráo trở, tẩy chay ngay",KÍCH ĐỘNG,CHỬI BỚI,0.577
óc chó Lễ tân ngu không tả được,CHỬI BỚI,KÍCH ĐỘNG,0.992
"Wifi tráo trở, cạch mặt ngay",KÍCH ĐỘNG,SẠCH,0.7086
mất dạy Wifi biến đi,CHỬI BỚI,REVIEW,0.3663
Hotline 0998146562 để kết bạn,SPAM,SẠCH,0.968
Truy cập http://sex71.com nhận khuyến mãi,SPAM,SẠCH,0.965
Cả nhà tẩy chay gấp shop này,KÍCH ĐỘNG,SẠCH,0.7535
Bọn nhân viên ngu như bẹn,CHỬI BỚI,KÍCH ĐỘNG,0.989
Không gian khá xịn sò ^^,SẠCH,REVIEW,0.3639
Thằng quản lý bẩn như bò,CHỬI BỚI,KÍCH ĐỘNG,0.9922
Truy cập http://soicau36.com xem hàng,SPAM,SẠCH,0.9852
Truy cập http://sex18.com nhận khuyến mãi,SPAM,SẠCH,0.9667
Truy cập http://sex64.com xem hàng,SPAM,SẠCH,0.979
bố láo CSKH làm ăn chán đời,CHỬI BỚI,KÍCH ĐỘNG,0.9903
Thái độ như cứt,CHỬI BỚI,KÍCH ĐỘNG,0.8021
Thằng quản lý phục vụ như hạch,CHỬI BỚI,KÍCH ĐỘNG,0.9892
"Món ăn gian manh, tẩy chay ngay",KÍCH ĐỘNG,CHỬI BỚI,0.7596
"Chủ shop tráo trở, đừng mua ngay",KÍCH ĐỘNG,SẠCH,0.8676
Món ăn ngu như cc,CHỬI BỚI,KÍCH ĐỘNG,0.7053
bố láo Khách sạn dẹp tiệm đi,CHỬI BỚI,KÍCH ĐỘNG,0.7094
Khách sạn bẩn như l*n,CHỬI BỚI,REVIEW,0.5462
Truy cập http://soicau22.com nhận khuyến mãi,SPAM,SẠCH,0.9892
Con chó nhà này dễ thương ghê,SẠCH,KÍCH ĐỘNG,0.5528
Truy cập http://vay63.com xem hàng,SPAM,SẠCH,0.9916
Nhắn tin 0846392330 để tư vấn,SPAM,SẠCH,0.9795
Bọn nhân viên tệ như cc,CHỬI BỚI,KÍCH ĐỘNG,0.9838
Truy cập http://soicau25.com nhận khuyến mãi,SPAM,SẠCH,0.9901
Truy cập http://sex13.com nhận 100k,SPAM,SẠCH,0.9682
CSKH tệ như quần què,CHỬI BỚI,KÍCH ĐỘNG,0.81
Truy cập http://vay62.com nhận 100k,SPAM,SẠCH,0.986
"Chủ shop tráo trở, tránh xa ngay",KÍCH ĐỘNG,SẠCH,0.9095
Quán này ngu như quần què,CHỬI BỚI,KÍCH ĐỘNG,0.8793
Phục vụ nhìn như đầu bùi,CHỬI BỚI,REVIEW,0.4779
Truy cập http://vay44.com nhận khuyến mãi,SPAM,SẠCH,0.9922
Truy cập http://soicau61.com nhận 100k,SPAM,SẠCH,0.9844
Tư vấn 0696057854 để tư vấn,SPAM,SẠCH,0.8655
tiên sư Điều hòa làm ăn chán đời,CHỬI BỚI,SẠCH,0.8126
Truy cập http://sex78.com nhận 100k,SPAM,SẠCH,0.9683
Mọi người dối trá cái chỗ này nhé,KÍCH ĐỘNG,CHỬI BỚI,0.8094
Truy cập http://vay55.com xem hàng,SPAM,SẠCH,0.9892
Điều hòa thối hoắc,CHỬI BỚI,SẠCH,0.92
Ib ngay 0469059917 để nhận quà,SPAM,SẠCH,0.9688
Con mụ chủ tệ như shit,CHỬI BỚI,KÍCH ĐỘNG,0.9891
"Chủ shop lừa đảo, gian dối ngay",KÍCH ĐỘNG,CHỬI BỚI,0.9079
Con mụ chủ tệ như đống phân,CHỬI BỚI,KÍCH ĐỘNG,0.9888
Thái độ như cc,CHỬI BỚI,KÍCH ĐỘNG,0.8166
Phục vụ ngu như hạch,CHỬI BỚI,KÍCH ĐỘNG,0.9016
Truy cập http://vay38.com nhận 100k,SPAM,SẠCH,0.9857
Hotline 0520519458 để tư vấn,SPAM,SẠCH,0.969
"Ship hàng lừa đảo, làm ăn bố láo ngay",KÍCH ĐỘNG,CHỬI BỚI,0.8408
"Dịch vụ gian manh, bóc phốt ngay",KÍCH ĐỘNG,CHỬI BỚI,0.8943
Truy cập http://sex40.com nhận 100k,SPAM,SẠCH,0.9603
"Lễ tân gian manh, kiện ngay",KÍCH ĐỘNG,SẠCH,0.9722
Dịch vụ tệ như bò,CHỬI BỚI,REVIEW,0.4979
"Dịch vụ lừa đảo, treo đầu dê bán thịt chó ngay",KÍCH ĐỘNG,CHỬI BỚI,0.9262
đéo CSKH ngu không tả được,CHỬI BỚI,KÍCH ĐỘNG,0.9556
"Phục vụ gian manh, cẩn thận bị lừa ngay",KÍCH ĐỘNG,CHỬI BỚI,0.6698
Liên hệ 0868684657 để tư vấn,SPAM,SẠCH,0.7832
Thằng quản lý như shit,CHỬI BỚI,KÍCH ĐỘNG,0.9802
Hỗ trợ 0352382084 để nhận quà,SPAM,SẠCH,0.6674
Chủ shop như quần què,CHỬI BỚI,REVIEW,0.5086
Bọn nhân viên thối như lợn,CHỬI BỚI,KÍCH ĐỘNG,0.9855
CSKH chán như bò,CHỬI BỚI,KÍCH ĐỘNG,0.9462
Nhân viên trông đáng tiền ^^,SẠCH,SPAM,0.9984
Mọi người kiện cái chỗ này nhé,KÍCH ĐỘNG,SẠCH,0.8238
Thằng quản lý chán như quần què,CHỬI BỚI,KÍCH ĐỘNG,0.991
Truy cập http://vay49.com nhận 100k,SPAM,SẠCH,0.9853
"Quán này lừa đảo, tránh xa ngay",KÍCH ĐỘNG,REVIEW,0.5212
"Món ăn lừa đảo, cẩn thận bị lừa ngay",KÍCH ĐỘNG,CHỬI BỚI,0.6908
mất dạy CSKH biến đi,CHỬI BỚI,KÍCH ĐỘNG,0.9475
óc chó Ship hàng làm ăn chán đời,CHỬI BỚI,KÍCH ĐỘNG,0.9857
Con cún của chủ quán cưng xỉu ghê,SẠCH,KÍCH ĐỘNG,0.6351
Truy cập http://soicau94.com nhận 100k,SPAM,SẠCH,0.9862
Mọi người đừng mua cái chỗ này nhé,KÍCH ĐỘNG,SẠCH,0.8851
Con mụ chủ dở như cứt,CHỬI BỚI,KÍCH ĐỘNG,0.9854
đm Nhà vệ sinh ngu không tả được,CHỬI BỚI,REVIEW,0.5219
Quán này tệ như hạch,CHỬI BỚI,KÍCH ĐỘNG,0.5256
Con mèo của chủ quán cưng xỉu quá,SẠCH,KÍCH ĐỘNG,0.7808
Cái chỗ này nhìn như hạch,CHỬI BỚI,REVIEW,0.5017
Tư vấn 0565202158 để nhận quà,SPAM,SẠCH,0.9635
"Nhà vệ sinh gian manh, bóc phốt ngay",KÍCH ĐỘNG,CHỬI BỚI,0.8849
Cái chỗ này bẩn như l*n,CHỬI BỚI,KÍCH ĐỘNG,0.6935
đm Thằng quản lý dẹp tiệm đi,CHỬI BỚI,KÍCH ĐỘNG,0.975
Bọn nhân viên thối như chó,CHỬI BỚI,KÍCH ĐỘNG,0.984
Cách làm ăn thối hoắc,CHỬI BỚI,KÍCH ĐỘNG,0.6958
Truy cập http://vay22.com nhận khuyến mãi,SPAM,SẠCH,0.991
Call 0861874415 để kết bạn,SPAM,SẠCH,0.9918
Truy cập http://soicau27.com nhận 100k,SPAM,SẠCH,0.983
Truy cập http://soicau86.com nhận 100k,SPAM,SẠCH,0.9861
Lễ tân dở như bò,CHỬI BỚI,KÍCH ĐỘNG,0.8698
óc chó Dịch vụ ngu không tả được,CHỬI BỚI,KÍCH ĐỘNG,0.9887
"Hệ thống tráo trở, lừa đảo ngay",KÍCH ĐỘNG,CHỬI BỚI,0.8993
Lễ tân ngu như cứt,CHỬI BỚI,KÍCH ĐỘNG,0.9472
"Điều hòa tráo trở, dối trá ngay",KÍCH ĐỘNG,CHỬI BỚI,0.6232
Thái độ thối hoắc,CHỬI BỚI,KÍCH ĐỘNG,0.9466
Truy cập http://vay91.com xem hàng,SPAM,SẠCH,0.992
"Khách sạn lừa đảo, treo đầu dê bán thịt chó ngay",KÍCH ĐỘNG,CHỬI BỚI,0.9258
Tư vấn 0437783986 để tư vấn,SPAM,SẠCH,0.7502
Truy cập http://soicau20.com nhận khuyến mãi,SPAM,SẠCH,0.9893
Truy cập http://vay34.com nhận khuyến mãi,SPAM,SẠCH,0.9912
"Món ăn lừa đảo, làm ăn bố láo ngay",KÍCH ĐỘNG,CHỬI BỚI,0.8492
Dịch vụ ngu như cứt,CHỬI BỚI,KÍCH ĐỘNG,0.8626
Con mèo của chủ quán ngoan lắm,SẠCH,REVIEW,0.5211
bố láo Phục vụ làm ăn chán đời,CHỬI BỚI,KÍCH ĐỘNG,0.8708
Hỗ trợ 0993428517 để tư vấn,SPAM,SẠCH,0.8699
"Cách làm ăn gian manh, dối trá ngay",KÍCH ĐỘNG,REVIEW,0.5304
"Cái chỗ này lừa đảo, làm ăn bố láo ngay",KÍCH ĐỘNG,CHỬI BỚI,0.5594
Hệ thống dở như hạch,CHỬI BỚI,KÍCH ĐỘNG,0.8819
"Món ăn gian manh, kiện ngay",KÍCH ĐỘNG,SẠCH,0.9106
Thằng quản lý làm ăn như cc,CHỬI BỚI,KÍCH ĐỘNG,0.9901
Hệ thống thối như cc,CHỬI BỚI,REVIEW,0.5016
Cái chỗ này bẩn như bò,CHỬI BỚI,KÍCH ĐỘNG,0.9439
"Điều hòa tráo trở, đừng mua ngay",KÍCH ĐỘNG,SẠCH,0.9889
"Điều hòa lừa đảo, báo công an ngay",KÍCH ĐỘNG,REVIEW,0.4828
"Hệ thống lừa đảo, lừa đảo ngay",KÍCH ĐỘNG,CHỬI BỚI,0.8629
Truy cập http://vay37.com xem hàng,SPAM,SẠCH,0.9901
"Lễ tân lừa đảo, đừng mua ngay",KÍCH ĐỘNG,SẠCH,0.6835
mất dạy Cái chỗ này ngu không tả được,CHỬI BỚI,KÍCH ĐỘNG,0.9106
Bọn nhân viên nhìn như c*c,CHỬI BỚI,KÍCH ĐỘNG,0.9555
CSKH như đầu bùi,CHỬI BỚI,KÍCH ĐỘNG,0.9557
Nhà vệ sinh tệ như hạch,CHỬI BỚI,KÍCH ĐỘNG,0.8325
Lễ tân ngu như rác rưởi,CHỬI BỚI,KÍCH ĐỘNG,0.9297
tổ cha Lễ tân làm ăn chán đời,CHỬI BỚI,KÍCH ĐỘNG,0.7085
Thái độ chán như bò,CHỬI BỚI,KÍCH ĐỘNG,0.8318
khốn nạn Con mụ chủ làm ăn chán đời,CHỬI BỚI,KÍCH ĐỘNG,0.9735
Con mụ chủ như lợn,CHỬI BỚI,KÍCH ĐỘNG,0.9344
"Wifi gian manh, đừng mua ngay",KÍCH ĐỘNG,SẠCH,0.9533
mẹ kiếp Điều hòa biến đi,CHỬI BỚI,REVIEW,0.5241
Truy cập http://sex55.com nhận 100k,SPAM,SẠCH,0.9645
Cái chỗ này ngu như cứt,CHỬI BỚI,KÍCH ĐỘNG,0.9036
Truy cập http://soicau34.com nhận 100k,SPAM,SẠCH,0.9824
Con cún của chủ quán thông minh ghê,SẠCH,REVIEW,0.4001
Truy cập http://sex76.com xem hàng,SPAM,SẠCH,0.9765
Truy cập http://vay70.com nhận 100k,SPAM,SẠCH,0.9838
Ib ngay 0975282802 để tư vấn,SPAM,SẠCH,0.9801
Nhắn tin 0860266600 để nhận quà,SPAM,SẠCH,0.9912
CSKH làm ăn như quần què,CHỬI BỚI,KÍCH ĐỘNG,0.6823
"Món ăn gian manh, đòi lại tiền ngay",KÍCH ĐỘNG,CHỬI BỚI,0.8141
Điều hòa hãm lờ,CHỬI BỚI,SẠCH,0.8181
tổ cha Thái độ ngu không tả được,CHỬI BỚI,KÍCH ĐỘNG,0.9843
Chủ shop phục vụ như quần què,CHỬI BỚI,SẠCH,0.6636
Cái chỗ này ngu như bẹn,CHỬI BỚI,KÍCH ĐỘNG,0.8945
tiên sư Khách sạn biến đi,CHỬI BỚI,SẠCH,0.9582
Truy cập http://soicau38.com nhận khuyến mãi,SPAM,SẠCH,0.9892
Alo 0873233658 để nhận quà,SPAM,SẠCH,0.9957
Truy cập http://soicau59.com nhận 100k,SPAM,SẠCH,0.9825
Thằng quản lý thối hoắc,CHỬI BỚI,KÍCH ĐỘNG,0.9927
mẹ kiếp Wifi ngu không tả được,CHỬI BỚI,KÍCH ĐỘNG,0.9784
"Dịch vụ tráo trở, bóc phốt ngay",KÍCH ĐỘNG,SPAM,0.9016
Ib ngay 0728717712 để tư vấn,SPAM,SẠCH,0.9867
Nhắn tin 0425439385 để tư vấn,SPAM,SẠCH,0.9758
Con mèo của chủ quán cưng xỉu lắm,SẠCH,KÍCH ĐỘNG,0.8152
mất dạy Lễ tân ngu không tả được,CHỬI BỚI,KÍCH ĐỘNG,0.9742
Nhắn tin 0737763344 để nhận quà,SPAM,SẠCH,0.9913
Bọn nhân viên thối hoắc,CHỬI BỚI,KÍCH ĐỘNG,0.9906
bố láo Khách sạn ngu không tả được,CHỬI BỚI,KÍCH ĐỘNG,0.9749
Dịch vụ ngu như cc,CHỬI BỚI,KÍCH ĐỘNG,0.9063
"Khách sạn gian manh, đòi lại tiền ngay",KÍCH ĐỘNG,CHỬI BỚI,0.8131
Bọn nhân viên như cặc,CHỬI BỚI,KÍCH ĐỘNG,0.9727
Thằng quản lý làm ăn như shit,CHỬI BỚI,KÍCH ĐỘNG,0.9802
Ship hàng ngu như bò,CHỬI BỚI,KÍCH ĐỘNG,0.6235
CSKH ngu như hạch,CHỬI BỚI,KÍCH ĐỘNG,0.9911
Truy cập http://soicau95.com nhận khuyến mãi,SPAM,SẠCH,0.9915
Con chó nhà này cưng xỉu ghê,SẠCH,KÍCH ĐỘNG,0.9876
bố láo Hệ thống dẹp tiệm đi,CHỬI BỚI,KÍCH ĐỘNG,0.8813
Nhà vệ sinh bẩn như bò,CHỬI BỚI,KÍCH ĐỘNG,0.7442
Mọi người kiện cái shop này nhé,KÍCH ĐỘNG,SẠCH,0.9902
"Hệ thống lừa đảo, gian dối ngay",KÍCH ĐỘNG,CHỬI BỚI,0.9311
Wifi dở như bò,CHỬI BỚI,KÍCH ĐỘNG,0.5247
Quán này ngu như bẹn,CHỬI BỚI,KÍCH ĐỘNG,0.9129
Truy cập http://vay55.com nhận 100k,SPAM,SẠCH,0.9829
óc chó Lễ tân làm ăn chán đời,CHỬI BỚI,KÍCH ĐỘNG,0.9915
Hỗ trợ 0671481340 để kết bạn,SPAM,SẠCH,0.6745
Khách sạn bẩn như bò,CHỬI BỚI,KÍCH ĐỘNG,0.6542
mẹ kiếp Cái chỗ này làm ăn chán đời,CHỬI BỚI,KÍCH ĐỘNG,0.7312
"Khách sạn lừa đảo, báo công an ngay",KÍCH ĐỘNG,REVIEW,0.4121
Alo 0735995660 để nhận quà,SPAM,SẠCH,0.9956
Con cún của chủ quán thông minh quá,SẠCH,KÍCH ĐỘNG,0.6552
Call 0979964657 để kết bạn,SPAM,SẠCH,0.9907
Truy cập http://sex45.com xem hàng,SPAM,SẠCH,0.9685
tiên sư Dịch vụ ngu không tả được,CHỬI BỚI,KÍCH ĐỘNG,0.943
CSKH bẩn như bò,CHỬI BỚI,KÍCH ĐỘNG,0.9909
"Dịch vụ tráo trở, kiện ngay",KÍCH ĐỘNG,SPAM,0.9996
Con mụ chủ bẩn như bẹn,CHỬI BỚI,KÍCH ĐỘNG,0.9842
Cái chỗ này dở như c*c,CHỬI BỚI,KÍCH ĐỘNG,0.5493
Truy cập http://soicau91.com nhận 100k,SPAM,SẠCH,0.9874
Truy cập http://soicau28.com nhận khuyến mãi,SPAM,SẠCH,0.9897
"Khách sạn tráo trở, tránh xa ngay",KÍCH ĐỘNG,REVIEW,0.6427
Cái chỗ này dở như cứt,CHỬI BỚI,KÍCH ĐỘNG,0.7914
Thái độ nhìn như l*n,CHỬI BỚI,REVIEW,0.5038
"Quán này lừa đảo, cẩn thận bị lừa ngay",KÍCH ĐỘNG,CHỬI BỚI,0.6309
"Dịch vụ lừa đảo, cẩn thận bị lừa ngay",KÍCH ĐỘNG,CHỬI BỚI,0.5626
Hotline 0664934565 để tư vấn,SPAM,SẠCH,0.9265
Alo 0512911833 để tư vấn,SPAM,SẠCH,0.9868
mẹ kiếp Con mụ chủ ngu không tả được,CHỬI BỚI,KÍCH ĐỘNG,0.9865
Điều hòa phục vụ như bò,CHỬI BỚI,KÍCH ĐỘNG,0.7159
"Lễ tân tráo trở, report ngay",KÍCH ĐỘNG,SẠCH,0.9915
"Nhà vệ sinh gian manh, gian dối ngay",KÍCH ĐỘNG,CHỬI BỚI,0.9331
tiên sư Wifi dẹp tiệm đi,CHỬI BỚI,SẠCH,0.8638
CSKH thối như bẹn,CHỬI BỚI,KÍCH ĐỘNG,0.9255
CSKH bẩn như rác rưởi,CHỬI BỚI,KÍCH ĐỘNG,0.9089
Điều hòa ngu như l*n,CHỬI BỚI,KÍCH ĐỘNG,0.6879
Phục vụ chán như bò,CHỬI BỚI,REVIEW,0.5456
"Cách làm ăn gian manh, đừng mua ngay",KÍCH ĐỘNG,REVIEW,0.3815
Dịch vụ ngu như quần què,CHỬI BỚI,KÍCH ĐỘNG,0.536
"Cách làm ăn gian manh, bóc phốt ngay",KÍCH ĐỘNG,CHỬI BỚI,0.5521
Con mụ chủ chán như rác rưởi,CHỬI BỚI,KÍCH ĐỘNG,0.9888
Thằng quản lý thối như bò,CHỬI BỚI,KÍCH ĐỘNG,0.9923
óc chó Cách làm ăn biến đi,CHỬI BỚI,KÍCH ĐỘNG,0.9896
"Ship hàng lừa đảo, tẩy chay ngay",KÍCH ĐỘNG,CHỬI BỚI,0.8655
Hotline 0591739817 để tư vấn,SPAM,SẠCH,0.9328
Các bạn tẩy chay gấp chỗ này,KÍCH ĐỘNG,REVIEW,0.5607
Điều hòa ngu như cc,CHỬI BỚI,KÍCH ĐỘNG,0.756
tổ cha Hệ thống biến đi,CHỬI BỚI,KÍCH ĐỘNG,0.8517
"Cái chỗ này gian manh, gian dối ngay",KÍCH ĐỘNG,CHỬI BỚI,0.8648
óc chó Khách sạn dẹp tiệm đi,CHỬI BỚI,KÍCH ĐỘNG,0.7724
bố láo Thái độ ngu không tả được,CHỬI BỚI,KÍCH ĐỘNG,0.9846
Call 0771907235 để nhận quà,SPAM,SẠCH,0.9941
Truy cập http://vay89.com nhận 100k,SPAM,SẠCH,0.9866
Phòng ốc vô cùng xịn sò.,SẠCH,KÍCH ĐỘNG,0.6766
Thái độ ngu như bẹn,CHỬI BỚI,KÍCH ĐỘNG,0.7707
Con mụ chủ phục vụ như đống phân,CHỬI BỚI,KÍCH ĐỘNG,0.9404
bố láo CSKH dẹp tiệm đi,CHỬI BỚI,KÍCH ĐỘNG,0.9824
Tư vấn 0565441299 để tư vấn,SPAM,SẠCH,0.8211
Con mụ chủ ngu như cc,CHỬI BỚI,KÍCH ĐỘNG,0.9882
Truy cập http://sex82.com xem hàng,SPAM,SẠCH,0.9772
tiên sư CSKH làm ăn chán đời,CHỬI BỚI,KÍCH ĐỘNG,0.9509
Truy cập http://sex76.com nhận 100k,SPAM,SẠCH,0.9693
Điều hòa nhìn như lợn,CHỬI BỚI,SẠCH,0.7397
Hệ thống bẩn như bò,CHỬI BỚI,KÍCH ĐỘNG,0.9134
"Ship hàng gian manh, tẩy chay ngay",KÍCH ĐỘNG,CHỬI BỚI,0.6758
Truy cập http://vay72.com nhận khuyến mãi,SPAM,SẠCH,0.992
"Món ăn tráo trở, đừng mua ngay",KÍCH ĐỘNG,SẠCH,0.9887
tổ cha Khách sạn ngu không tả được,CHỬI BỚI,KÍCH ĐỘNG,0.9734
Nhân viên tương đối lung linh ^^,SẠCH,SPAM,0.8083
Ship hàng phục vụ như lợn,CHỬI BỚI,REVIEW,0.566
Nhân viên trông chill hihi,SẠCH,SPAM,0.5542
Liên hệ 0847848388 để nhận quà,SPAM,SẠCH,0.9792
"Dịch vụ tráo trở, cạch mặt ngay",KÍCH ĐỘNG,SPAM,0.9965
Nhân viên tương đối ổn áp nha,SẠCH,SPAM,0.9795
bố láo Cái chỗ này làm ăn chán đời,CHỬI BỚI,KÍCH ĐỘNG,0.9778
"Nhà vệ sinh tráo trở, cẩn thận bị lừa ngay",KÍCH ĐỘNG,CHỬI BỚI,0.5956
Nhắn tin 0422709138 để kết bạn,SPAM,SẠCH,0.988
Mọi thứ cực kỳ xịn sò!,SẠCH,CHỬI BỚI,0.5635
Nhắn tin 0739907827 để tư vấn,SPAM,SẠCH,0.9621
mất dạy Lễ tân biến đi,CHỬI BỚI,REVIEW,0.4382
"Khách sạn gian manh, bóc phốt ngay",KÍCH ĐỘNG,CHỬI BỚI,0.8559
Con chó của chủ quán ngoan lắm,SẠCH,KÍCH ĐỘNG,0.9392
Truy cập http://vay25.com nhận khuyến mãi,SPAM,SẠCH,0.9911
tổ cha Con mụ chủ biến đi,CHỬI BỚI,KÍCH ĐỘNG,0.8879
Con cún nhà này quấn người quá,SẠCH,KÍCH ĐỘNG,0.5706
Lễ tân thối như hạch,CHỬI BỚI,REVIEW,0.4905
Truy cập http://soicau66.com nhận khuyến mãi,SPAM,SẠCH,0.9895
Truy cập http://sex63.com xem hàng,SPAM,SẠCH,0.9711
Quán này ngu như cc,CHỬI BỚI,KÍCH ĐỘNG,0.9177
Call 0411215514 để kết bạn,SPAM,SẠCH,0.9888
CSKH bẩn như shit,CHỬI BỚI,KÍCH ĐỘNG,0.9568
Truy cập http://sex37.com nhận khuyến mãi,SPAM,SẠCH,0.9525
Ib ngay 0733711219 để kết bạn,SPAM,SẠCH,0.9932
Hỗ trợ 0657864552 để kết bạn,SPAM,SẠCH,0.7275
Thằng quản lý làm ăn như l*n,CHỬI BỚI,KÍCH ĐỘNG,0.9898
"Lễ tân gian manh, dối trá ngay",KÍCH ĐỘNG,CHỬI BỚI,0.7578
"Wifi lừa đảo, làm ăn bố láo ngay",KÍCH ĐỘNG,CHỬI BỚI,0.9111
Hỗ trợ 0487245242 để kết bạn,SPAM,REVIEW,0.5539
Con chó nhà này ngoan ghê,SẠCH,KÍCH ĐỘNG,0.9759
tổ cha Điều hòa ngu không tả được,CHỬI BỚI,KÍCH ĐỘNG,0.9867
Phục vụ ngu như c*c,CHỬI BỚI,KÍCH ĐỘNG,0.902
"Ship hàng tráo trở, bóc phốt ngay",KÍCH ĐỘNG,CHỬI BỚI,0.6293
Con mụ chủ bẩn như đầu bùi,CHỬI BỚI,KÍCH ĐỘNG,0.9807
"Ship hàng gian manh, report ngay",KÍCH ĐỘNG,SẠCH,0.9454
"Điều hòa gian manh, tránh xa ngay",KÍCH ĐỘNG,SẠCH,0.8416
Điều hòa như shit,CHỬI BỚI,SẠCH,0.8227
Ib ngay 0474978404 để kết bạn,SPAM,SẠCH,0.9934
CSKH bẩn như l*n,CHỬI BỚI,KÍCH ĐỘNG,0.9856
"Cái chỗ này lừa đảo, kiện ngay",KÍCH ĐỘNG,CHỬI BỚI,0.8231
mẹ kiếp Ship hàng ngu không tả được,CHỬI BỚI,KÍCH ĐỘNG,0.8431
đm Thằng quản lý làm ăn chán đời,CHỬI BỚI,KÍCH ĐỘNG,0.9853
tổ cha Thằng quản lý dẹp tiệm đi,CHỬI BỚI,KÍCH ĐỘNG,0.9823
Wifi nhìn như shit,CHỬI BỚI,REVIEW,0.5789
Con cún của chủ quán quấn người ghê,SẠCH,REVIEW,0.6398
Món ăn phục vụ như lợn,CHỬI BỚI,SẠCH,0.8483
Bọn nhân viên chán như cc,CHỬI BỚI,KÍCH ĐỘNG,0.9788
tiên sư Lễ tân biến đi,CHỬI BỚI,SẠCH,0.9204
Bọn nhân viên phục vụ như cc,CHỬI BỚI,KÍCH ĐỘNG,0.9513
Chị lễ tân rất xịn sò thực sự,SẠCH,KÍCH ĐỘNG,0.5866
tiên sư Thái độ dẹp tiệm đi,CHỬI BỚI,REVIEW,0.5982
Truy cập http://vay14.com nhận khuyến mãi,SPAM,SẠCH,0.9923
"Phục vụ lừa đảo, cạch mặt ngay",KÍCH ĐỘNG,CHỬI BỚI,0.628
Phục vụ phục vụ như lợn,CHỬI BỚI,REVIEW,0.5262
Alo 0910163492 để kết bạn,SPAM,SẠCH,0.994
tiên sư Wifi ngu không tả được,CHỬI BỚI,KÍCH ĐỘNG,0.989
Chủ shop bẩn thỉu,CHỬI BỚI,KÍCH ĐỘNG,0.8961
chó chết Quán này ngu không tả được,CHỬI BỚI,KÍCH ĐỘNG,0.8708
"Thái độ tráo trở, đòi lại tiền ngay",KÍCH ĐỘNG,REVIEW,0.5291
"Ship hàng gian manh, gian dối ngay",KÍCH ĐỘNG,CHỬI BỚI,0.939
"Khách sạn tráo trở, đừng mua ngay",KÍCH ĐỘNG,SẠCH,0.8371
"Điều hòa tráo trở, đòi lại tiền ngay",KÍCH ĐỘNG,SẠCH,0.8958
mẹ kiếp Phục vụ ngu không tả được,CHỬI BỚI,KÍCH ĐỘNG,0.9391
"Thái độ gian manh, treo đầu dê bán thịt chó ngay",KÍCH ĐỘNG,CHỬI BỚI,0.7011
"Nhà vệ sinh tráo trở, report ngay",KÍCH ĐỘNG,SẠCH,0.9152
Nhắn tin 0653555389 để tư vấn,SPAM,SẠCH,0.9698
chó chết Bọn nhân viên làm ăn chán đời,CHỬI BỚI,KÍCH ĐỘNG,0.9062
Hệ thống thối như cứt,CHỬI BỚI,KÍCH ĐỘNG,0.9302
tiên sư Thằng quản lý làm ăn chán đời,CHỬI BỚI,KÍCH ĐỘNG,0.9736
mẹ kiếp Chủ shop dẹp tiệm đi,CHỬI BỚI,REVIEW,0.4895
CSKH dở như bẹn,CHỬI BỚI,REVIEW,0.5128
Alo 0598849360 để kết bạn,SPAM,SẠCH,0.9937
Bể bơi thực sự xịn sò ạ,SẠCH,REVIEW,0.6412
"Chủ shop tráo trở, kiện ngay",KÍCH ĐỘNG,SẠCH,0.9832
Thằng quản lý nhìn như đầu bùi,CHỬI BỚI,KÍCH ĐỘNG,0.9874
Con chó của chủ quán quấn người lắm,SẠCH,KÍCH ĐỘNG,0.8949
tiên sư CSKH ngu không tả được,CHỬI BỚI,KÍCH ĐỘNG,0.9877
Cái chỗ này phục vụ như bò,CHỬI BỚI,KÍCH ĐỘNG,0.7781
Truy cập http://soicau37.com xem hàng,SPAM,SẠCH,0.9864
Truy cập http://sex79.com xem hàng,SPAM,SẠCH,0.9472
Truy cập http://soicau98.com xem hàng,SPAM,SẠCH,0.99
"Nhà vệ sinh lừa đảo, bóc phốt ngay",KÍCH ĐỘNG,CHỬI BỚI,0.916
Truy cập http://soicau85.com xem hàng,SPAM,SẠCH,0.9905
Truy cập http://vay14.com xem hàng,SPAM,SẠCH,0.9907
CSKH ngu như shit,CHỬI BỚI,KÍCH ĐỘNG,0.9787
"Khách sạn gian manh, kiện ngay",KÍCH ĐỘNG,REVIEW,0.5458
"Điều hòa lừa đảo, tẩy chay ngay",KÍCH ĐỘNG,CHỬI BỚI,0.8641
tổ cha Nhà vệ sinh làm ăn chán đời,CHỬI BỚI,KÍCH ĐỘNG,0.8067
Con mụ chủ như bẹn,CHỬI BỚI,KÍCH ĐỘNG,0.9643
Truy cập http://vay80.com nhận khuyến mãi,SPAM,SẠCH,0.9923
Cái chỗ này dở như cc,CHỬI BỚI,KÍCH ĐỘNG,0.5493
Con mụ chủ như l*n,CHỬI BỚI,KÍCH ĐỘNG,0.9739
Thằng quản lý làm ăn như bẹn,CHỬI BỚI,KÍCH ĐỘNG,0.9877
"Điều hòa gian manh, cạch mặt ngay",KÍCH ĐỘNG,REVIEW,0.4925
Con mụ chủ làm ăn như l*n,CHỬI BỚI,KÍCH ĐỘNG,0.9864
mất dạy Điều hòa ngu không tả được,CHỬI BỚI,KÍCH ĐỘNG,0.9441
vcl CSKH ngu không tả được,CHỬI BỚI,KÍCH ĐỘNG,0.9271
Món ăn phục vụ như bò,CHỬI BỚI,REVIEW,0.5489
tiên sư Chủ shop làm ăn chán đời,CHỬI BỚI,REVIEW,0.5706
bố láo Wifi ngu không tả được,CHỬI BỚI,KÍCH ĐỘNG,0.9885
Hotline 0869297834 để tư vấn,SPAM,SẠCH,0.9108
Bọn nhân viên ngu như bò,CHỬI BỚI,KÍCH ĐỘNG,0.9912
Tư vấn 0481058068 để tư vấn,SPAM,SẠCH,0.8419
"Điều hòa tráo trở, báo công an ngay",KÍCH ĐỘNG,SẠCH,0.9703
chó chết Chủ shop ngu không tả được,CHỬI BỚI,KÍCH ĐỘNG,0.7733
Bọn nhân viên dở như lợn,CHỬI BỚI,KÍCH ĐỘNG,0.984
Thái độ tệ như đầu bùi,CHỬI BỚI,KÍCH ĐỘNG,0.6842
tiên sư Điều hòa biến đi,CHỬI BỚI,SẠCH,0.9955
Truy cập http://sex78.com xem hàng,SPAM,SẠCH,0.9751
Nhắn tin 0711744572 để kết bạn,SPAM,SẠCH,0.9901
chó chết Con mụ chủ biến đi,CHỬI BỚI,KÍCH ĐỘNG,0.9309
Truy cập http://sex80.com xem hàng,SPAM,SẠCH,0.9706
bố láo Nhà vệ sinh dẹp tiệm đi,CHỬI BỚI,KÍCH ĐỘNG,0.704
bố láo Hệ thống làm ăn chán đời,CHỬI BỚI,KÍCH ĐỘNG,0.9655
"Khách sạn lừa đảo, gian dối ngay",KÍCH ĐỘNG,CHỬI BỚI,0.9437
Ib ngay 0836450932 để tư vấn,SPAM,SẠCH,0.9849
Dịch vụ ngu như bẹn,CHỬI BỚI,KÍCH ĐỘNG,0.8307
mất dạy Khách sạn biến đi,CHỬI BỚI,REVIEW,0.5376
Ib ngay 0360574096 để kết bạn,SPAM,SẠCH,0.9875
Con cún nhà này cưng xỉu ghê,SẠCH,KÍCH ĐỘNG,0.5663
"Thái độ tráo trở, gian dối ngay",KÍCH ĐỘNG,CHỬI BỚI,0.9087
"Chủ shop lừa đảo, báo công an ngay",KÍCH ĐỘNG,CHỬI BỚI,0.6236
bố láo Chủ shop ngu không tả được,CHỬI BỚI,KÍCH ĐỘNG,0.9874
Liên hệ 0694360345 để nhận quà,SPAM,SẠCH,0.9676
Alo 0880449902 để kết bạn,SPAM,SẠCH,0.9935
Truy cập http://sex14.com nhận 100k,SPAM,SẠCH,0.9663
"Dịch vụ lừa đảo, dối trá ngay",KÍCH ĐỘNG,CHỬI BỚI,0.9357
óc chó Quán này biến đi,CHỬI BỚI,KÍCH ĐỘNG,0.9849
Tư vấn 0382942544 để kết bạn,SPAM,REVIEW,0.5993
"Ship hàng gian manh, dối trá ngay",KÍCH ĐỘNG,CHỬI BỚI,0.9218
óc chó Hệ thống dẹp tiệm đi,CHỬI BỚI,KÍCH ĐỘNG,0.9651
"Món ăn gian manh, tránh xa ngay",KÍCH ĐỘNG,REVIEW,0.6379
Con mụ chủ chán như shit,CHỬI BỚI,KÍCH ĐỘNG,0.9875
Mọi người kiện cái quán này nhé,KÍCH ĐỘNG,SẠCH,0.9796
khốn nạn CSKH dẹp tiệm đi,CHỬI BỚI,KÍCH ĐỘNG,0.716
tiên sư Phục vụ ngu không tả được,CHỬI BỚI,KÍCH ĐỘNG,0.9352
"Quán này lừa đảo, đòi lại tiền ngay",KÍCH ĐỘNG,CHỬI BỚI,0.801
Liên hệ 0544666364 để tư vấn,SPAM,SẠCH,0.9384
bố láo Phục vụ ngu không tả được,CHỬI BỚI,KÍCH ĐỘNG,0.9909
Call 0917827455 để tư vấn,SPAM,SẠCH,0.9801
chó chết Thằng quản lý làm ăn chán đời,CHỬI BỚI,KÍCH ĐỘNG,0.9456
Truy cập http://vay90.com xem hàng,SPAM,SẠCH,0.9903
Cái chỗ này nhìn như bò,CHỬI BỚI,KÍCH ĐỘNG,0.6228
Liên hệ 0589282434 để nhận quà,SPAM,SẠCH,0.9859
CSKH tệ như bò,CHỬI BỚI,KÍCH ĐỘNG,0.9663
Truy cập http://sex75.com nhận khuyến mãi,SPAM,SẠCH,0.7999
tiên sư Lễ tân ngu không tả được,CHỬI BỚI,KÍCH ĐỘNG,0.9869
Nhắn tin 0423103420 để nhận quà,SPAM,SẠCH,0.9932
Truy cập http://vay27.com xem hàng,SPAM,SẠCH,0.9901
Thằng quản lý như cứt,CHỬI BỚI,KÍCH ĐỘNG,0.9908
"Ship hàng lừa đảo, treo đầu dê bán thịt chó ngay",KÍCH ĐỘNG,CHỬI BỚI,0.9266
Con mụ chủ nhìn như c*c,CHỬI BỚI,KÍCH ĐỘNG,0.9756
"Lễ tân tráo trở, treo đầu dê bán thịt chó ngay",KÍCH ĐỘNG,CHỬI BỚI,0.6571
bố láo Món ăn làm ăn chán đời,CHỬI BỚI,KÍCH ĐỘNG,0.7274
Truy cập http://sex42.com xem hàng,SPAM,SẠCH,0.9736
Truy cập http://vay63.com nhận 100k,SPAM,SẠCH,0.9862
Con cún nhà này lanh lợi lắm,SẠCH,KÍCH ĐỘNG,0.6526
"Lễ tân tráo trở, cạch mặt ngay",KÍCH ĐỘNG,SẠCH,0.7533
Zalo 0935382154 để tư vấn,SPAM,REVIEW,0.5658
Truy cập http://vay61.com nhận khuyến mãi,SPAM,SẠCH,0.9922
Hỗ trợ 0844143399 để tư vấn,SPAM,SẠCH,0.8923
Cách làm ăn thối như bò,CHỬI BỚI,KÍCH ĐỘNG,0.9441
Mọi người treo đầu dê bán thịt chó cái shop này nhé,KÍCH ĐỘNG,CHỬI BỚI,0.7391
"Nhà vệ sinh lừa đảo, đòi lại tiền ngay",KÍCH ĐỘNG,CHỬI BỚI,0.6507
Liên hệ 0465117085 để nhận quà,SPAM,SẠCH,0.9769
Phục vụ dở như đầu bùi,CHỬI BỚI,REVIEW,0.5434
"Cái chỗ này lừa đảo, cẩn thận bị lừa ngay",KÍCH ĐỘNG,CHỬI BỚI,0.8074
Chủ shop nhìn như lợn,CHỬI BỚI,REVIEW,0.5131
Truy cập http://vay67.com xem hàng,SPAM,SẠCH,0.9921
bố láo Thằng quản lý ngu không tả được,CHỬI BỚI,KÍCH ĐỘNG,0.9924
Dịch vụ thối hoắc,CHỬI BỚI,KÍCH ĐỘNG,0.5602
Tư vấn 0473552222 để nhận quà,SPAM,SẠCH,0.903
Bọn nhân viên ngu như l*n,CHỬI BỚI,KÍCH ĐỘNG,0.9915
đm Hệ thống ngu không tả được,CHỬI BỚI,KÍCH ĐỘNG,0.938
bố láo CSKH biến đi,CHỬI BỚI,KÍCH ĐỘNG,0.9833
"Cách làm ăn tráo trở, bóc phốt ngay",KÍCH ĐỘNG,CHỬI BỚI,0.74
Alo 0364401417 để tư vấn,SPAM,SẠCH,0.9774
Thái độ thối như bò,CHỬI BỚI,KÍCH ĐỘNG,0.962
Thằng quản lý như chó,CHỬI BỚI,KÍCH ĐỘNG,0.9658
Phục vụ phục vụ như đầu bùi,CHỬI BỚI,REVIEW,0.4704
Con chó của chủ quán thông minh ghê,SẠCH,KÍCH ĐỘNG,0.8202
Con cún của chủ quán lanh lợi ghê,SẠCH,REVIEW,0.4977
"Ship hàng lừa đảo, đừng mua ngay",KÍCH ĐỘNG,REVIEW,0.5537
Thằng quản lý phục vụ như lợn,CHỬI BỚI,KÍCH ĐỘNG,0.9756
"Điều hòa tráo trở, report ngay",KÍCH ĐỘNG,SẠCH,0.9921
"Khách sạn lừa đảo, kiện ngay",KÍCH ĐỘNG,SPAM,0.8979
Anh em đừng bao giờ đến quán này,KÍCH ĐỘNG,SẠCH,0.9808
Truy cập http://sex22.com nhận 100k,SPAM,SẠCH,0.9583
"Phục vụ tráo trở, cạch mặt ngay",KÍCH ĐỘNG,REVIEW,0.6405
"Thái độ gian manh, kiện ngay",KÍCH ĐỘNG,CHỬI BỚI,0.6919
"Cách làm ăn lừa đảo, cạch mặt ngay",KÍCH ĐỘNG,SPAM,0.9989
"Ship hàng tráo trở, treo đầu dê bán thịt chó ngay",KÍCH ĐỘNG,CHỬI BỚI,0.886
"Dịch vụ gian manh, tránh xa ngay",KÍCH ĐỘNG,REVIEW,0.5331
"Hệ thống lừa đảo, tránh xa ngay",KÍCH ĐỘNG,REVIEW,0.4392
Ib ngay 0730457546 để nhận quà,SPAM,SẠCH,0.98
Cái chỗ này ngu như rác rưởi,CHỬI BỚI,KÍCH ĐỘNG,0.7501
Chủ shop bẩn như cứt,CHỬI BỚI,KÍCH ĐỘNG,0.518
Truy cập http://soicau76.com nhận khuyến mãi,SPAM,SẠCH,0.9903
Truy cập http://sex50.com nhận 100k,SPAM,SẠCH,0.9575
bố láo Dịch vụ biến đi,CHỬI BỚI,KÍCH ĐỘNG,0.7859
Ib ngay 0363863613 để nhận quà,SPAM,SẠCH,0.9904
Alo 0527019668 để kết bạn,SPAM,SẠCH,0.9919
"Phục vụ lừa đảo, báo công an ngay",KÍCH ĐỘNG,REVIEW,0.5137
Thằng quản lý phục vụ như shit,CHỬI BỚI,KÍCH ĐỘNG,0.9745
Truy cập http://vay19.com nhận 100k,SPAM,SẠCH,0.9846
"Món ăn lừa đảo, report ngay",KÍCH ĐỘNG,REVIEW,0.63
ngu vãi Thằng quản lý ngu không tả được,CHỬI BỚI,KÍCH ĐỘNG,0.9857
Truy cập http://sex98.com nhận khuyến mãi,SPAM,SẠCH,0.9515
khốn nạn Dịch vụ ngu không tả được,CHỬI BỚI,KÍCH ĐỘNG,0.5494
Thái độ bẩn như hạch,CHỬI BỚI,KÍCH ĐỘNG,0.7989
Thằng quản lý như rác rưởi,CHỬI BỚI,KÍCH ĐỘNG,0.9773
Cả nhà đừng bao giờ đến quán này,KÍCH ĐỘNG,SẠCH,0.9369
"Cái chỗ này tráo trở, kiện ngay",KÍCH ĐỘNG,CHỬI BỚI,0.6097
"Nhà vệ sinh lừa đảo, report ngay",KÍCH ĐỘNG,REVIEW,0.457
Homestay quá là xịn sò ạ,SẠCH,REVIEW,0.4749
Cách làm ăn tệ như l*n,CHỬI BỚI,REVIEW,0.5405
CSKH như cc,CHỬI BỚI,KÍCH ĐỘNG,0.6662
Cả nhà tẩy chay gấp quán này,KÍCH ĐỘNG,REVIEW,0.4094
Món ăn thối hoắc,CHỬI BỚI,SẠCH,0.8096
Hỗ trợ 0953177234 để tư vấn,SPAM,SẠCH,0.9042
"Ship hàng tráo trở, gian dối ngay",KÍCH ĐỘNG,CHỬI BỚI,0.8685
mẹ kiếp Lễ tân biến đi,CHỬI BỚI,REVIEW,0.4902
Bọn nhân viên nhìn như bò,CHỬI BỚI,KÍCH ĐỘNG,0.9791
bố láo Wifi dẹp tiệm đi,CHỬI BỚI,KÍCH ĐỘNG,0.5718
Truy cập http://vay43.com nhận khuyến mãi,SPAM,SẠCH,0.9921
Thằng quản lý dở như quần què,CHỬI BỚI,KÍCH ĐỘNG,0.9922
tổ cha Nhà vệ sinh ngu không tả được,CHỬI BỚI,KÍCH ĐỘNG,0.9871
Thái độ dở như đầu bùi,CHỬI BỚI,KÍCH ĐỘNG,0.8592
tiên sư Nhà vệ sinh làm ăn chán đời,CHỬI BỚI,REVIEW,0.4222
Lễ tân ngu như bẹn,CHỬI BỚI,KÍCH ĐỘNG,0.9378
"Wifi gian manh, dối trá ngay",KÍCH ĐỘNG,CHỬI BỚI,0.9031
Con mèo nhà này lanh lợi quá,SẠCH,KÍCH ĐỘNG,0.5934
óc chó Điều hòa làm ăn chán đời,CHỬI BỚI,KÍCH ĐỘNG,0.9854
Món ăn làm ăn như hạch,CHỬI BỚI,REVIEW,0.5286
Con mụ chủ phục vụ như chó,CHỬI BỚI,KÍCH ĐỘNG,0.9718
CSKH bẩn như cc,CHỬI BỚI,KÍCH ĐỘNG,0.9755
"Hệ thống gian manh, đòi lại tiền ngay",KÍCH ĐỘNG,CHỬI BỚI,0.7402
tổ cha Phục vụ dẹp tiệm đi,CHỬI BỚI,REVIEW,0.4084
Truy cập http://soicau49.com xem hàng,SPAM,SẠCH,0.9876
Truy cập http://sex43.com nhận 100k,SPAM,SẠCH,0.9618
CSKH tệ như cc,CHỬI BỚI,KÍCH ĐỘNG,0.5222
Hotline 0610936108 để tư vấn,SPAM,SẠCH,0.9674
Chủ shop bẩn như bẹn,CHỬI BỚI,KÍCH ĐỘNG,0.6101
Bác bảo vệ nhìn rộng rãi!,SẠCH,REVIEW,0.5407
"Thái độ gian manh, report ngay",KÍCH ĐỘNG,CHỬI BỚI,0.706
"Lễ tân tráo trở, tránh xa ngay",KÍCH ĐỘNG,SẠCH,0.986
"Món ăn gian manh, report ngay",KÍCH ĐỘNG,SẠCH,0.945
Bọn nhân viên thối như đầu bùi,CHỬI BỚI,KÍCH ĐỘNG,0.9912
Chủ shop nhìn như bò,CHỬI BỚI,KÍCH ĐỘNG,0.7397
Truy cập http://sex30.com nhận khuyến mãi,SPAM,SẠCH,0.9407
Chủ shop như bò,CHỬI BỚI,KÍCH ĐỘNG,0.9087
Bọn nhân viên dở như c*c,CHỬI BỚI,KÍCH ĐỘNG,0.9851
Con mụ chủ bẩn như chó,CHỬI BỚI,KÍCH ĐỘNG,0.986
"Chủ shop lừa đảo, kiện ngay",KÍCH ĐỘNG,CHỬI BỚI,0.7177
"Chủ shop tráo trở, báo công an ngay",KÍCH ĐỘNG,SẠCH,0.8432
"Thái độ tráo trở, lừa đảo ngay",KÍCH ĐỘNG,CHỬI BỚI,0.8959
Ib ngay 0412767279 để kết bạn,SPAM,SẠCH,0.9844
"Cách làm ăn lừa đảo, kiện ngay",KÍCH ĐỘNG,SPAM,0.996
Truy cập http://sex29.com nhận khuyến mãi,SPAM,SẠCH,0.9432
Cái chỗ này tệ như cc,CHỬI BỚI,KÍCH ĐỘNG,0.5555
"Thái độ tráo trở, kiện ngay",KÍCH ĐỘNG,SẠCH,0.9
Bọn nhân viên như shit,CHỬI BỚI,KÍCH ĐỘNG,0.9797
Con mụ chủ chán như quần què,CHỬI BỚI,KÍCH ĐỘNG,0.9846
"Món ăn lừa đảo, đừng mua ngay",KÍCH ĐỘNG,REVIEW,0.5227
Mọi thứ cực kỳ xịn sò.,SẠCH,CHỬI BỚI,0.6167
Truy cập http://soicau93.com nhận 100k,SPAM,SẠCH,0.9854
Truy cập http://soicau54.com nhận 100k,SPAM,SẠCH,0.9807
Con mụ chủ thối như l*n,CHỬI BỚI,KÍCH ĐỘNG,0.9872
Cách bài trí quá là xịn sò thực sự,SẠCH,REVIEW,0.4362
"Thái độ gian manh, bóc phốt ngay",KÍCH ĐỘNG,CHỬI BỚI,0.7788
Hỗ trợ 0661809253 để kết bạn,SPAM,SẠCH,0.834
Cách làm ăn tệ như hạch,CHỬI BỚI,REVIEW,0.4843
Con mụ chủ thối như bẹn,CHỬI BỚI,KÍCH ĐỘNG,0.9861
"Hệ thống lừa đảo, đòi lại tiền ngay",KÍCH ĐỘNG,REVIEW,0.4692
"Chủ shop lừa đảo, cạch mặt ngay",KÍCH ĐỘNG,CHỬI BỚI,0.8855
Lễ tân nhìn như shit,CHỬI BỚI,REVIEW,0.5166
Hệ thống làm ăn như đầu bùi,CHỬI BỚI,REVIEW,0.5223
Truy cập http://soicau55.com nhận khuyến mãi,SPAM,SẠCH,0.9905
Khách sạn dở như bò,CHỬI BỚI,REVIEW,0.5079
"Thái độ lừa đảo, đòi lại tiền ngay",KÍCH ĐỘNG,CHỬI BỚI,0.8173
"Lễ tân lừa đảo, làm ăn bố láo ngay",KÍCH ĐỘNG,CHỬI BỚI,0.7484
mất dạy Phục vụ ngu không tả được,CHỬI BỚI,KÍCH ĐỘNG,0.9495
"Khách sạn gian manh, treo đầu dê bán thịt chó ngay",KÍCH ĐỘNG,CHỬI BỚI,0.8433
khốn nạn Thái độ ngu không tả được,CHỬI BỚI,KÍCH ĐỘNG,0.5513
Bọn nhân viên tệ như bẹn,CHỬI BỚI,KÍCH ĐỘNG,0.9746
Ib ngay 0824572156 để kết bạn,SPAM,SẠCH,0.9933
Điều hòa thối như lợn,CHỬI BỚI,REVIEW,0.6338
"Lễ tân tráo trở, cẩn thận bị lừa ngay",KÍCH ĐỘNG,SẠCH,0.9355
vcl Con mụ chủ ngu không tả được,CHỬI BỚI,KÍCH ĐỘNG,0.9746
"Nhà vệ sinh tráo trở, kiện ngay",KÍCH ĐỘNG,SẠCH,0.9724
Truy cập http://sex81.com nhận 100k,SPAM,SẠCH,0.9761
Con chó nhà này cưng xỉu quá,SẠCH,KÍCH ĐỘNG,0.9908
Truy cập http://soicau92.com nhận khuyến mãi,SPAM,SẠCH,0.9905
Truy cập http://vay94.com xem hàng,SPAM,SẠCH,0.9917
Mọi người báo công an cái shop này nhé,KÍCH ĐỘNG,SẠCH,0.9571
Con mèo của chủ quán lanh lợi quá,SẠCH,REVIEW,0.6397
"Khách sạn tráo trở, treo đầu dê bán thịt chó ngay",KÍCH ĐỘNG,CHỬI BỚI,0.8568
óc chó Thằng quản lý biến đi,CHỬI BỚI,KÍCH ĐỘNG,0.9918
mẹ kiếp Con mụ chủ biến đi,CHỬI BỚI,KÍCH ĐỘNG,0.855
Con cún nhà này quấn người ghê,SẠCH,REVIEW,0.4764
tiên sư Dịch vụ dẹp tiệm đi,CHỬI BỚI,SPAM,0.8053
Truy cập http://vay39.com nhận khuyến mãi,SPAM,SẠCH,0.9919
Wifi ngu như c*c,CHỬI BỚI,KÍCH ĐỘNG,0.8706
đm Con mụ chủ làm ăn chán đời,CHỬI BỚI,KÍCH ĐỘNG,0.9843
Chủ shop ngu như shit,CHỬI BỚI,KÍCH ĐỘNG,0.9435
Tư vấn 0644913346 để kết bạn,SPAM,SẠCH,0.8714
bố láo Cách làm ăn biến đi,CHỬI BỚI,KÍCH ĐỘNG,0.9628
"Cái chỗ này tráo trở, gian dối ngay",KÍCH ĐỘNG,CHỬI BỚI,0.7651
"Thái độ lừa đảo, treo đầu dê bán thịt chó ngay",KÍCH ĐỘNG,CHỬI BỚI,0.9281
óc chó Ship hàng ngu không tả được,CHỬI BỚI,KÍCH ĐỘNG,0.9857
Con mèo nhà này lanh lợi lắm,SẠCH,KÍCH ĐỘNG,0.5375
"Nhà vệ sinh gian manh, kiện ngay",KÍCH ĐỘNG,SẠCH,0.7825
CSKH làm ăn như đầu bùi,CHỬI BỚI,KÍCH ĐỘNG,0.9592
Ib ngay 0773398550 để tư vấn,SPAM,SẠCH,0.9736
Truy cập http://vay57.com xem hàng,SPAM,SẠCH,0.9899
Truy cập http://soicau88.com nhận 100k,SPAM,SẠCH,0.9847
Truy cập http://soicau42.com nhận khuyến mãi,SPAM,SẠCH,0.9899
Tiện nghi nhìn xịn sò ạ,SẠCH,CHỬI BỚI,0.5751
CSKH nhìn như bò,CHỬI BỚI,KÍCH ĐỘNG,0.8716
"Cái chỗ này lừa đảo, tránh xa ngay",KÍCH ĐỘNG,CHỬI BỚI,0.61
Truy cập http://sex43.com nhận khuyến mãi,SPAM,SẠCH,0.9617
Mọi người đòi lại tiền cái shop này nhé,KÍCH ĐỘNG,SẠCH,0.8886
"Ship hàng tráo trở, dối trá ngay",KÍCH ĐỘNG,CHỬI BỚI,0.8117
"Wifi tráo trở, báo công an ngay",KÍCH ĐỘNG,SẠCH,0.8949
Thái độ phục vụ phải nói là xịn sò hihi,SẠCH,REVIEW,0.4562
Thằng quản lý bẩn như lợn,CHỬI BỚI,KÍCH ĐỘNG,0.9895
Hệ thống nhìn như bò,CHỬI BỚI,KÍCH ĐỘNG,0.878
Thái độ dở như quần què,CHỬI BỚI,KÍCH ĐỘNG,0.5469
óc chó Cách làm ăn ngu không tả được,CHỬI BỚI,KÍCH ĐỘNG,0.9902
Truy cập http://sex90.com xem hàng,SPAM,SẠCH,0.9658
"Cách làm ăn tráo trở, treo đầu dê bán thịt chó ngay",KÍCH ĐỘNG,CHỬI BỚI,0.6038
Truy cập http://vay49.com nhận khuyến mãi,SPAM,SẠCH,0.9921
Dịch vụ siêu đẹp thực sự,SẠCH,REVIEW,0.5399
tiên sư Cái chỗ này biến đi,CHỬI BỚI,REVIEW,0.4342
"Lễ tân gian manh, treo đầu dê bán thịt chó ngay",KÍCH ĐỘNG,CHỬI BỚI,0.7423
Chủ shop dở như đầu bùi,CHỬI BỚI,KÍCH ĐỘNG,0.8552
Con chó của chủ quán thông minh lắm,SẠCH,KÍCH ĐỘNG,0.9204
Nhà vệ sinh thối như bò,CHỬI BỚI,KÍCH ĐỘNG,0.8729
mẹ kiếp Bọn nhân viên ngu không tả được,CHỬI BỚI,KÍCH ĐỘNG,0.9902
Chủ shop thối như l*n,CHỬI BỚI,KÍCH ĐỘNG,0.6654
Con cún nhà này ngoan ghê,SẠCH,REVIEW,0.4364
"Nhà vệ sinh gian manh, đòi lại tiền ngay",KÍCH ĐỘNG,CHỬI BỚI,0.7742
"Điều hòa lừa đảo, cẩn thận bị lừa ngay",KÍCH ĐỘNG,CHỬI BỚI,0.5855
bố láo Quán này dẹp tiệm đi,CHỬI BỚI,KÍCH ĐỘNG,0.9349
Con mèo của chủ quán thông minh quá,SẠCH,REVIEW,0.4625
Điều hòa dở như hạch,CHỬI BỚI,SẠCH,0.7681
mất dạy Bọn nhân viên làm ăn chán đời,CHỬI BỚI,KÍCH ĐỘNG,0.9346
Bọn nhân viên như chó,CHỬI BỚI,KÍCH ĐỘNG,0.9537
Bọn nhân viên bẩn thỉu,CHỬI BỚI,KÍCH ĐỘNG,0.9911
Cách làm ăn như bò,CHỬI BỚI,KÍCH ĐỘNG,0.9351
Liên hệ 0957323719 để kết bạn,SPAM,SẠCH,0.9696
Cái chỗ này bẩn như cc,CHỬI BỚI,KÍCH ĐỘNG,0.664
tổ cha CSKH làm ăn chán đời,CHỬI BỚI,KÍCH ĐỘNG,0.9725
Món ăn thối như đầu bùi,CHỬI BỚI,REVIEW,0.4807
óc chó Chủ shop biến đi,CHỬI BỚI,KÍCH ĐỘNG,0.9813
óc chó Cái chỗ này biến đi,CHỬI BỚI,KÍCH ĐỘNG,0.9692
tiên sư Món ăn ngu không tả được,CHỬI BỚI,KÍCH ĐỘNG,0.9252
"Nhà vệ sinh gian manh, lừa đảo ngay",KÍCH ĐỘNG,CHỬI BỚI,0.5785
Truy cập http://sex56.com xem hàng,SPAM,SẠCH,0.9707
Truy cập http://vay66.com xem hàng,SPAM,SẠCH,0.9879
đéo Bọn nhân viên ngu không tả được,CHỬI BỚI,KÍCH ĐỘNG,0.941
Ib ngay 0337131468 để tư vấn,SPAM,SẠCH,0.986
Điều hòa dở như bò,CHỬI BỚI,KÍCH ĐỘNG,0.685
Nhắn tin 0994978441 để tư vấn,SPAM,SẠCH,0.9762
"Cái chỗ này tráo trở, cẩn thận bị lừa ngay",KÍCH ĐỘNG,CHỬI BỚI,0.5816
Truy cập http://sex45.com nhận khuyến mãi,SPAM,SẠCH,0.9415
óc chó Con mụ chủ ngu không tả được,CHỬI BỚI,KÍCH ĐỘNG,0.9881
Thằng quản lý nhìn như quần què,CHỬI BỚI,KÍCH ĐỘNG,0.988
Truy cập http://soicau43.com nhận 100k,SPAM,SẠCH,0.9811
ngu vãi Thằng quản lý dẹp tiệm đi,CHỬI BỚI,KÍCH ĐỘNG,0.9512
Nhắn tin 0581917107 để kết bạn,SPAM,SẠCH,0.9884
Thằng quản lý như đống phân,CHỬI BỚI,KÍCH ĐỘNG,0.9804
Bọn nhân viên bẩn như đầu bùi,CHỬI BỚI,KÍCH ĐỘNG,0.9912
"Wifi tráo trở, làm ăn bố láo ngay",KÍCH ĐỘNG,CHỬI BỚI,0.5657
Cái chỗ này thối như cứt,CHỬI BỚI,KÍCH ĐỘNG,0.617
Truy cập http://vay70.com xem hàng,SPAM,SẠCH,0.9908
"Cách làm ăn tráo trở, kiện ngay",KÍCH ĐỘNG,SPAM,0.9987
"Quán này tráo trở, đừng mua ngay",KÍCH ĐỘNG,REVIEW,0.4598
"Điều hòa gian manh, đòi lại tiền ngay",KÍCH ĐỘNG,CHỬI BỚI,0.5975
Mọi người cẩn thận bị lừa cái shop này nhé,KÍCH ĐỘNG,SẠCH,0.6732
"Wifi lừa đảo, kiện ngay",KÍCH ĐỘNG,REVIEW,0.4856
CSKH dở như lợn,CHỬI BỚI,KÍCH ĐỘNG,0.5972
CSKH nhìn như đầu bùi,CHỬI BỚI,KÍCH ĐỘNG,0.8255
Bọn nhân viên chán như c*c,CHỬI BỚI,KÍCH ĐỘNG,0.9788
Thằng quản lý láo toét,CHỬI BỚI,KÍCH ĐỘNG,0.9924
Liên hệ 0348827311 để kết bạn,SPAM,SẠCH,0.976
Cách làm ăn phục vụ như bò,CHỬI BỚI,KÍCH ĐỘNG,0.9315
tiên sư Cái chỗ này làm ăn chán đời,CHỬI BỚI,KÍCH ĐỘNG,0.5033
"Quán này lừa đảo, bóc phốt ngay",KÍCH ĐỘNG,CHỬI BỚI,0.7329
mẹ kiếp Hệ thống ngu không tả được,CHỬI BỚI,KÍCH ĐỘNG,0.9826
Wifi ngu như quần què,CHỬI BỚI,KÍCH ĐỘNG,0.7445
Truy cập http://sex52.com nhận khuyến mãi,SPAM,SẠCH,0.9678
Chủ shop thối như bò,CHỬI BỚI,KÍCH ĐỘNG,0.9688
"Cách làm ăn gian manh, kiện ngay",KÍCH ĐỘNG,SPAM,0.9646
"Khách sạn tráo trở, dối trá ngay",KÍCH ĐỘNG,CHỬI BỚI,0.8433
Nhắn tin 0887494971 để nhận quà,SPAM,SẠCH,0.9936
tổ cha Nhà vệ sinh dẹp tiệm đi,CHỬI BỚI,REVIEW,0.3594
Truy cập http://sex85.com xem hàng,SPAM,SẠCH,0.9757
bố láo Chủ shop làm ăn chán đời,CHỬI BỚI,KÍCH ĐỘNG,0.9579
Con chó nhà này quấn người lắm,SẠCH,KÍCH ĐỘNG,0.9783
Hệ thống bẩn như hạch,CHỬI BỚI,KÍCH ĐỘNG,0.9238
Ib ngay 0547246532 để nhận quà,SPAM,SẠCH,0.9898
"Khách sạn gian manh, lừa đảo ngay",KÍCH ĐỘNG,CHỬI BỚI,0.8948
Con mụ chủ dở như l*n,CHỬI BỚI,KÍCH ĐỘNG,0.9821
tổ cha Bọn nhân viên dẹp tiệm đi,CHỬI BỚI,KÍCH ĐỘNG,0.931
Nhân viên siêu tốt :)),SẠCH,REVIEW,0.5943
Cả nhà tránh xa chỗ này,KÍCH ĐỘNG,SẠCH,0.8571
"Dịch vụ tráo trở, dối trá ngay",KÍCH ĐỘNG,CHỬI BỚI,0.9149
Truy cập http://sex36.com xem hàng,SPAM,SẠCH,0.9715
bố láo Con mụ chủ biến đi,CHỬI BỚI,KÍCH ĐỘNG,0.9742
Truy cập http://sex66.com nhận 100k,SPAM,SẠCH,0.9605
Ib ngay 0494222827 để kết bạn,SPAM,SẠCH,0.9916
tổ cha Cái chỗ này biến đi,CHỬI BỚI,KÍCH ĐỘNG,0.5491
Alo 0689280374 để nhận quà,SPAM,SẠCH,0.9949
tiên sư Cách làm ăn biến đi,CHỬI BỚI,SẠCH,0.8627
Khách sạn thối hoắc,CHỬI BỚI,KÍCH ĐỘNG,0.8426
"Nhà vệ sinh gian manh, cạch mặt ngay",KÍCH ĐỘNG,CHỬI BỚI,0.5881
Thằng quản lý hãm lờ,CHỬI BỚI,KÍCH ĐỘNG,0.9917
"Thái độ lừa đảo, report ngay",KÍCH ĐỘNG,CHỬI BỚI,0.6469
Thằng quản lý ngu như đống phân,CHỬI BỚI,KÍCH ĐỘNG,0.9911
CSKH phục vụ như đầu bùi,CHỬI BỚI,REVIEW,0.4424
Bọn nhân viên nhìn như đống phân,CHỬI BỚI,KÍCH ĐỘNG,0.7737
Anh em tránh xa chỗ này,KÍCH ĐỘNG,SẠCH,0.9873
CSKH ngu như rác rưởi,CHỬI BỚI,KÍCH ĐỘNG,0.99
"Điều hòa lừa đảo, làm ăn bố láo ngay",KÍCH ĐỘNG,CHỬI BỚI,0.917
"Quán này lừa đảo, cạch mặt ngay",KÍCH ĐỘNG,CHỬI BỚI,0.6638
"Ship hàng lừa đảo, bóc phốt ngay",KÍCH ĐỘNG,CHỬI BỚI,0.9205
"Dịch vụ gian manh, report ngay",KÍCH ĐỘNG,CHỬI BỚI,0.7356
"Điều hòa tráo trở, cẩn thận bị lừa ngay",KÍCH ĐỘNG,SẠCH,0.7539
Lễ tân phục vụ như lợn,CHỬI BỚI,SẠCH,0.6648
Bọn nhân viên làm ăn như quần què,CHỬI BỚI,KÍCH ĐỘNG,0.9775
"Món ăn tráo trở, đòi lại tiền ngay",KÍCH ĐỘNG,REVIEW,0.5703
Phục vụ phục vụ như hạch,CHỬI BỚI,REVIEW,0.5268
Món ăn nhìn như lợn,CHỬI BỚI,SẠCH,0.7713
"Hệ thống tráo trở, đòi lại tiền ngay",KÍCH ĐỘNG,CHỬI BỚI,0.6859
"Chủ shop lừa đảo, đừng mua ngay",KÍCH ĐỘNG,REVIEW,0.4475
"Phục vụ gian manh, đòi lại tiền ngay",KÍCH ĐỘNG,CHỬI BỚI,0.8593
Truy cập http://vay84.com nhận 100k,SPAM,SẠCH,0.9879
Truy cập http://soicau68.com xem hàng,SPAM,SẠCH,0.9886
"Ship hàng lừa đảo, kiện ngay",KÍCH ĐỘNG,SPAM,0.7243
"Cách làm ăn lừa đảo, report ngay",KÍCH ĐỘNG,SPAM,0.9853
Thằng quản lý chán như l*n,CHỬI BỚI,KÍCH ĐỘNG,0.9878
Cái chỗ này ngu như c*c,CHỬI BỚI,KÍCH ĐỘNG,0.9756
Quán này làm ăn như bò,CHỬI BỚI,KÍCH ĐỘNG,0.8936
Chủ shop thối hoắc,CHỬI BỚI,KÍCH ĐỘNG,0.9171
Hệ thống chán như hạch,CHỬI BỚI,KÍCH ĐỘNG,0.7249
