text,expected_label,model_predicted,confidence
bố láo Bọn nhân viên ngu không tả được,CHỬI BỚI,,0.9917
"Con mụ chủ gian manh, cạch mặt ngay",KÍCH ĐỘNG,,0.9832
Lễ tân phục vụ như c*c,CHỬI BỚI,,0.9413
Thái độ phục vụ khá chu đáo nhé,SẠCH,,0.9766
Hotline 0539687963 để nhận quà,SPAM,,0.9905
"Tuyển dụng làm online, ib zalo 0393304247",SPAM,,0.9997
"Tuyển dụng làm online, ib zalo 0768050514",SPAM,,0.9997
Nhân viên đặc biệt thân thiện lắm luôn,SẠCH,,0.9817
đm Khách sạn dẹp tiệm đi,CHỬI BỚI,,0.9622
Truy cập http://vay18.com nhận 100k,SPAM,,0.9826
Chủ quán thực sự đẹp lắm luôn,SẠCH,,0.9905
Zalo 0859690797 để tư vấn,SPAM,,0.8241
Khách sạn cực kỳ ok!,SẠCH,,0.9933
Liên hệ 0453753375 để vay vốn,SPAM,,0.9979
Điều hòa như bẹn,CHỬI BỚI,,0.7964
Bác bảo vệ đặc biệt hài lòng :)),SẠCH,,0.9917
"Điều hòa lừa đảo, đừng mua ngay",KÍCH ĐỘNG,,0.7692
Nhà vệ sinh tệ như cứt,CHỬI BỚI,,0.7244
Phòng ốc phải nói là chu đáo <3,SẠCH,,0.9934
"Tuyển dụng việc nhẹ, ib zalo 0879925910",SPAM,,0.9997
Wifi cực kỳ chill lắm luôn,SẠCH,,0.9952
Nhà vệ sinh trông hài lòng ạ,SẠCH,,0.9939
Nhà vệ sinh cảm thấy nhanh nhẹn :)),SẠCH,,0.9904
Ship hàng bẩn như l*n,CHỬI BỚI,,0.9451
Bác bảo vệ cảm thấy ổn áp.,SẠCH,,0.9933
Thái độ phục vụ tương đối đẹp.,SẠCH,,0.947
Con mụ chủ nhìn như đầu bùi,CHỬI BỚI,,0.9794
Nhà vệ sinh cực kỳ ngon hihi,SẠCH,,0.9923
Thái độ phục vụ thấy hài lòng nhé,SẠCH,,0.9921
Thái độ phục vụ vô cùng rộng rãi :)),SẠCH,,0.9897
Dịch vụ như l*n,CHỬI BỚI,,0.9263
Khách sạn dở như shit,CHỬI BỚI,,0.8931
Lễ tân bẩn như chó,CHỬI BỚI,,0.8778
Homestay phải nói là đẹp :)),SẠCH,,0.9898
Khách sạn làm ăn như đống phân,CHỬI BỚI,,0.9663
"Món ăn tráo trở, tránh xa ngay",KÍCH ĐỘNG,,0.9697
Cách làm ăn dở như chó,CHỬI BỚI,,0.9198
"Tuyển dụng việc nhẹ, ib zalo 0961733278",SPAM,,0.9997
Khách sạn tệ như hạch,CHỬI BỚI,,0.834
Nước nóng cực kỳ tận tâm :)),SẠCH,,0.9881
tiên sư Ship hàng biến đi,CHỬI BỚI,,0.9787
Chủ quán khá chill <3,SẠCH,,0.9934
Dịch vụ cảm thấy đẹp nhé,SẠCH,,0.9939
Truy cập http://bet89.com nhận khuyến mãi,SPAM,,0.998
Khách sạn phục vụ như đầu bùi,CHỬI BỚI,,0.5717
CSKH dở như c*c,CHỬI BỚI,,0.8816
Cách bài trí thấy ổn áp thực sự,SẠCH,,0.9905
Ship hàng nhìn như bẹn,CHỬI BỚI,,0.9252
Chị lễ tân cảm thấy tận tâm nha,SẠCH,,0.9937
Vị trí quá là tiện lợi!,SẠCH,,0.9923
Thái độ phục vụ tương đối lung linh thực sự,SẠCH,,0.9737
Lễ tân dơ dáy,CHỬI BỚI,,0.7337
Nhắn tin 0435639499 để nhận quà,SPAM,,0.9924
"Lễ tân lừa đảo, báo công an ngay",KÍCH ĐỘNG,,0.4863
Giường vô cùng đẳng cấp nha,SẠCH,,0.9953
Bác bảo vệ đặc biệt ngon <3,SẠCH,,0.9898
Không gian quá là ngon.,SẠCH,,0.972
"Quán này tráo trở, kiện ngay",KÍCH ĐỘNG,,0.6088
Khách sạn làm ăn như cc,CHỬI BỚI,,0.9369
"Quán này lừa đảo, gian dối ngay",KÍCH ĐỘNG,,0.7876
Cái chỗ này nhìn như c*c,CHỬI BỚI,,0.8466
Truy cập http://sex13.com xem hàng,SPAM,,0.9728
"Thằng quản lý lừa đảo, đòi lại tiền ngay",KÍCH ĐỘNG,,0.9719
Nước nóng vô cùng tiện lợi nhé,SẠCH,,0.9877
Call 0810087675 để nhận quà,SPAM,,0.9944
Tiện nghi đặc biệt tận tâm nhé,SẠCH,,0.9899
Món ăn thối như bẹn,CHỬI BỚI,,0.5987
vcl Wifi dẹp tiệm đi,CHỬI BỚI,,0.976
"Ship hàng tráo trở, đừng mua ngay",KÍCH ĐỘNG,,0.9068
Nhắn tin 0330112745 để nhận quà,SPAM,,0.9935
mẹ kiếp Phục vụ làm ăn chán đời,CHỬI BỚI,,0.8522
Mọi thứ vô cùng đáng tiền hihi,SẠCH,,0.996
ngu vãi Bọn nhân viên dẹp tiệm đi,CHỬI BỚI,,0.6831
"Tuyển dụng làm online, ib zalo 0498548091",SPAM,,0.9997
Wifi làm ăn như đầu bùi,CHỬI BỚI,,0.9357
Giường siêu chu đáo thực sự,SẠCH,,0.9936
Ship hàng phục vụ như bẹn,CHỬI BỚI,,0.8756
Bể bơi thấy yên tĩnh.,SẠCH,,0.9741
"Tuyển dụng việc nhẹ, ib zalo 0881279618",SPAM,,0.9997
Hotline 0529572232 để kết bạn,SPAM,,0.9611
Hệ thống chán như chó,CHỬI BỚI,,0.919
Wifi thối như bẹn,CHỬI BỚI,,0.9384
CSKH như chó,CHỬI BỚI,,0.5601
khốn nạn Hệ thống làm ăn chán đời,CHỬI BỚI,,0.5667
mất dạy Phục vụ dẹp tiệm đi,CHỬI BỚI,,0.8382
khốn nạn Chủ shop làm ăn chán đời,CHỬI BỚI,,0.9009
Khách sạn phải nói là ok ^^,SẠCH,,0.9889
óc chó Cái chỗ này làm ăn chán đời,CHỬI BỚI,,0.9912
Ban công trông tận tâm ạ,SẠCH,,0.9954
Alo 0869530066 để kết bạn,SPAM,,0.9934
Nhà vệ sinh phải nói là dễ thương ạ,SẠCH,,0.9795
"Wifi lừa đảo, gian dối ngay",KÍCH ĐỘNG,,0.9438
Không gian vô cùng xịn sò nhé,SẠCH,,0.4712
"Phục vụ lừa đảo, dối trá ngay",KÍCH ĐỘNG,,0.905
Thằng quản lý ngu như đầu bùi,CHỬI BỚI,,0.9922
mất dạy Hệ thống biến đi,CHỬI BỚI,,0.4001
"CSKH tráo trở, lừa đảo ngay",KÍCH ĐỘNG,,0.947
"Tuyển dụng làm online, ib zalo 0918829502",SPAM,,0.9996
Chị lễ tân thấy sang chảnh nhé,SẠCH,,0.9918
Dịch vụ như lồn,CHỬI BỚI,,0.925
"Tuyển dụng làm online, ib zalo 0690660580",SPAM,,0.9997
Bể bơi đặc biệt đẳng cấp hihi,SẠCH,,0.9902
"Khách sạn tráo trở, cạch mặt ngay",KÍCH ĐỘNG,,0.5547
Con mèo của chủ quán thông minh ghê,SẠCH,,0.6612
Resort khá chuyên nghiệp lắm luôn,SẠCH,,0.9958
Wifi hơi bị chuyên nghiệp hihi,SẠCH,,0.9878
Dịch vụ hơi bị đẹp.,SẠCH,,0.9491
Món ăn chán như c*c,CHỬI BỚI,,0.9735
Vị trí vô cùng thân thiện!,SẠCH,,0.994
Khách sạn như lồn,CHỬI BỚI,,0.9255
Mọi thứ rất sang chảnh :)),SẠCH,,0.995
Dịch vụ nhìn sạch sẽ nhé,SẠCH,,0.9907
Dịch vụ tương đối thoáng mát ^^,SẠCH,,0.9502
Alo 0351625131 để kết bạn,SPAM,,0.9933
Phòng ốc cực kỳ lung linh ạ,SẠCH,,0.9954
View thấy thơm tho ạ,SẠCH,,0.9954
Wifi thối như shit,CHỬI BỚI,,0.9073
Quán này chảnh chó,CHỬI BỚI,,0.772
Tiện nghi thấy đẳng cấp <3,SẠCH,,0.9622
Cô lao công phải nói là tận tâm <3,SẠCH,,0.9364
"Dịch vụ lừa đảo, cạch mặt ngay",KÍCH ĐỘNG,,0.9989
Truy cập http://vay26.com nhận 100k,SPAM,,0.9802
Vị trí cực kỳ ok nha,SẠCH,,0.9941
Truy cập http://soicau24.com nhận 100k,SPAM,,0.9774
Anh chủ nhìn chill thực sự,SẠCH,,0.993
Wifi như bò,CHỬI BỚI,,0.9061
"Con mụ chủ lừa đảo, treo đầu dê bán thịt chó ngay",KÍCH ĐỘNG,,0.9577
Dịch vụ hơi bị thơm tho.,SẠCH,,0.9747
"Tuyển dụng việc nhẹ, ib zalo 0563014612",SPAM,,0.9997
"Cách làm ăn tráo trở, lừa đảo ngay",KÍCH ĐỘNG,,0.7743
"Wifi gian manh, cẩn thận bị lừa ngay",KÍCH ĐỘNG,,0.6453
Khách sạn ngu như bò,CHỬI BỚI,,0.8349
Call 0831496383 để tư vấn,SPAM,,0.9805
Thái độ phục vụ nhìn xuất sắc :)),SẠCH,,0.9932
Chủ shop dở như l*n,CHỬI BỚI,,0.8763
Ib ngay 0676193326 để vay vốn,SPAM,,0.9977
Thái độ ngu như lợn,CHỬI BỚI,,0.5089
Truy cập http://soicau98.com nhận 100k,SPAM,,0.9856
View cực kỳ sạch sẽ <3,SẠCH,,0.9955
"Tuyển dụng việc nhẹ, ib zalo 0871780025",SPAM,,0.9997
Alo 0498737678 để nhận quà,SPAM,,0.9952
bố láo Lễ tân ngu không tả được,CHỬI BỚI,,0.9907
Dịch vụ đặc biệt chuyên nghiệp.,SẠCH,,0.9602
Vị trí trông yên tĩnh!,SẠCH,,0.9754
Bể bơi cảm thấy thoáng mát.,SẠCH,,0.9782
Nhà vệ sinh đặc biệt ok ạ,SẠCH,,0.9944
"Chủ shop gian manh, report ngay",KÍCH ĐỘNG,,0.9212
Ban công siêu yên tĩnh ^^,SẠCH,,0.9908
Hệ thống tệ như chó,CHỬI BỚI,,0.9023
Zalo 0444283491 để nhận quà,SPAM,,0.912
Dịch vụ thối như rác rưởi,CHỬI BỚI,,0.9362
"Tuyển dụng việc nhẹ, ib zalo 0482249977",SPAM,,0.9997
Truy cập http://vay77.com nhận khuyến mãi,SPAM,,0.9909
Khách sạn thấy xuất sắc!,SẠCH,,0.9887
"Bọn nhân viên lừa đảo, cẩn thận bị lừa ngay",KÍCH ĐỘNG,,0.698
Resort thực sự thân thiện!,SẠCH,,0.9954
Giường siêu xịn sò ^^,SẠCH,,0.7276
Chị lễ tân thấy ngon nha,SẠCH,,0.9942
Khách sạn vô cùng đẳng cấp thực sự,SẠCH,,0.9934
Thái độ bẩn thỉu,CHỬI BỚI,,0.779
"Tuyển dụng làm online, ib zalo 0597226688",SPAM,,0.9996
Hỗ trợ 0623451876 để kết bạn,SPAM,,0.8249
Bể bơi hơi bị thơm tho ^^,SẠCH,,0.9844
Homestay rất đẹp.,SẠCH,,0.994
Hỗ trợ 0472415049 để vay vốn,SPAM,,0.9965
"Tuyển dụng làm online, ib zalo 0653193310",SPAM,,0.9997
Cái chỗ này thối như lợn,CHỬI BỚI,,0.8556
Các bạn đừng bao giờ đến shop này,KÍCH ĐỘNG,,0.9919
Wifi nhìn ấm cúng ạ,SẠCH,,0.9901
"Tuyển dụng làm online, ib zalo 0487470123",SPAM,,0.9996
Lễ tân nhìn như lợn,CHỬI BỚI,,0.7553
tổ cha Bọn nhân viên làm ăn chán đời,CHỬI BỚI,,0.9813
Phục vụ nhìn như bò,CHỬI BỚI,,0.6151
Wifi như c*c,CHỬI BỚI,,0.9801
Resort rất ngon ạ,SẠCH,,0.9947
tiên sư Lễ tân làm ăn chán đời,CHỬI BỚI,,0.3879
Ban công cảm thấy ngon nhé,SẠCH,,0.9948
Quán này chán như đống phân,CHỬI BỚI,,0.9222
Hỗ trợ 0773673771 để tư vấn,SPAM,,0.837
Hỗ trợ 0846259936 để vay vốn,SPAM,,0.9981
CSKH phục vụ như quần què,CHỬI BỚI,,0.849
Con mèo của chủ quán quấn người ghê,SẠCH,,0.895
"Tuyển dụng việc nhẹ, ib zalo 0372604203",SPAM,,0.9997
Ship hàng thối như c*c,CHỬI BỚI,,0.9585
Con mèo của chủ quán đáng yêu ghê,SẠCH,,0.9304
Hỗ trợ 0331375670 để nhận quà,SPAM,,0.6093
Chủ quán siêu tốt!,SẠCH,,0.9874
Nhân viên hơi bị nhiệt tình thực sự,SẠCH,,0.9501
Trải nghiệm siêu tiện lợi :)),SẠCH,,0.9945
Truy cập http://soicau50.com nhận 100k,SPAM,,0.9793
"Khách sạn tráo trở, làm ăn bố láo ngay",KÍCH ĐỘNG,,0.6167
Mọi người tránh xa cái cái bọn lừa đảo này nhé,KÍCH ĐỘNG,,0.9855
Chủ quán khá thơm tho <3,SẠCH,,0.994
đéo Cách làm ăn biến đi,CHỬI BỚI,,0.9731
Bể bơi siêu tốt nha,SẠCH,,0.9948
Cách bài trí cực kỳ sạch sẽ <3,SẠCH,,0.9951
Đồ ăn phải nói là sạch sẽ nha,SẠCH,,0.9647
mất dạy Ship hàng ngu không tả được,CHỬI BỚI,,0.863
Phòng ốc cực kỳ xuất sắc ạ,SẠCH,,0.9953
Điều hòa nhìn chill :)),SẠCH,,0.9959
Đồ ăn cực kỳ tốt :)),SẠCH,,0.9958
"Tuyển dụng việc nhẹ, ib zalo 0667411080",SPAM,,0.9997
Bác bảo vệ hơi bị đáng tiền thực sự,SẠCH,,0.9852
"Lễ tân lừa đảo, tránh xa ngay",KÍCH ĐỘNG,,0.5554
Chủ quán thấy hài lòng lắm luôn,SẠCH,,0.991
"Thái độ tráo trở, cẩn thận bị lừa ngay",KÍCH ĐỘNG,,0.6032
Vị trí rất tuyệt vời nha,SẠCH,,0.9953
mất dạy Điều hòa dẹp tiệm đi,CHỬI BỚI,,0.659
Nhà vệ sinh đặc biệt đẹp.,SẠCH,,0.989
khốn nạn Chủ shop ngu không tả được,CHỬI BỚI,,0.8631
bố láo Chủ shop biến đi,CHỬI BỚI,,0.9224
"Cách làm ăn lừa đảo, đừng mua ngay",KÍCH ĐỘNG,,0.5901
đéo Món ăn dẹp tiệm đi,CHỬI BỚI,,0.9812
Nhà vệ sinh làm ăn như c*c,CHỬI BỚI,,0.7501
"Món ăn gian manh, dối trá ngay",KÍCH ĐỘNG,,0.9207
đm Khách sạn ngu không tả được,CHỬI BỚI,,0.8679
Tiện nghi rất chuyên nghiệp ạ,SẠCH,,0.9927
View quá là ấm cúng ạ,SẠCH,,0.9955
"Khách sạn lừa đảo, đừng mua ngay",KÍCH ĐỘNG,,0.699
Resort cảm thấy đáng tiền nhé,SẠCH,,0.9948
chó chết Hệ thống ngu không tả được,CHỬI BỚI,,0.804
Không gian thấy chill.,SẠCH,,0.9919
Bữa sáng quá là tiện lợi thực sự,SẠCH,,0.9957
View cực kỳ rộng rãi hihi,SẠCH,,0.9945
Con mụ chủ ngu như bẹn,CHỬI BỚI,,0.9866
Cách bài trí cực kỳ dễ thương ^^,SẠCH,,0.9927
Nhà vệ sinh siêu dễ thương :)),SẠCH,,0.9955
Bể bơi thực sự yên tĩnh.,SẠCH,,0.9731
Anh chủ trông dễ thương thực sự,SẠCH,,0.9942
Đồ ăn cực kỳ yên tĩnh :)),SẠCH,,0.9933
Chủ shop dở như cứt,CHỬI BỚI,,0.5162
Nhân viên cảm thấy ấm cúng lắm luôn,SẠCH,,0.9932
Hotline 0988556766 để tư vấn,SPAM,,0.9308
"Quán này gian manh, cẩn thận bị lừa ngay",KÍCH ĐỘNG,,0.4836
CSKH ngu như đống phân,CHỬI BỚI,,0.9879
Cô lao công rất thơm tho!,SẠCH,,0.9896
Nhân viên khá sạch sẽ :)),SẠCH,,0.9928
Phòng ốc vô cùng nhanh nhẹn thực sự,SẠCH,,0.9802
"Bọn nhân viên tráo trở, làm ăn bố láo ngay",KÍCH ĐỘNG,,0.9742
Cách bài trí quá là ổn áp!,SẠCH,,0.9934
Anh chủ cực kỳ ok thực sự,SẠCH,,0.9939
Món ăn bẩn như đầu bùi,CHỬI BỚI,,0.7665
Homestay tương đối sạch sẽ ạ,SẠCH,,0.9895
Giường quá là chuyên nghiệp nha,SẠCH,,0.9959
Chị lễ tân cực kỳ chuyên nghiệp ^^,SẠCH,,0.9891
Nhà vệ sinh cực kỳ chu đáo nhé,SẠCH,,0.9856
Bác bảo vệ thực sự sạch sẽ.,SẠCH,,0.9821
"Tuyển dụng việc nhẹ, ib zalo 0672954509",SPAM,,0.9997
Homestay thực sự tuyệt vời <3,SẠCH,,0.9947
"Tuyển dụng việc nhẹ, ib zalo 0490713558",SPAM,,0.9997
View quá là chuyên nghiệp nha,SẠCH,,0.9961
khốn nạn Cái chỗ này dẹp tiệm đi,CHỬI BỚI,,0.9491
Phục vụ như cặc,CHỬI BỚI,,0.9668
Khách sạn khá yên tĩnh nha,SẠCH,,0.9839
Phục vụ thối như hạch,CHỬI BỚI,,0.7925
Cách bài trí nhìn rộng rãi <3,SẠCH,,0.9935
Con cún của chủ quán đáng yêu quá,SẠCH,,0.8981
Con mèo của chủ quán cưng xỉu ghê,SẠCH,,0.6279
Thằng quản lý bẩn như bẹn,CHỬI BỚI,,0.9903
Nhân viên khá chu đáo lắm luôn,SẠCH,,0.9531
Dịch vụ phục vụ như l*n,CHỬI BỚI,,0.8191
View tương đối chill :)),SẠCH,,0.9957
CSKH như cặc,CHỬI BỚI,,0.9368
Dịch vụ siêu thân thiện.,SẠCH,,0.9869
Lễ tân tệ như chó,CHỬI BỚI,,0.9331
Điều hòa cực kỳ ấm cúng :)),SẠCH,,0.9947
Trải nghiệm cực kỳ tốt lắm luôn,SẠCH,,0.9928
Wifi thối như rác rưởi,CHỬI BỚI,,0.891
Dịch vụ phải nói là chuyên nghiệp!,SẠCH,,0.9796
"Chủ shop tráo trở, report ngay",KÍCH ĐỘNG,,0.9865
Điều hòa láo toét,CHỬI BỚI,,0.7894
Truy cập http://sex91.com nhận khuyến mãi,SPAM,,0.9686
Khách sạn vô cùng sạch sẽ.,SẠCH,,0.9885
Chủ shop chán như rác rưởi,CHỬI BỚI,,0.8268
Bác bảo vệ siêu xịn sò.,SẠCH,,0.9069
Bọn nhân viên nhìn như lợn,CHỬI BỚI,,0.8475
"Điều hòa gian manh, treo đầu dê bán thịt chó ngay",KÍCH ĐỘNG,,0.5104
"Tuyển dụng việc nhẹ, ib zalo 0950121271",SPAM,,0.9997
Phòng ốc cực kỳ lung linh lắm luôn,SẠCH,,0.9953
Bác bảo vệ trông tuyệt vời thực sự,SẠCH,,0.9929
Dịch vụ vô cùng chuyên nghiệp ^^,SẠCH,,0.9737
Dịch vụ rất tốt <3,SẠCH,,0.9912
Trải nghiệm thực sự sang chảnh ^^,SẠCH,,0.9901
Homestay nhìn đẳng cấp <3,SẠCH,,0.9904
"Cái chỗ này lừa đảo, bóc phốt ngay",KÍCH ĐỘNG,,0.9079
đéo Cách làm ăn làm ăn chán đời,CHỬI BỚI,,0.9587
óc chó Quán này ngu không tả được,CHỬI BỚI,,0.9914
Wifi khá nhanh nhẹn <3,SẠCH,,0.9924
Wifi rất chuyên nghiệp ^^,SẠCH,,0.9952
Truy cập http://vay82.com xem hàng,SPAM,,0.9905
"Thái độ tráo trở, báo công an ngay",KÍCH ĐỘNG,,0.58
Mọi người cẩn thận bị lừa cái cái bọn lừa đảo này nhé,KÍCH ĐỘNG,,0.986
"Điều hòa lừa đảo, lừa đảo ngay",KÍCH ĐỘNG,,0.9064
Thái độ phục vụ cảm thấy chuyên nghiệp nhé,SẠCH,,0.9833
đm Phục vụ làm ăn chán đời,CHỬI BỚI,,0.962
Mọi thứ cực kỳ chill <3,SẠCH,,0.9958
"Tuyển dụng việc nhẹ, ib zalo 0517569480",SPAM,,0.9997
Wifi thấy rộng rãi!,SẠCH,,0.9884
Anh chủ rất nhiệt tình.,SẠCH,,0.9728
Trải nghiệm thực sự chuyên nghiệp hihi,SẠCH,,0.9946
óc chó Nhà vệ sinh ngu không tả được,CHỬI BỚI,,0.9912
Quán này như l*n,CHỬI BỚI,,0.9154
mất dạy Con mụ chủ dẹp tiệm đi,CHỬI BỚI,,0.9772
Truy cập http://bet96.com nhận 100k,SPAM,,0.9309
tiên sư Phục vụ biến đi,CHỬI BỚI,,0.9926
bố láo Wifi làm ăn chán đời,CHỬI BỚI,,0.81
Resort phải nói là tuyệt vời <3,SẠCH,,0.9952
"Lễ tân gian manh, báo công an ngay",KÍCH ĐỘNG,,0.9496
Truy cập http://sex34.com nhận khuyến mãi,SPAM,,0.9607
Nhắn tin 0384546439 để kết bạn,SPAM,,0.989
Con mèo nhà này ngoan lắm,SẠCH,,0.734
tổ cha Thằng quản lý ngu không tả được,CHỬI BỚI,,0.9901
Chị lễ tân quá là sang chảnh ạ,SẠCH,,0.9734
Homestay cảm thấy đáng tiền thực sự,SẠCH,,0.9841
Món ăn dở như shit,CHỬI BỚI,,0.9383
"Tuyển dụng việc nhẹ, ib zalo 0929037801",SPAM,,0.9997
Wifi nhìn nhiệt tình lắm luôn,SẠCH,,0.9954
Cái chỗ này chán như l*n,CHỬI BỚI,,0.6513
Bể bơi nhìn đẹp.,SẠCH,,0.987
Đồ ăn đặc biệt ấm cúng :)),SẠCH,,0.9923
Homestay nhìn ấm cúng ạ,SẠCH,,0.9875
Nhắn tin 0866543977 để vay vốn,SPAM,,0.9856
"Tuyển dụng làm online, ib zalo 0491348880",SPAM,,0.9997
Mọi thứ rất sạch sẽ :)),SẠCH,,0.9943
Phòng ốc nhìn ổn áp lắm luôn,SẠCH,,0.9888
Nhà vệ sinh siêu nhiệt tình ạ,SẠCH,,0.9896
Điều hòa làm ăn như rác rưởi,CHỬI BỚI,,0.7358
Hệ thống tệ như bẹn,CHỬI BỚI,,0.8218
Bọn nhân viên thối như rác rưởi,CHỬI BỚI,,0.9714
"Tuyển dụng làm online, ib zalo 0353564660",SPAM,,0.9997
Chị lễ tân vô cùng thân thiện nhé,SẠCH,,0.9903
Thái độ ngu như bò,CHỬI BỚI,,0.9652
Cái chỗ này tệ như hạch,CHỬI BỚI,,0.7426
Dịch vụ tương đối ngon :)),SẠCH,,0.9949
"Tuyển dụng làm online, ib zalo 0412176405",SPAM,,0.9997
Bọn nhân viên như đầu bùi,CHỬI BỚI,,0.9885
Thằng quản lý tệ như rác rưởi,CHỬI BỚI,,0.9643
"Phục vụ lừa đảo, kiện ngay",KÍCH ĐỘNG,,0.4982
Con cún của chủ quán dễ thương quá,SẠCH,,0.882
Hỗ trợ 0794489213 để tư vấn,SPAM,,0.9107
Hỗ trợ 0326390305 để nhận quà,SPAM,,0.714
Chủ quán phải nói là tốt <3,SẠCH,,0.9922
Khách sạn quá là chuyên nghiệp ^^,SẠCH,,0.9918
Không gian nhìn hài lòng ạ,SẠCH,,0.9957
Thái độ thối như shit,CHỬI BỚI,,0.7952
Truy cập http://sex89.com nhận khuyến mãi,SPAM,,0.9663
Nước nóng thấy yên tĩnh.,SẠCH,,0.9814
Wifi quá là chuyên nghiệp ạ,SẠCH,,0.9955
Hỗ trợ 0986878871 để vay vốn,SPAM,,0.9991
Điều hòa tệ như lợn,CHỬI BỚI,,0.4792
Mọi thứ tương đối tận tâm hihi,SẠCH,,0.9944
Homestay hơi bị tiện lợi nha,SẠCH,,0.9834
Giường nhìn chu đáo.,SẠCH,,0.9917
Vị trí rất tốt :)),SẠCH,,0.9943
Ban công tương đối xịn sò.,SẠCH,,0.7409
Wifi nhìn như đầu bùi,CHỬI BỚI,,0.4779
Thằng quản lý làm ăn như cứt,CHỬI BỚI,,0.9871
Bác bảo vệ cực kỳ ok ^^,SẠCH,,0.9793
Chủ shop như lồn,CHỬI BỚI,,0.6825
Con mụ chủ như shit,CHỬI BỚI,,0.9896
"Ship hàng tráo trở, report ngay",KÍCH ĐỘNG,,0.9033
Homestay phải nói là tận tâm ^^,SẠCH,,0.9773
Cái chỗ này làm ăn như đống phân,CHỬI BỚI,,0.7993
Zalo 0466414119 để kết bạn,SPAM,,0.9045
Tiện nghi siêu chu đáo lắm luôn,SẠCH,,0.9928
Quán này dở như hạch,CHỬI BỚI,,0.5783
Nhà vệ sinh tệ như l*n,CHỬI BỚI,,0.7864
Nhà vệ sinh quá là chuyên nghiệp :)),SẠCH,,0.9936
"Nhà vệ sinh gian manh, tẩy chay ngay",KÍCH ĐỘNG,,0.8365
"Tuyển dụng việc nhẹ, ib zalo 0659436488",SPAM,,0.9997
Giường hơi bị nhanh nhẹn :)),SẠCH,,0.9735
Bể bơi vô cùng đẹp nha,SẠCH,,0.9944
"Tuyển dụng làm online, ib zalo 0526569813",SPAM,,0.9997
Dịch vụ bẩn như shit,CHỬI BỚI,,0.9538
Khách sạn trông yên tĩnh nha,SẠCH,,0.9873
Hệ thống ngu như lợn,CHỬI BỚI,,0.5213
"Khách sạn tráo trở, gian dối ngay",KÍCH ĐỘNG,,0.906
"Tuyển dụng làm online, ib zalo 0832746817",SPAM,,0.9997
Nước nóng tương đối yên tĩnh thực sự,SẠCH,,0.9923
Homestay thấy thơm tho hihi,SẠCH,,0.9942
Bữa sáng phải nói là ổn áp!,SẠCH,,0.9938
Nhắn tin 0381388131 để vay vốn,SPAM,,0.9826
Dịch vụ trông đẹp nhé,SẠCH,,0.9927
Thằng quản lý chán như lợn,CHỬI BỚI,,0.9561
Điều hòa thối như shit,CHỬI BỚI,,0.9127
"Cách làm ăn gian manh, làm ăn bố láo ngay",KÍCH ĐỘNG,,0.7248
tổ cha Cách làm ăn dẹp tiệm đi,CHỬI BỚI,,0.4931
"Wifi lừa đảo, tẩy chay ngay",KÍCH ĐỘNG,,0.7445
Thái độ phục vụ trông ok lắm luôn,SẠCH,,0.9765
đéo Ship hàng ngu không tả được,CHỬI BỚI,,0.8825
Tiện nghi siêu nhiệt tình hihi,SẠCH,,0.994
Ban công nhìn ấm cúng nhé,SẠCH,,0.9935
Wifi bẩn như cứt,CHỬI BỚI,,0.9238
Nhắn tin 0666907355 để kết bạn,SPAM,,0.9862
Phòng ốc tương đối tiện lợi thực sự,SẠCH,,0.9124
Dịch vụ quá là sạch sẽ.,SẠCH,,0.986
Bể bơi thực sự ấm cúng ^^,SẠCH,,0.9874
Thái độ tệ như lợn,CHỬI BỚI,,0.8307
Ship hàng thối như shit,CHỬI BỚI,,0.9588
Con cún của chủ quán ngoan ghê,SẠCH,,0.4896
Wifi thối như c*c,CHỬI BỚI,,0.958
"Cách làm ăn gian manh, đòi lại tiền ngay",KÍCH ĐỘNG,,0.7802
Thái độ làm ăn như lợn,CHỬI BỚI,,0.7529
"Wifi tráo trở, report ngay",KÍCH ĐỘNG,,0.9866
View vô cùng đáng tiền ^^,SẠCH,,0.9946
Wifi thực sự ok :)),SẠCH,,0.9961
Cách làm ăn dở như bẹn,CHỬI BỚI,,0.9229
Cách bài trí thực sự dễ thương nha,SẠCH,,0.9955
Truy cập http://soicau58.com xem hàng,SPAM,,0.9885
View rất rộng rãi ^^,SẠCH,,0.9885
Hỗ trợ 0933000307 để tư vấn,SPAM,,0.8594
Chị lễ tân trông ngon <3,SẠCH,,0.9934
"Tuyển dụng việc nhẹ, ib zalo 0537523093",SPAM,,0.9997
"Cách làm ăn lừa đảo, tẩy chay ngay",KÍCH ĐỘNG,,0.6801
tiên sư Thái độ ngu không tả được,CHỬI BỚI,,0.9794
Món ăn làm ăn như cứt,CHỬI BỚI,,0.8679
đéo Cái chỗ này dẹp tiệm đi,CHỬI BỚI,,0.9664
"Tuyển dụng làm online, ib zalo 0784243652",SPAM,,0.9997
Dịch vụ thấy ok ^^,SẠCH,,0.9757
Liên hệ 0589051612 để kết bạn,SPAM,,0.9727
Cô lao công thấy ổn áp <3,SẠCH,,0.9946
Chủ quán vô cùng đẹp!,SẠCH,,0.9894
Cách bài trí thấy nhanh nhẹn nha,SẠCH,,0.9892
Ship hàng như l*n,CHỬI BỚI,,0.9203
Món ăn như chó,CHỬI BỚI,,0.9248
Dịch vụ thực sự rộng rãi nhé,SẠCH,,0.9918
Con cún nhà này đáng yêu ghê,SẠCH,,0.9773
Hệ thống nhìn như l*n,CHỬI BỚI,,0.7664
Resort siêu tốt ^^,SẠCH,,0.9883
tiên sư Cách làm ăn ngu không tả được,CHỬI BỚI,,0.9782
Cô lao công đặc biệt sạch sẽ thực sự,SẠCH,,0.9849
Cô lao công phải nói là rộng rãi :)),SẠCH,,0.9134
"Khách sạn tráo trở, lừa đảo ngay",KÍCH ĐỘNG,,0.88
Wifi làm ăn như l*n,CHỬI BỚI,,0.899
khốn nạn Con mụ chủ biến đi,CHỬI BỚI,,0.9689
Giường rất hài lòng ạ,SẠCH,,0.9947
Truy cập http://bet50.com nhận 100k,SPAM,,0.9803
Trải nghiệm phải nói là sang chảnh nha,SẠCH,,0.9882
"Tuyển dụng việc nhẹ, ib zalo 0856399944",SPAM,,0.9997
Vị trí đặc biệt chuyên nghiệp nhé,SẠCH,,0.9913
Truy cập http://sex90.com nhận khuyến mãi,SPAM,,0.9115
Cái chỗ này làm ăn như đầu bùi,CHỬI BỚI,,0.7846
Truy cập http://vay65.com nhận khuyến mãi,SPAM,,0.9928
Trải nghiệm thực sự nhiệt tình!,SẠCH,,0.9947
Không gian trông sang chảnh ^^,SẠCH,,0.9806
Bể bơi siêu ngon.,SẠCH,,0.9913
tổ cha Thằng quản lý làm ăn chán đời,CHỬI BỚI,,0.9815
Bể bơi đặc biệt chill hihi,SẠCH,,0.9954
Món ăn chán như đầu bùi,CHỬI BỚI,,0.9001
Homestay thực sự tuyệt vời :)),SẠCH,,0.9949
"Tuyển dụng việc nhẹ, ib zalo 0782748199",SPAM,,0.9997
Khách sạn tương đối thân thiện nha,SẠCH,,0.9914
Quán này tệ như đầu bùi,CHỬI BỚI,,0.6708
"CSKH lừa đảo, đừng mua ngay",KÍCH ĐỘNG,,0.9555
Đồ ăn thực sự lung linh thực sự,SẠCH,,0.9946
Giường tương đối thơm tho :)),SẠCH,,0.995
Con mèo nhà này hiền khô ghê,SẠCH,,0.7954
Hệ thống làm ăn như hạch,CHỬI BỚI,,0.7258
Con cún nhà này hiền khô ghê,SẠCH,,0.8782
Khách sạn dở như chó,CHỬI BỚI,,0.9512
"Con mụ chủ tráo trở, cẩn thận bị lừa ngay",KÍCH ĐỘNG,,0.9877
Call 0615360992 để nhận quà,SPAM,,0.995
Con mụ chủ làm ăn như đống phân,CHỬI BỚI,,0.9884
"Ship hàng lừa đảo, cạch mặt ngay",KÍCH ĐỘNG,,0.9733
Anh chủ cảm thấy thân thiện <3,SẠCH,,0.9954
"Tuyển dụng việc nhẹ, ib zalo 0579979421",SPAM,,0.9997
Ban công phải nói là đáng tiền ^^,SẠCH,,0.9881
Nước nóng trông chill ^^,SẠCH,,0.9765
"Bọn nhân viên gian manh, dối trá ngay",KÍCH ĐỘNG,,0.9828
óc chó Dịch vụ làm ăn chán đời,CHỬI BỚI,,0.9837
Thái độ phục vụ như cc,CHỬI BỚI,,0.5294
"Tuyển dụng việc nhẹ, ib zalo 0327487041",SPAM,,0.9997
Chị lễ tân đặc biệt đáng tiền nha,SẠCH,,0.9946
Dịch vụ siêu nhiệt tình ạ,SẠCH,,0.9792
Ship hàng làm ăn như chó,CHỬI BỚI,,0.9517
mất dạy Phục vụ làm ăn chán đời,CHỬI BỚI,,0.8374
Ban công nhìn chuyên nghiệp.,SẠCH,,0.9943
"Dịch vụ gian manh, cạch mặt ngay",KÍCH ĐỘNG,,0.8942
Khách sạn tương đối lung linh <3,SẠCH,,0.9947
Bác bảo vệ cực kỳ tuyệt vời ^^,SẠCH,,0.9869
tổ cha Lễ tân biến đi,CHỬI BỚI,,0.6653
Chủ shop chán như bẹn,CHỬI BỚI,,0.8775
Khách sạn bẩn như chó,CHỬI BỚI,,0.9345
"Điều hòa tráo trở, treo đầu dê bán thịt chó ngay",KÍCH ĐỘNG,,0.4992
Món ăn hãm lờ,CHỬI BỚI,,0.8326
Con mụ chủ như cặc,CHỬI BỚI,,0.983
Resort khá nhiệt tình!,SẠCH,,0.9949
Chủ shop bẩn như đầu bùi,CHỬI BỚI,,0.9598
Thái độ nhìn như bò,CHỬI BỚI,,0.9623
View nhìn ổn áp ạ,SẠCH,,0.9958
Chủ shop vãi đái,CHỬI BỚI,,0.9549
Anh chủ siêu chu đáo <3,SẠCH,,0.993
Cô lao công hơi bị sạch sẽ!,SẠCH,,0.9196
"Món ăn tráo trở, cẩn thận bị lừa ngay",KÍCH ĐỘNG,,0.9045
Ban công trông tốt <3,SẠCH,,0.9953
Alo 0654216882 để tư vấn,SPAM,,0.9699
Dịch vụ chán như c*c,CHỬI BỚI,,0.9511
Thái độ như chó,CHỬI BỚI,,0.9124
Bọn nhân viên làm ăn như shit,CHỬI BỚI,,0.9754
Bọn nhân viên dơ dáy,CHỬI BỚI,,0.9888
Khách sạn thối như bò,CHỬI BỚI,,0.5339
Giường nhìn đáng tiền!,SẠCH,,0.9856
Chủ quán quá là thơm tho ạ,SẠCH,,0.9923
Con cún nhà này đáng yêu lắm,SẠCH,,0.9556
Món ăn thối như chó,CHỬI BỚI,,0.9398
Con cún nhà này quấn người lắm,SẠCH,,0.5784
Nhà vệ sinh quá là tiện lợi nha,SẠCH,,0.9939
Trải nghiệm khá xuất sắc nhé,SẠCH,,0.9945
Homestay rất thân thiện ạ,SẠCH,,0.9942
Truy cập http://vay53.com xem hàng,SPAM,,0.9887
mất dạy Quán này ngu không tả được,CHỬI BỚI,,0.9703
Đồ ăn tương đối xịn sò nha,SẠCH,,0.9701
Phòng ốc đặc biệt rộng rãi :)),SẠCH,,0.9918
Cách làm ăn ngu như đầu bùi,CHỬI BỚI,,0.9485
"Tuyển dụng làm online, ib zalo 0388288819",SPAM,,0.9996
Chủ shop thối như rác rưởi,CHỬI BỚI,,0.7004
Vị trí cảm thấy thân thiện lắm luôn,SẠCH,,0.9949
"Thái độ lừa đảo, dối trá ngay",KÍCH ĐỘNG,,0.9333
Dịch vụ thấy chuyên nghiệp nha,SẠCH,,0.9859
Hỗ trợ 0913323268 để vay vốn,SPAM,,0.9988
ngu vãi Ship hàng ngu không tả được,CHỬI BỚI,,0.9417
Truy cập http://soicau51.com nhận 100k,SPAM,,0.9824
Bể bơi siêu yên tĩnh hihi,SẠCH,,0.9925
Nhân viên vô cùng tuyệt vời hihi,SẠCH,,0.9903
Cách làm ăn phục vụ như đầu bùi,CHỬI BỚI,,0.6843
Cái chỗ này ngu như cc,CHỬI BỚI,,0.9756
Cô lao công rất ổn áp hihi,SẠCH,,0.9916
"Con mụ chủ lừa đảo, tẩy chay ngay",KÍCH ĐỘNG,,0.9883
Ship hàng như chó,CHỬI BỚI,,0.9409
Wifi phải nói là chuyên nghiệp nhé,SẠCH,,0.9891
Mọi thứ cảm thấy đẳng cấp ạ,SẠCH,,0.9948
Các bạn tẩy chay gấp quán này,KÍCH ĐỘNG,,0.5728
Wifi thực sự sang chảnh!,SẠCH,,0.9931
"Cái chỗ này lừa đảo, tẩy chay ngay",KÍCH ĐỘNG,,0.5681
Bác bảo vệ thực sự tốt lắm luôn,SẠCH,,0.9776
Phục vụ thối như shit,CHỬI BỚI,,0.9338
Hỗ trợ 0749115948 để tư vấn,SPAM,,0.8637
Cách làm ăn ngu như cc,CHỬI BỚI,,0.9476
"Tuyển dụng làm online, ib zalo 0423162553",SPAM,,0.9997
"Thằng quản lý tráo trở, treo đầu dê bán thịt chó ngay",KÍCH ĐỘNG,,0.9544
Zalo 0483270999 để vay vốn,SPAM,,0.9995
Anh chủ phải nói là thoáng mát thực sự,SẠCH,,0.9919
Khách sạn tệ như cứt,CHỬI BỚI,,0.8606
Điều hòa bẩn như cc,CHỬI BỚI,,0.9711
CSKH làm ăn như l*n,CHỬI BỚI,,0.7972
Nhân viên trông yên tĩnh <3,SẠCH,,0.9923
Thằng quản lý bẩn như cứt,CHỬI BỚI,,0.9908
Dịch vụ rất hài lòng thực sự,SẠCH,,0.9662
"Cái chỗ này gian manh, cạch mặt ngay",KÍCH ĐỘNG,,0.7641
đm Dịch vụ ngu không tả được,CHỬI BỚI,,0.8408
Nước nóng rất chuyên nghiệp thực sự,SẠCH,,0.9949
Mọi thứ nhìn yên tĩnh thực sự,SẠCH,,0.9921
"Dịch vụ tráo trở, báo công an ngay",KÍCH ĐỘNG,,0.7709
"Tuyển dụng việc nhẹ, ib zalo 0389080394",SPAM,,0.9997
Giường thấy tận tâm thực sự,SẠCH,,0.9812
Tư vấn 0465385512 để tư vấn,SPAM,,0.5504
Khách sạn phải nói là sang chảnh.,SẠCH,,0.8921
Bác bảo vệ nhìn thoáng mát!,SẠCH,,0.9852
Điều hòa như bò,CHỬI BỚI,,0.6247
Chủ quán khá thoáng mát ^^,SẠCH,,0.977
Cách làm ăn phục vụ như quần què,CHỬI BỚI,,0.7856
Con cún nhà này lanh lợi quá,SẠCH,,0.7
"Hệ thống tráo trở, cạch mặt ngay",KÍCH ĐỘNG,,0.8391
ngu vãi Chủ shop làm ăn chán đời,CHỬI BỚI,,0.6903
Wifi vô cùng đẹp thực sự,SẠCH,,0.9959
Cách làm ăn nhìn như lợn,CHỬI BỚI,,0.7192
Bọn nhân viên làm ăn như bẹn,CHỬI BỚI,,0.98
Tiện nghi khá ấm cúng nhé,SẠCH,,0.9743
Nhà vệ sinh tương đối thơm tho :)),SẠCH,,0.9938
Món ăn bẩn như rác rưởi,CHỬI BỚI,,0.9347
"Khách sạn gian manh, cẩn thận bị lừa ngay",KÍCH ĐỘNG,,0.7278
khốn nạn Khách sạn làm ăn chán đời,CHỬI BỚI,,0.8922
View thấy ấm cúng lắm luôn,SẠCH,,0.9948
"Tuyển dụng làm online, ib zalo 0791308590",SPAM,,0.9997
Nước nóng cực kỳ đẳng cấp ^^,SẠCH,,0.9881
Tư vấn 0824587173 để kết bạn,SPAM,,0.7196
khốn nạn Cái chỗ này ngu không tả được,CHỬI BỚI,,0.8286
Quán này như chó,CHỬI BỚI,,0.8918
Cái chỗ này chán như lợn,CHỬI BỚI,,0.8265
Nhân viên thấy dễ thương <3,SẠCH,,0.9951
Ship hàng như bẹn,CHỬI BỚI,,0.9449
Chị lễ tân hơi bị rộng rãi :)),SẠCH,,0.975
Chị lễ tân vô cùng ok lắm luôn,SẠCH,,0.9926
Resort nhìn thoáng mát nha,SẠCH,,0.9953
Điều hòa phải nói là ok nhé,SẠCH,,0.9954
óc chó Phục vụ ngu không tả được,CHỬI BỚI,,0.9884
Nhà vệ sinh nhìn rộng rãi ạ,SẠCH,,0.9865
Zalo 0559706482 để nhận quà,SPAM,,0.7176
vcl Cái chỗ này làm ăn chán đời,CHỬI BỚI,,0.9474
Mọi thứ trông đẹp nha,SẠCH,,0.996
Homestay siêu tận tâm thực sự,SẠCH,,0.8503
Ban công quá là đẳng cấp ^^,SẠCH,,0.9945
Mọi người đòi lại tiền cái quán này nhé,KÍCH ĐỘNG,,0.8117
Lễ tân chán như đống phân,CHỬI BỚI,,0.9673
Call 0787190493 để tư vấn,SPAM,,0.9762
Khách sạn bẩn như cc,CHỬI BỚI,,0.7978
Wifi như lợn,CHỬI BỚI,,0.923
Nhà vệ sinh chán như cứt,CHỬI BỚI,,0.9352
Cách bài trí cực kỳ yên tĩnh :)),SẠCH,,0.9901
"Thằng quản lý lừa đảo, cẩn thận bị lừa ngay",KÍCH ĐỘNG,,0.9706
Chị lễ tân cảm thấy ngon ạ,SẠCH,,0.9954
Wifi bẩn như shit,CHỬI BỚI,,0.9276
Nhà vệ sinh chán như cc,CHỬI BỚI,,0.9595
Khách sạn rất ngon.,SẠCH,,0.9913
mất dạy Wifi dẹp tiệm đi,CHỬI BỚI,,0.8769
Không gian trông sạch sẽ <3,SẠCH,,0.9952
CSKH tệ như cứt,CHỬI BỚI,,0.9764
mất dạy Dịch vụ biến đi,CHỬI BỚI,,0.5875
"Con mụ chủ lừa đảo, đừng mua ngay",KÍCH ĐỘNG,,0.9865
Món ăn phục vụ như shit,CHỬI BỚI,,0.7619
Con mụ chủ chán như chó,CHỬI BỚI,,0.9873
"Dịch vụ tráo trở, tránh xa ngay",KÍCH ĐỘNG,,0.87
Ban công siêu nhiệt tình lắm luôn,SẠCH,,0.9959
"Tuyển dụng làm online, ib zalo 0528461849",SPAM,,0.9997
ngu vãi CSKH dẹp tiệm đi,CHỬI BỚI,,0.5862
Cái chỗ này vãi đái,CHỬI BỚI,,0.9699
"Tuyển dụng làm online, ib zalo 0967953424",SPAM,,0.9996
Ib ngay 0486620017 để kết bạn,SPAM,,0.9914
Nhà vệ sinh khá ổn áp ạ,SẠCH,,0.9936
"Điều hòa gian manh, report ngay",KÍCH ĐỘNG,,0.9821
Đồ ăn vô cùng ngon nha,SẠCH,,0.9955
Bác bảo vệ siêu đẹp nha,SẠCH,,0.9911
óc chó Dịch vụ dẹp tiệm đi,CHỬI BỚI,,0.8873
Không gian vô cùng tốt thực sự,SẠCH,,0.9959
"Tuyển dụng việc nhẹ, ib zalo 0444812108",SPAM,,0.9997
"Lễ tân tráo trở, kiện ngay",KÍCH ĐỘNG,,0.9798
Khách sạn tệ như cc,CHỬI BỚI,,0.9525
Phòng ốc rất chill thực sự,SẠCH,,0.9956
mất dạy Dịch vụ dẹp tiệm đi,CHỬI BỚI,,0.8874
mẹ kiếp Cái chỗ này biến đi,CHỬI BỚI,,0.821
Resort cực kỳ lung linh.,SẠCH,,0.9945
Cái chỗ này tệ như chó,CHỬI BỚI,,0.8348
Thằng quản lý làm ăn như chó,CHỬI BỚI,,0.9723
Con mụ chủ chán như hạch,CHỬI BỚI,,0.9868
Điều hòa thực sự đẹp thực sự,SẠCH,,0.9956
"Tuyển dụng việc nhẹ, ib zalo 0994739344",SPAM,,0.9997
Hệ thống nhìn như cc,CHỬI BỚI,,0.9559
Khách sạn nhìn xịn sò!,SẠCH,,0.5321
Homestay hơi bị tuyệt vời ^^,SẠCH,,0.992
Hotline 0869464152 để nhận quà,SPAM,,0.9799
Phục vụ nhìn như lợn,CHỬI BỚI,,0.6221
Nước nóng cực kỳ ấm cúng nha,SẠCH,,0.9924
Bọn nhân viên như l*n,CHỬI BỚI,,0.9819
Truy cập http://soicau40.com nhận khuyến mãi,SPAM,,0.989
Cái chỗ này như đống phân,CHỬI BỚI,,0.9589
Đồ ăn nhìn đẳng cấp ^^,SẠCH,,0.9517
Nhà vệ sinh tương đối lung linh!,SẠCH,,0.9888
Phòng ốc cực kỳ chill ạ,SẠCH,,0.9958
Vị trí đặc biệt đẹp <3,SẠCH,,0.9955
Con mèo của chủ quán lanh lợi lắm,SẠCH,,0.5625
Tiện nghi phải nói là đẳng cấp :)),SẠCH,,0.9343
Hỗ trợ 0839450306 để tư vấn,SPAM,,0.9018
Điều hòa đặc biệt tiện lợi <3,SẠCH,,0.995
Anh chủ thấy rộng rãi.,SẠCH,,0.9863
chó chết Bọn nhân viên biến đi,CHỬI BỚI,,0.7352
Thằng quản lý phục vụ như l*n,CHỬI BỚI,,0.9878
View siêu chu đáo :)),SẠCH,,0.9957
"Thái độ gian manh, cẩn thận bị lừa ngay",KÍCH ĐỘNG,,0.7303
Thằng quản lý chán như rác rưởi,CHỬI BỚI,,0.9588
"Tuyển dụng làm online, ib zalo 0544892867",SPAM,,0.9997
Alo 0828986879 để nhận quà,SPAM,,0.995
"Bọn nhân viên tráo trở, cạch mặt ngay",KÍCH ĐỘNG,,0.8872
Resort đặc biệt ấm cúng!,SẠCH,,0.9942
tổ cha Quán này làm ăn chán đời,CHỬI BỚI,,0.9663
Dịch vụ cảm thấy ngon nha,SẠCH,,0.9945
chó chết Hệ thống dẹp tiệm đi,CHỬI BỚI,,0.677
Cách làm ăn ngu như shit,CHỬI BỚI,,0.5856
Điều hòa cảm thấy dễ thương thực sự,SẠCH,,0.9955
chó chết Quán này dẹp tiệm đi,CHỬI BỚI,,0.7041
Tiện nghi rất chuyên nghiệp ^^,SẠCH,,0.9876
Thái độ phục vụ thấy ấm cúng!,SẠCH,,0.9751
"Cách làm ăn gian manh, báo công an ngay",KÍCH ĐỘNG,,0.631
Nhân viên siêu tiện lợi thực sự,SẠCH,,0.9994
"Thái độ lừa đảo, lừa đảo ngay",KÍCH ĐỘNG,,0.916
Lễ tân ngu như lợn,CHỬI BỚI,,0.8406
Ban công khá xịn sò lắm luôn,SẠCH,,0.9457
Khách sạn nhìn như cứt,CHỬI BỚI,,0.8923
Hỗ trợ 0324268664 để tư vấn,SPAM,,0.8945
Zalo 0750861015 để nhận quà,SPAM,,0.9595
chó chết Thằng quản lý biến đi,CHỬI BỚI,,0.954
"Tuyển dụng việc nhẹ, ib zalo 0321390815",SPAM,,0.9997
Hệ thống thối như hạch,CHỬI BỚI,,0.9518
Dịch vụ trông sạch sẽ!,SẠCH,,0.9831
Nước nóng cảm thấy tốt lắm luôn,SẠCH,,0.9919
"Thái độ lừa đảo, kiện ngay",KÍCH ĐỘNG,,0.8027
Tiện nghi tương đối thoáng mát nha,SẠCH,,0.9769
Bữa sáng cực kỳ ngon nha,SẠCH,,0.995
mất dạy Món ăn biến đi,CHỬI BỚI,,0.7566
Truy cập http://soicau21.com xem hàng,SPAM,,0.9854
Chủ quán cực kỳ đẳng cấp lắm luôn,SẠCH,,0.9779
tổ cha Wifi biến đi,CHỬI BỚI,,0.6434
Nhà vệ sinh siêu lung linh lắm luôn,SẠCH,,0.9941
"Cái chỗ này lừa đảo, đừng mua ngay",KÍCH ĐỘNG,,0.7275
Tiện nghi tương đối thơm tho nhé,SẠCH,,0.99
Chủ shop chán như bò,CHỬI BỚI,,0.8667
Nhà vệ sinh đặc biệt tiện lợi ạ,SẠCH,,0.9885
Tư vấn 0789765954 để tư vấn,SPAM,,0.8418
đéo Cái chỗ này làm ăn chán đời,CHỬI BỚI,,0.9129
Giường quá là nhiệt tình hihi,SẠCH,,0.9952
Cách làm ăn tệ như bẹn,CHỬI BỚI,,0.9208
Chủ quán nhìn đáng tiền ^^,SẠCH,,0.9213
"CSKH gian manh, kiện ngay",KÍCH ĐỘNG,,0.8009
Hỗ trợ 0584383788 để tư vấn,SPAM,,0.8224
Không gian rất đáng tiền ạ,SẠCH,,0.9903
Chủ shop nhìn như hạch,CHỬI BỚI,,0.5157
Ship hàng bẩn như rác rưởi,CHỬI BỚI,,0.9065
Ban công quá là đẹp ạ,SẠCH,,0.9956
Phòng ốc thấy sang chảnh thực sự,SẠCH,,0.9921
Cách bài trí rất tiện lợi nhé,SẠCH,,0.9917
Dịch vụ tệ như shit,CHỬI BỚI,,0.8372
"Tuyển dụng việc nhẹ, ib zalo 0876479729",SPAM,,0.9997
Con mèo nhà này cưng xỉu quá,SẠCH,,0.9048
"Tuyển dụng việc nhẹ, ib zalo 0857105114",SPAM,,0.9997
Cách làm ăn làm ăn như quần què,CHỬI BỚI,,0.9478
Vị trí trông chill!,SẠCH,,0.9893
Nhà vệ sinh nhìn như rác rưởi,CHỬI BỚI,,0.564
Bọn nhân viên làm ăn như rác rưởi,CHỬI BỚI,,0.8275
"Tuyển dụng làm online, ib zalo 0746332200",SPAM,,0.9997
Nhà vệ sinh nhìn nhanh nhẹn ^^,SẠCH,,0.9011
Wifi nhìn như hạch,CHỬI BỚI,,0.8401
khốn nạn Nhà vệ sinh biến đi,CHỬI BỚI,,0.8859
ngu vãi Cách làm ăn ngu không tả được,CHỬI BỚI,,0.8438
Đồ ăn trông ngon <3,SẠCH,,0.9902
Cô lao công tương đối sang chảnh thực sự,SẠCH,,0.9262
"Tuyển dụng việc nhẹ, ib zalo 0330346171",SPAM,,0.9997
Đồ ăn rất yên tĩnh lắm luôn,SẠCH,,0.9902
Bọn nhân viên bẩn như bò,CHỬI BỚI,,0.9912
Wifi tương đối nhanh nhẹn nhé,SẠCH,,0.9804
Thái độ phục vụ cảm thấy sang chảnh thực sự,SẠCH,,0.9808
Truy cập http://bet70.com nhận 100k,SPAM,,0.991
Đồ ăn nhìn nhanh nhẹn nhé,SẠCH,,0.9747
CSKH như lồn,CHỬI BỚI,,0.7388
Vị trí thấy ngon ^^,SẠCH,,0.9785
Liên hệ 0947003227 để kết bạn,SPAM,,0.9367
"Thái độ gian manh, lừa đảo ngay",KÍCH ĐỘNG,,0.8859
Thái độ phục vụ rất thoáng mát!,SẠCH,,0.9731
Điều hòa tệ như quần què,CHỬI BỚI,,0.8712
"Món ăn tráo trở, dối trá ngay",KÍCH ĐỘNG,,0.4945
mẹ kiếp CSKH ngu không tả được,CHỬI BỚI,,0.9899
Truy cập http://bet91.com nhận khuyến mãi,SPAM,,0.9982
Alo 0416459932 để vay vốn,SPAM,,0.9972
"Lễ tân tráo trở, tẩy chay ngay",KÍCH ĐỘNG,,0.6968
Anh chủ trông nhiệt tình.,SẠCH,,0.9725
Con chó nhà này ngoan quá,SẠCH,,0.9882
đéo Dịch vụ làm ăn chán đời,CHỬI BỚI,,0.9758
"Tuyển dụng việc nhẹ, ib zalo 0336377999",SPAM,,0.9997
"Tuyển dụng làm online, ib zalo 0458489827",SPAM,,0.9997
Bữa sáng vô cùng đẹp <3,SẠCH,,0.9952
Thằng quản lý chán như shit,CHỬI BỚI,,0.974
Wifi khá ổn áp <3,SẠCH,,0.9959
"Món ăn lừa đảo, kiện ngay",KÍCH ĐỘNG,,0.7435
Phòng ốc cực kỳ sang chảnh <3,SẠCH,,0.9946
Cách bài trí trông nhiệt tình :)),SẠCH,,0.995
Chủ quán trông chuyên nghiệp lắm luôn,SẠCH,,0.9819
Truy cập http://vay91.com nhận khuyến mãi,SPAM,,0.993
Con mụ chủ dở như lợn,CHỬI BỚI,,0.9738
Truy cập http://sex49.com nhận khuyến mãi,SPAM,,0.9281
Cái chỗ này như quần què,CHỬI BỚI,,0.9576
"Wifi gian manh, treo đầu dê bán thịt chó ngay",KÍCH ĐỘNG,,0.8923
Cô lao công rất tiện lợi lắm luôn,SẠCH,,0.9686
"Tuyển dụng làm online, ib zalo 0364692403",SPAM,,0.9996
"Tuyển dụng việc nhẹ, ib zalo 0674981966",SPAM,,0.9997
Dịch vụ dở như đống phân,CHỬI BỚI,,0.9496
Cho mình hỏi còn phòng không?,SẠCH,,0.9914
Khách sạn phải nói là tiện lợi <3,SẠCH,,0.9915
Wifi chán như bẹn,CHỬI BỚI,,0.9265
"Tuyển dụng việc nhẹ, ib zalo 0534372940",SPAM,,0.9997
Dịch vụ thối như bò,CHỬI BỚI,,0.5804
Ban công cảm thấy sạch sẽ!,SẠCH,,0.9947
Cô lao công cảm thấy xịn sò ạ,SẠCH,,0.7869
Thái độ phục vụ đặc biệt xuất sắc nhé,SẠCH,,0.9898
mất dạy CSKH dẹp tiệm đi,CHỬI BỚI,,0.903
mẹ kiếp Nhà vệ sinh làm ăn chán đời,CHỬI BỚI,,0.8367
Hệ thống nhìn như cứt,CHỬI BỚI,,0.5434
Thằng quản lý bẩn thỉu,CHỬI BỚI,,0.9917
Bác bảo vệ hơi bị chill nha,SẠCH,,0.9647
Chị lễ tân đặc biệt hài lòng :)),SẠCH,,0.9953
Hệ thống làm ăn như chó,CHỬI BỚI,,0.912
Trải nghiệm cảm thấy đẳng cấp!,SẠCH,,0.9697
Giường quá là nhanh nhẹn.,SẠCH,,0.9764
View phải nói là rộng rãi lắm luôn,SẠCH,,0.9901
Chủ shop thối như đầu bùi,CHỬI BỚI,,0.9324
Quán này hãm lờ,CHỬI BỚI,,0.7075
"Con mụ chủ tráo trở, bóc phốt ngay",KÍCH ĐỘNG,,0.9849
tiên sư Cách làm ăn làm ăn chán đời,CHỬI BỚI,,0.6092
mất dạy Hệ thống làm ăn chán đời,CHỬI BỚI,,0.5224
Cách bài trí khá ấm cúng ^^,SẠCH,,0.982
Ship hàng ngu như đầu bùi,CHỬI BỚI,,0.5015
Phòng ốc đặc biệt sang chảnh thực sự,SẠCH,,0.993
Con mèo của chủ quán ngoan ghê,SẠCH,,0.6542
Con mụ chủ dở như đầu bùi,CHỬI BỚI,,0.9808
"Cái chỗ này lừa đảo, báo công an ngay",KÍCH ĐỘNG,,0.7941
"Tuyển dụng việc nhẹ, ib zalo 0888782227",SPAM,,0.9997
View phải nói là rộng rãi :)),SẠCH,,0.9909
Khách sạn quá là tận tâm nhé,SẠCH,,0.9929
Trải nghiệm hơi bị chuyên nghiệp thực sự,SẠCH,,0.9824
Bác bảo vệ nhìn thân thiện ạ,SẠCH,,0.9878
Điều hòa thối như cứt,CHỬI BỚI,,0.733
"Hệ thống lừa đảo, bóc phốt ngay",KÍCH ĐỘNG,,0.9008
tiên sư Thái độ biến đi,CHỬI BỚI,,0.8262
Cách bài trí khá dễ thương thực sự,SẠCH,,0.9953
Wifi như quần què,CHỬI BỚI,,0.9538
Cô lao công cực kỳ dễ thương lắm luôn,SẠCH,,0.9876
Thái độ phục vụ đặc biệt ấm cúng thực sự,SẠCH,,0.979
Thái độ phục vụ siêu thoáng mát.,SẠCH,,0.9754
Nhân viên trông sạch sẽ nha,SẠCH,,0.9749
óc chó Con mụ chủ làm ăn chán đời,CHỬI BỚI,,0.9885
Wifi cực kỳ xịn sò :)),SẠCH,,0.8207
Truy cập http://vay11.com xem hàng,SPAM,,0.9899
Khách sạn tương đối tận tâm :)),SẠCH,,0.9921
Điều hòa siêu ổn áp ạ,SẠCH,,0.9941
Giường quá là rộng rãi thực sự,SẠCH,,0.9937
Phòng ốc quá là thoáng mát thực sự,SẠCH,,0.9943
Hỗ trợ 0991905946 để vay vốn,SPAM,,0.9985
CSKH phục vụ như c*c,CHỬI BỚI,,0.8486
Mọi người tẩy chay cái bọn này nhé,KÍCH ĐỘNG,,0.9842
Dịch vụ như cặc,CHỬI BỚI,,0.9582
"Hệ thống lừa đảo, dối trá ngay",KÍCH ĐỘNG,,0.9105
Tiện nghi quá là xuất sắc ^^,SẠCH,,0.9902
Phòng ốc rất đẳng cấp!,SẠCH,,0.9909
Truy cập http://bet26.com nhận khuyến mãi,SPAM,,0.9988
"Con mụ chủ tráo trở, làm ăn bố láo ngay",KÍCH ĐỘNG,,0.9882
"Thằng quản lý gian manh, report ngay",KÍCH ĐỘNG,,0.9886
Món ăn như l*n,CHỬI BỚI,,0.8461
Lễ tân thối hoắc,CHỬI BỚI,,0.8921
CSKH chán như đống phân,CHỬI BỚI,,0.8356
đéo Dịch vụ biến đi,CHỬI BỚI,,0.9786
Bọn nhân viên dở như l*n,CHỬI BỚI,,0.9864
Giường hơi bị tận tâm ạ,SẠCH,,0.985
Mọi thứ cảm thấy ngon ạ,SẠCH,,0.9954
Truy cập http://sex62.com nhận khuyến mãi,SPAM,,0.9301
Khách sạn dở như hạch,CHỬI BỚI,,0.8286
Chủ quán vô cùng ok <3,SẠCH,,0.9943
"Tuyển dụng làm online, ib zalo 0841633310",SPAM,,0.9997
Nhà vệ sinh thối như cứt,CHỬI BỚI,,0.6775
Nước nóng nhìn sang chảnh thực sự,SẠCH,,0.9904
Nhà vệ sinh bẩn như chó,CHỬI BỚI,,0.9271
tổ cha Món ăn biến đi,CHỬI BỚI,,0.4686
"Tuyển dụng việc nhẹ, ib zalo 0536068586",SPAM,,0.9997
Thằng quản lý làm ăn như đầu bùi,CHỬI BỚI,,0.992
Truy cập http://soicau10.com xem hàng,SPAM,,0.9887
Nước nóng quá là ok!,SẠCH,,0.9854
Cách làm ăn chán như cứt,CHỬI BỚI,,0.798
Hỗ trợ 0568123973 để nhận quà,SPAM,,0.6317
Truy cập http://vay81.com xem hàng,SPAM,,0.9926
Thằng quản lý phục vụ như bẹn,CHỬI BỚI,,0.9863
Phòng ốc trông sang chảnh!,SẠCH,,0.9712
đm CSKH biến đi,CHỬI BỚI,,0.9716
Con mụ chủ thối như hạch,CHỬI BỚI,,0.9878
Nhà vệ sinh tương đối sạch sẽ <3,SẠCH,,0.9937
Con mụ chủ bẩn như cứt,CHỬI BỚI,,0.9851
Nhân viên siêu dễ thương thực sự,SẠCH,,0.9262
Cô lao công phải nói là sạch sẽ <3,SẠCH,,0.9013
Truy cập http://bet30.com nhận 100k,SPAM,,0.9918
Bể bơi tương đối xịn sò ạ,SẠCH,,0.9599
Vị trí trông đẳng cấp ^^,SẠCH,,0.8616
Thái độ phục vụ quá là xịn sò nha,SẠCH,,0.5481
Điều hòa nhìn như bò,CHỬI BỚI,,0.5346
đm Thằng quản lý ngu không tả được,CHỬI BỚI,,0.9911
ngu vãi Hệ thống dẹp tiệm đi,CHỬI BỚI,,0.9245
Điều hòa tương đối sang chảnh nhé,SẠCH,,0.9944
Đồ ăn rất thân thiện nha,SẠCH,,0.9946
Khách sạn nhìn như bẹn,CHỬI BỚI,,0.9586
Ib ngay 0388962427 để nhận quà,SPAM,,0.9904
Tư vấn 0928333431 để tư vấn,SPAM,,0.847
Anh chủ thực sự nhiệt tình!,SẠCH,,0.9848
đéo Dịch vụ dẹp tiệm đi,CHỬI BỚI,,0.9798
Bữa sáng hơi bị chill <3,SẠCH,,0.9952
Quán này thối như c*c,CHỬI BỚI,,0.6762
Dịch vụ vô cùng đẳng cấp thực sự,SẠCH,,0.9837
Dịch vụ phải nói là tận tâm hihi,SẠCH,,0.9929
Cách bài trí hơi bị tốt thực sự,SẠCH,,0.9897
Liên hệ 0914960124 để kết bạn,SPAM,,0.9377
Nước nóng cực kỳ chill :)),SẠCH,,0.9954
"Quán này tráo trở, lừa đảo ngay",KÍCH ĐỘNG,,0.6042
Nhắn tin 0771673950 để vay vốn,SPAM,,0.9852
Chị lễ tân thực sự xịn sò ạ,SẠCH,,0.7891
Wifi bẩn như rác rưởi,CHỬI BỚI,,0.8633
Thái độ phục vụ khá đẹp <3,SẠCH,,0.9941
Cô lao công rất ngon lắm luôn,SẠCH,,0.9869
"Tuyển dụng làm online, ib zalo 0711057700",SPAM,,0.9997
Món ăn thối như shit,CHỬI BỚI,,0.959
Hỗ trợ 0369073935 để kết bạn,SPAM,,0.7167
Bác bảo vệ khá thoáng mát nha,SẠCH,,0.9902
Điều hòa hơi bị chu đáo nha,SẠCH,,0.9917
Bọn nhân viên chán như quần què,CHỬI BỚI,,0.9849
Bọn nhân viên hãm lờ,CHỬI BỚI,,0.9862
Resort nhìn nhiệt tình hihi,SẠCH,,0.9954
Giường đặc biệt tuyệt vời thực sự,SẠCH,,0.9953
bố láo Món ăn dẹp tiệm đi,CHỬI BỚI,,0.6058
Nhà vệ sinh như hạch,CHỬI BỚI,,0.8708
Món ăn làm ăn như l*n,CHỬI BỚI,,0.7947
"Lễ tân tráo trở, bóc phốt ngay",KÍCH ĐỘNG,,0.5968
Nhân viên vô cùng xuất sắc :)),SẠCH,,0.9939
Dịch vụ nhìn như đống phân,CHỬI BỚI,,0.9617
đéo Thái độ ngu không tả được,CHỬI BỚI,,0.7783
Wifi ngu như shit,CHỬI BỚI,,0.7873
"Điều hòa lừa đảo, bóc phốt ngay",KÍCH ĐỘNG,,0.9203
"Lễ tân gian manh, làm ăn bố láo ngay",KÍCH ĐỘNG,,0.7322
Wifi ngu như l*n,CHỬI BỚI,,0.8416
Resort nhìn thơm tho :)),SẠCH,,0.9954
Bác bảo vệ nhìn đẳng cấp <3,SẠCH,,0.9235
Lễ tân bẩn như shit,CHỬI BỚI,,0.9047
Wifi nhìn như c*c,CHỬI BỚI,,0.9795
ngu vãi Cái chỗ này làm ăn chán đời,CHỬI BỚI,,0.5764
Bữa sáng nhìn thơm tho lắm luôn,SẠCH,,0.9937
Truy cập http://soicau76.com xem hàng,SPAM,,0.9881
tiên sư Bọn nhân viên ngu không tả được,CHỬI BỚI,,0.9911
"Dịch vụ lừa đảo, đừng mua ngay",KÍCH ĐỘNG,,0.6166
mẹ kiếp Dịch vụ biến đi,CHỬI BỚI,,0.7052
Phục vụ dở như chó,CHỬI BỚI,,0.9441
Con cún nhà này hiền khô quá,SẠCH,,0.7998
Anh em đừng bao giờ đến lũ khốn này,KÍCH ĐỘNG,,0.9552
Ship hàng như bò,CHỬI BỚI,,0.7278
Truy cập http://vay36.com xem hàng,SPAM,,0.9893
chó chết Món ăn dẹp tiệm đi,CHỬI BỚI,,0.9443
Wifi trông tốt ạ,SẠCH,,0.9957
Hệ thống làm ăn như bẹn,CHỬI BỚI,,0.9337
Trải nghiệm trông đẳng cấp thực sự,SẠCH,,0.9624
Liên hệ 0530723252 để nhận quà,SPAM,,0.9831
Chủ quán cực kỳ đẳng cấp ạ,SẠCH,,0.9848
Khách sạn nhìn ổn áp ^^,SẠCH,,0.9832
Dịch vụ khá đáng tiền thực sự,SẠCH,,0.9322
Chị lễ tân quá là tốt ạ,SẠCH,,0.9932
CSKH vãi đái,CHỬI BỚI,,0.8941
Giường quá là thơm tho!,SẠCH,,0.9945
Đồ ăn thấy đẳng cấp <3,SẠCH,,0.9767
"Dịch vụ lừa đảo, tránh xa ngay",KÍCH ĐỘNG,,0.641
Homestay siêu sang chảnh nha,SẠCH,,0.9931
Con chó của chủ quán lanh lợi quá,SẠCH,,0.9316
Cô lao công tương đối ấm cúng hihi,SẠCH,,0.9796
"Hệ thống tráo trở, tẩy chay ngay",KÍCH ĐỘNG,,0.3714
đm Con mụ chủ ngu không tả được,CHỬI BỚI,,0.9869
Mọi thứ khá rộng rãi <3,SẠCH,,0.9953
Cái chỗ này bẩn như chó,CHỬI BỚI,,0.6741
"Quán này tráo trở, dối trá ngay",KÍCH ĐỘNG,,0.5044
Phòng ốc siêu nhanh nhẹn lắm luôn,SẠCH,,0.6777
Khách sạn chảnh chó,CHỬI BỚI,,0.8239
CSKH thối như chó,CHỬI BỚI,,0.945
Mọi thứ thực sự tốt ^^,SẠCH,,0.996
tổ cha Khách sạn dẹp tiệm đi,CHỬI BỚI,,0.4835
Mọi thứ đặc biệt tận tâm hihi,SẠCH,,0.9947
Nước nóng vô cùng đáng tiền nha,SẠCH,,0.994
"Con mụ chủ gian manh, làm ăn bố láo ngay",KÍCH ĐỘNG,,0.9877
CSKH chán như c*c,CHỬI BỚI,,0.9019
Nước nóng thực sự xịn sò lắm luôn,SẠCH,,0.979
mẹ kiếp Hệ thống biến đi,CHỬI BỚI,,0.6793
Mọi thứ rất đẳng cấp.,SẠCH,,0.9864
"Tuyển dụng việc nhẹ, ib zalo 0898994657",SPAM,,0.9997
Cái chỗ này tệ như bẹn,CHỬI BỚI,,0.8057
"Khách sạn lừa đảo, dối trá ngay",KÍCH ĐỘNG,,0.9182
Cách làm ăn làm ăn như cứt,CHỬI BỚI,,0.8108
Cô lao công đặc biệt đẳng cấp ạ,SẠCH,,0.9179
"Ship hàng lừa đảo, báo công an ngay",KÍCH ĐỘNG,,0.5011
"Phục vụ tráo trở, report ngay",KÍCH ĐỘNG,,0.9741
CSKH dơ dáy,CHỬI BỚI,,0.9018
Điều hòa khá lung linh ^^,SẠCH,,0.9948
Mọi thứ siêu lung linh nhé,SẠCH,,0.9961
Bể bơi thực sự dễ thương <3,SẠCH,,0.9945
"Điều hòa gian manh, cẩn thận bị lừa ngay",KÍCH ĐỘNG,,0.6956
Anh chủ rất ngon <3,SẠCH,,0.9951
Truy cập http://vay25.com xem hàng,SPAM,,0.9886
View phải nói là xuất sắc nhé,SẠCH,,0.9956
Wifi rất sạch sẽ!,SẠCH,,0.993
Truy cập http://bet53.com nhận khuyến mãi,SPAM,,0.9982
"Tuyển dụng việc nhẹ, ib zalo 0526929582",SPAM,,0.9997
Tư vấn 0693193621 để nhận quà,SPAM,,0.9914
Truy cập http://soicau10.com nhận khuyến mãi,SPAM,,0.9909
"Tuyển dụng làm online, ib zalo 0473996509",SPAM,,0.9997
Nhắn tin 0911493172 để tư vấn,SPAM,,0.9785
Bác bảo vệ khá nhiệt tình nhé,SẠCH,,0.9667
Zalo 0496574026 để vay vốn,SPAM,,0.9996
"Bọn nhân viên lừa đảo, tránh xa ngay",KÍCH ĐỘNG,,0.9055
Thái độ phục vụ trông đẳng cấp nha,SẠCH,,0.9789
Nhân viên rất thơm tho nha,SẠCH,,0.9907
Truy cập http://vay35.com xem hàng,SPAM,,0.9907
Thằng quản lý thối như cứt,CHỬI BỚI,,0.9913
Ban công nhìn đáng tiền :)),SẠCH,,0.9925
"Tuyển dụng việc nhẹ, ib zalo 0458462780",SPAM,,0.9997
Wifi như hạch,CHỬI BỚI,,0.9165
Hỗ trợ 0988929735 để tư vấn,SPAM,,0.8725
Wifi cực kỳ tốt!,SẠCH,,0.9953
"Ship hàng gian manh, đừng mua ngay",KÍCH ĐỘNG,,0.8637
Truy cập http://vay59.com xem hàng,SPAM,,0.99
Resort khá hài lòng!,SẠCH,,0.9955
Con cún của chủ quán lanh lợi lắm,SẠCH,,0.5339
Cô lao công cực kỳ xuất sắc ^^,SẠCH,,0.9903
Chủ shop hãm lờ,CHỬI BỚI,,0.6118
"Tuyển dụng việc nhẹ, ib zalo 0719915417",SPAM,,0.9997
Trải nghiệm siêu hài lòng!,SẠCH,,0.9946
Dịch vụ tệ như c*c,CHỬI BỚI,,0.9457
Ban công khá ổn áp nha,SẠCH,,0.9954
"Con mụ chủ lừa đảo, bóc phốt ngay",KÍCH ĐỘNG,,0.9872
Wifi đặc biệt đẳng cấp ạ,SẠCH,,0.9913
Khách sạn thối như chó,CHỬI BỚI,,0.941
Chủ shop ngu như bò,CHỬI BỚI,,0.9727
Không gian thực sự hài lòng!,SẠCH,,0.9943
đm Lễ tân làm ăn chán đời,CHỬI BỚI,,0.6658
"Tuyển dụng làm online, ib zalo 0813232827",SPAM,,0.9997
Bể bơi rất chuyên nghiệp hihi,SẠCH,,0.9918
Chủ quán khá tận tâm nhé,SẠCH,,0.987
Chủ quán nhìn hài lòng <3,SẠCH,,0.9931
Phòng ốc hơi bị chu đáo nhé,SẠCH,,0.9844
Truy cập http://bet46.com nhận 100k,SPAM,,0.8805
Bác bảo vệ tương đối ngon :)),SẠCH,,0.9901
Nước nóng hơi bị chill!,SẠCH,,0.986
Wifi nhìn như chó,CHỬI BỚI,,0.9394
Đồ ăn rất ngon <3,SẠCH,,0.9951
Điều hòa siêu thoáng mát <3,SẠCH,,0.9957
Ban công thực sự sang chảnh nhé,SẠCH,,0.9951
"Wifi gian manh, làm ăn bố láo ngay",KÍCH ĐỘNG,,0.6565
Chủ shop chán như shit,CHỬI BỚI,,0.8363
"Tuyển dụng việc nhẹ, ib zalo 0426074536",SPAM,,0.9997
Nhà vệ sinh trông đáng tiền lắm luôn,SẠCH,,0.9862
Chủ quán phải nói là tiện lợi ^^,SẠCH,,0.9737
Bác bảo vệ cực kỳ tận tâm ^^,SẠCH,,0.8825
"Tuyển dụng việc nhẹ, ib zalo 0563985883",SPAM,,0.9997
Bác bảo vệ cực kỳ xịn sò thực sự,SẠCH,,0.7434
Ban công khá lung linh hihi,SẠCH,,0.9956
Vị trí cực kỳ ok :)),SẠCH,,0.9953
Truy cập http://bet71.com xem hàng,SPAM,,0.9935
"Thái độ tráo trở, đừng mua ngay",KÍCH ĐỘNG,,0.877
Giường trông sạch sẽ ^^,SẠCH,,0.9786
Nước nóng tương đối ok ^^,SẠCH,,0.9816
Bác bảo vệ rất tuyệt vời.,SẠCH,,0.9848
Mọi người tẩy chay cái shop này nhé,KÍCH ĐỘNG,,0.7366
Hỗ trợ 0896615268 để kết bạn,SPAM,,0.6299
Tiện nghi quá là dễ thương!,SẠCH,,0.9933
tổ cha Thái độ biến đi,CHỬI BỚI,,0.7603
Thái độ dở như bẹn,CHỬI BỚI,,0.8843
Con cún của chủ quán ngoan lắm,SẠCH,,0.4545
Ib ngay 0690588610 để tư vấn,SPAM,,0.983
Hệ thống chán như cứt,CHỬI BỚI,,0.6832
Vị trí cực kỳ sạch sẽ ạ,SẠCH,,0.9894
Nước nóng nhìn chu đáo :)),SẠCH,,0.971
Liên hệ 0893522510 để nhận quà,SPAM,,0.9889
Truy cập http://sex34.com xem hàng,SPAM,,0.9682
Ship hàng phục vụ như cc,CHỬI BỚI,,0.9671
Phòng ốc vô cùng thân thiện <3,SẠCH,,0.9958
Phục vụ dở như shit,CHỬI BỚI,,0.9046
Món ăn như shit,CHỬI BỚI,,0.9253
Cô lao công nhìn sang chảnh hihi,SẠCH,,0.9361
óc chó Ship hàng biến đi,CHỬI BỚI,,0.9209
"Hệ thống gian manh, đừng mua ngay",KÍCH ĐỘNG,,0.4358
Truy cập http://bet83.com nhận khuyến mãi,SPAM,,0.9983
Chủ quán hơi bị lung linh ạ,SẠCH,,0.9169
Trải nghiệm trông xuất sắc nha,SẠCH,,0.9939
Wifi vô cùng tận tâm ^^,SẠCH,,0.9953
Hotline 0488974549 để tư vấn,SPAM,,0.8568
"Tuyển dụng việc nhẹ, ib zalo 0524323103",SPAM,,0.9997
Con chó của chủ quán thông minh quá,SẠCH,,0.9541
Nhân viên nhìn chuyên nghiệp thực sự,SẠCH,,0.9674
Chị lễ tân hơi bị nhiệt tình nhé,SẠCH,,0.9874
Cách bài trí rất xịn sò ạ,SẠCH,,0.8765
Zalo 0954980618 để vay vốn,SPAM,,0.9995
Chủ quán hơi bị đẳng cấp nhé,SẠCH,,0.5113
ngu vãi Cách làm ăn biến đi,CHỬI BỚI,,0.8888
Con mụ chủ nhìn như đống phân,CHỬI BỚI,,0.9803
"Tuyển dụng việc nhẹ, ib zalo 0558986254",SPAM,,0.9997
Homestay trông dễ thương hihi,SẠCH,,0.994
ngu vãi Phục vụ biến đi,CHỬI BỚI,,0.657
Nước nóng khá ổn áp :)),SẠCH,,0.9934
Resort nhìn chu đáo hihi,SẠCH,,0.9953
Không gian đặc biệt nhanh nhẹn ^^,SẠCH,,0.9618
Cô lao công phải nói là lung linh thực sự,SẠCH,,0.9854
Dịch vụ cực kỳ thơm tho ạ,SẠCH,,0.9933
Quán này bẩn như c*c,CHỬI BỚI,,0.5982
Anh chủ vô cùng xịn sò ạ,SẠCH,,0.8294
Hệ thống nhìn như rác rưởi,CHỬI BỚI,,0.9014
Tư vấn 0843360926 để kết bạn,SPAM,,0.77
"Thái độ gian manh, dối trá ngay",KÍCH ĐỘNG,,0.9081
Điều hòa ngu như shit,CHỬI BỚI,,0.8766
mất dạy Khách sạn dẹp tiệm đi,CHỬI BỚI,,0.8596
Wifi phải nói là yên tĩnh :)),SẠCH,,0.9856
Giường cực kỳ xuất sắc :)),SẠCH,,0.9952
"Thái độ lừa đảo, bóc phốt ngay",KÍCH ĐỘNG,,0.9298
Resort trông nhiệt tình <3,SẠCH,,0.9956
Tiện nghi thực sự tuyệt vời ạ,SẠCH,,0.9946
Thái độ tệ như cc,CHỬI BỚI,,0.804
Tiện nghi hơi bị sạch sẽ <3,SẠCH,,0.9787
"CSKH gian manh, lừa đảo ngay",KÍCH ĐỘNG,,0.9849
Thái độ phục vụ trông đẳng cấp!,SẠCH,,0.9488
Bể bơi nhìn thoáng mát lắm luôn,SẠCH,,0.9842
Lễ tân như lồn,CHỬI BỚI,,0.848
Điều hòa đặc biệt thoáng mát thực sự,SẠCH,,0.9955
Các bạn tẩy chay gấp lũ khốn này,KÍCH ĐỘNG,,0.9809
Trải nghiệm nhìn ok :)),SẠCH,,0.9954
"Tuyển dụng làm online, ib zalo 0688557830",SPAM,,0.9997
"Bọn nhân viên tráo trở, report ngay",KÍCH ĐỘNG,,0.8325
Bể bơi phải nói là đẹp thực sự,SẠCH,,0.987
Thái độ phục vụ siêu đáng tiền thực sự,SẠCH,,0.8001
Truy cập http://soicau16.com xem hàng,SPAM,,0.9892
mất dạy Cách làm ăn ngu không tả được,CHỬI BỚI,,0.95
Điều hòa siêu đẹp ạ,SẠCH,,0.9957
Truy cập http://soicau14.com nhận 100k,SPAM,,0.9858
Cách bài trí rất ngon ạ,SẠCH,,0.995
Truy cập http://soicau15.com nhận khuyến mãi,SPAM,,0.9902
Cô lao công trông xuất sắc :)),SẠCH,,0.9862
Điều hòa thấy chu đáo nha,SẠCH,,0.9953
đéo Bọn nhân viên biến đi,CHỬI BỚI,,0.911
"Tuyển dụng việc nhẹ, ib zalo 0952695300",SPAM,,0.9997
Nước nóng trông đẹp lắm luôn,SẠCH,,0.9745
Thằng quản lý nhìn như hạch,CHỬI BỚI,,0.9859
Nước nóng quá là ngon nha,SẠCH,,0.9882
"Tuyển dụng việc nhẹ, ib zalo 0412724573",SPAM,,0.9997
Phòng ốc rất lung linh ^^,SẠCH,,0.9932
Cách làm ăn tệ như cc,CHỬI BỚI,,0.5859
Quán này thối như hạch,CHỬI BỚI,,0.567
tiên sư CSKH dẹp tiệm đi,CHỬI BỚI,,0.7311
Con mụ chủ ngu như quần què,CHỬI BỚI,,0.9883
Cách bài trí khá chuyên nghiệp nhé,SẠCH,,0.994
Ship hàng thối như bò,CHỬI BỚI,,0.7492
Bể bơi tương đối thân thiện hihi,SẠCH,,0.992
Dịch vụ tệ như cc,CHỬI BỚI,,0.9457
CSKH ngu như cc,CHỬI BỚI,,0.9876
Thái độ tệ như bẹn,CHỬI BỚI,,0.8591
Chủ shop nhìn như shit,CHỬI BỚI,,0.5574
"Cái chỗ này gian manh, treo đầu dê bán thịt chó ngay",KÍCH ĐỘNG,,0.5433
khốn nạn Nhà vệ sinh dẹp tiệm đi,CHỬI BỚI,,0.881
Truy cập http://bet47.com xem hàng,SPAM,,0.9946
đéo Cách làm ăn dẹp tiệm đi,CHỬI BỚI,,0.9815
Tư vấn 0441176802 để vay vốn,SPAM,,0.9991
Con mụ chủ nhìn như cc,CHỬI BỚI,,0.9756
Dịch vụ làm ăn như c*c,CHỬI BỚI,,0.9731
Wifi siêu tiện lợi <3,SẠCH,,0.9948
Chủ quán trông thoáng mát lắm luôn,SẠCH,,0.9709
Điều hòa thấy lung linh <3,SẠCH,,0.9958
Điều hòa cực kỳ hài lòng ạ,SẠCH,,0.9956
Giường phải nói là đáng tiền ^^,SẠCH,,0.9294
Resort thấy nhiệt tình ^^,SẠCH,,0.9955
"Điều hòa gian manh, đừng mua ngay",KÍCH ĐỘNG,,0.9096
Nhà vệ sinh khá nhanh nhẹn lắm luôn,SẠCH,,0.9827
Giường phải nói là dễ thương lắm luôn,SẠCH,,0.9929
"Tuyển dụng việc nhẹ, ib zalo 0565683226",SPAM,,0.9997
Điều hòa như quần què,CHỬI BỚI,,0.8321
đéo Điều hòa làm ăn chán đời,CHỬI BỚI,,0.9829
Truy cập http://bet22.com nhận 100k,SPAM,,0.9771
Chị lễ tân trông rộng rãi!,SẠCH,,0.972
Bác bảo vệ cực kỳ hài lòng :)),SẠCH,,0.9919
Resort đặc biệt đáng tiền <3,SẠCH,,0.9954
"Tuyển dụng làm online, ib zalo 0635913514",SPAM,,0.9997
Thái độ thối như cc,CHỬI BỚI,,0.7471
Món ăn dơ dáy,CHỬI BỚI,,0.7033
Hệ thống ngu như cứt,CHỬI BỚI,,0.9676
óc chó Hệ thống biến đi,CHỬI BỚI,,0.9865
Khách sạn nhìn sang chảnh.,SẠCH,,0.9716
Món ăn thối như lợn,CHỬI BỚI,,0.8064
Chủ shop phục vụ như bò,CHỬI BỚI,,0.8612
Resort trông sang chảnh ạ,SẠCH,,0.9919
Thái độ phục vụ nhìn đáng tiền <3,SẠCH,,0.9908
Nhân viên quá là ngon hihi,SẠCH,,0.994
Hotline 0757544291 để tư vấn,SPAM,,0.9397
Resort khá tận tâm thực sự,SẠCH,,0.9956
Truy cập http://soicau71.com xem hàng,SPAM,,0.99
Con chó nhà này dễ thương lắm,SẠCH,,0.8811
óc chó Chủ shop dẹp tiệm đi,CHỬI BỚI,,0.9463
Dịch vụ rất tốt ^^,SẠCH,,0.8966
Resort hơi bị đẹp nha,SẠCH,,0.9951
bố láo Hệ thống biến đi,CHỬI BỚI,,0.9452
Wifi dở như bẹn,CHỬI BỚI,,0.9081
Con mụ chủ như đầu bùi,CHỬI BỚI,,0.9788
Wifi chán như đầu bùi,CHỬI BỚI,,0.8306
Quán này nhìn như lợn,CHỬI BỚI,,0.7242
Truy cập http://vay50.com nhận khuyến mãi,SPAM,,0.9907
"Tuyển dụng làm online, ib zalo 0753168183",SPAM,,0.9997
mất dạy Lễ tân dẹp tiệm đi,CHỬI BỚI,,0.6497
Nhà vệ sinh tương đối chu đáo nha,SẠCH,,0.9841
Hệ thống tệ như bò,CHỬI BỚI,,0.9524
Con mụ chủ chán như l*n,CHỬI BỚI,,0.9839
Truy cập http://bet49.com nhận 100k,SPAM,,0.9731
Truy cập http://soicau77.com nhận 100k,SPAM,,0.9835
Bác bảo vệ phải nói là thân thiện ^^,SẠCH,,0.9816
Chị lễ tân tương đối sạch sẽ nha,SẠCH,,0.9916
Quán này nhìn như l*n,CHỬI BỚI,,0.9137
Mọi người tẩy chay cái chỗ này nhé,KÍCH ĐỘNG,,0.7613
ngu vãi CSKH ngu không tả được,CHỬI BỚI,,0.9493
chó chết Chủ shop biến đi,CHỬI BỚI,,0.7222
Zalo 0618339183 để tư vấn,SPAM,,0.6153
Tiện nghi siêu ổn áp <3,SẠCH,,0.9935
ngu vãi Chủ shop dẹp tiệm đi,CHỬI BỚI,,0.8626
Dịch vụ phải nói là ngon lắm luôn,SẠCH,,0.9924
Bọn nhân viên bẩn như bẹn,CHỬI BỚI,,0.9868
"Chủ shop tráo trở, làm ăn bố láo ngay",KÍCH ĐỘNG,,0.7962
"Tuyển dụng việc nhẹ, ib zalo 0596530195",SPAM,,0.9997
Thái độ như quần què,CHỬI BỚI,,0.9603
Nhà vệ sinh tệ như bò,CHỬI BỚI,,0.9023
Nhà vệ sinh quá là rộng rãi.,SẠCH,,0.9732
khốn nạn CSKH làm ăn chán đời,CHỬI BỚI,,0.9202
"Chủ shop gian manh, cẩn thận bị lừa ngay",KÍCH ĐỘNG,,0.8402
Cái chỗ này làm ăn như shit,CHỬI BỚI,,0.6197
Thái độ như lồn,CHỬI BỚI,,0.8592
"Chủ shop gian manh, tránh xa ngay",KÍCH ĐỘNG,,0.6043
Truy cập http://soicau69.com nhận khuyến mãi,SPAM,,0.9878
Mọi thứ vô cùng tiện lợi <3,SẠCH,,0.9954
Trải nghiệm cảm thấy xịn sò ạ,SẠCH,,0.8944
Điều hòa siêu nhanh nhẹn nhé,SẠCH,,0.9904
Giường cảm thấy ngon nha,SẠCH,,0.9936
"Nhà vệ sinh lừa đảo, tẩy chay ngay",KÍCH ĐỘNG,,0.5981
Tiện nghi trông chill thực sự,SẠCH,,0.9884
"Cái chỗ này gian manh, bóc phốt ngay",KÍCH ĐỘNG,,0.5298
"Tuyển dụng việc nhẹ, ib zalo 0565929293",SPAM,,0.9997
View khá nhanh nhẹn nha,SẠCH,,0.9919
đm Nhà vệ sinh biến đi,CHỬI BỚI,,0.9596
Truy cập http://bet15.com xem hàng,SPAM,,0.9977
Cách bài trí phải nói là đáng tiền ạ,SẠCH,,0.8673
Nhân viên cảm thấy ấm cúng ^^,SẠCH,,0.9857
Món ăn bẩn như chó,CHỬI BỚI,,0.9372
tổ cha Chủ shop làm ăn chán đời,CHỬI BỚI,,0.6656
Nhắn tin 0619701008 để nhận quà,SPAM,,0.9946
"Tuyển dụng làm online, ib zalo 0726735354",SPAM,,0.9997
Bể bơi rất đáng tiền thực sự,SẠCH,,0.992
Con chó của chủ quán cưng xỉu quá,SẠCH,,0.987
Cái chỗ này tệ như đống phân,CHỬI BỚI,,0.8993
Bác bảo vệ vô cùng đẳng cấp thực sự,SẠCH,,0.9857
Con chó của chủ quán hiền khô quá,SẠCH,,0.9616
"Quán này tráo trở, gian dối ngay",KÍCH ĐỘNG,,0.6838
Bữa sáng cực kỳ nhiệt tình ạ,SẠCH,,0.9952
Truy cập http://vay88.com nhận khuyến mãi,SPAM,,0.9682
"Bọn nhân viên gian manh, gian dối ngay",KÍCH ĐỘNG,,0.9683
Thằng quản lý chán như chó,CHỬI BỚI,,0.9591
Chị lễ tân tương đối lung linh lắm luôn,SẠCH,,0.9909
Nhân viên phải nói là nhanh nhẹn thực sự,SẠCH,,0.9449
Nhà vệ sinh nhìn lung linh!,SẠCH,,0.9923
Tiện nghi phải nói là đẳng cấp ^^,SẠCH,,0.8067
đm Thái độ biến đi,CHỬI BỚI,,0.814
"Phục vụ lừa đảo, report ngay",KÍCH ĐỘNG,,0.5048
tổ cha Phục vụ ngu không tả được,CHỬI BỚI,,0.9842
óc chó Khách sạn ngu không tả được,CHỬI BỚI,,0.9859
"Tuyển dụng việc nhẹ, ib zalo 0529005572",SPAM,,0.9997
Điều hòa cảm thấy thoáng mát <3,SẠCH,,0.9959
Phòng ốc rất tuyệt vời <3,SẠCH,,0.9955
Hotline 0559836613 để nhận quà,SPAM,,0.9805
"Tuyển dụng làm online, ib zalo 0788183530",SPAM,,0.9996
bố láo Thái độ dẹp tiệm đi,CHỬI BỚI,,0.835
vcl Điều hòa ngu không tả được,CHỬI BỚI,,0.9579
Wifi trông ok hihi,SẠCH,,0.9957
Hotline 0379451837 để kết bạn,SPAM,,0.9541
Không gian trông thân thiện lắm luôn,SẠCH,,0.9933
"Hệ thống tráo trở, report ngay",KÍCH ĐỘNG,,0.6827
Món ăn nhìn như l*n,CHỬI BỚI,,0.9023
Mọi người báo công an cái quán này nhé,KÍCH ĐỘNG,,0.8972
Resort thấy tiện lợi lắm luôn,SẠCH,,0.9942
Nhà vệ sinh thối như l*n,CHỬI BỚI,,0.6055
"Tuyển dụng việc nhẹ, ib zalo 0655082939",SPAM,,0.9997
Truy cập http://vay32.com xem hàng,SPAM,,0.9888
Hotline 0735358164 để kết bạn,SPAM,,0.9511
bố láo Con mụ chủ ngu không tả được,CHỬI BỚI,,0.9888
Bể bơi tương đối chuyên nghiệp.,SẠCH,,0.9665
Con chó nhà này quấn người quá,SẠCH,,0.9759
"Quán này tráo trở, cẩn thận bị lừa ngay",KÍCH ĐỘNG,,0.5242
Nhân viên siêu lung linh!,SẠCH,,0.7904
Nhà vệ sinh thấy nhanh nhẹn.,SẠCH,,0.9378
Điều hòa thực sự xịn sò <3,SẠCH,,0.9754
ngu vãi Khách sạn biến đi,CHỬI BỚI,,0.8986
Cô lao công vô cùng ấm cúng nha,SẠCH,,0.9757
đm Cách làm ăn biến đi,CHỬI BỚI,,0.9285
Chị lễ tân cảm thấy thân thiện lắm luôn,SẠCH,,0.9921
"Quán này lừa đảo, kiện ngay",KÍCH ĐỘNG,,0.5673
Con mụ chủ chảnh chó,CHỬI BỚI,,0.9831
Mọi thứ thực sự yên tĩnh lắm luôn,SẠCH,,0.9924
"Món ăn tráo trở, báo công an ngay",KÍCH ĐỘNG,,0.9828
"Tuyển dụng việc nhẹ, ib zalo 0948575148",SPAM,,0.9997
Dịch vụ thực sự nhiệt tình thực sự,SẠCH,,0.9075
Liên hệ 0651156959 để nhận quà,SPAM,,0.9834
mẹ kiếp Chủ shop làm ăn chán đời,CHỬI BỚI,,0.6431
mất dạy CSKH làm ăn chán đời,CHỬI BỚI,,0.8931
Wifi cực kỳ sạch sẽ thực sự,SẠCH,,0.9949
"Dịch vụ gian manh, treo đầu dê bán thịt chó ngay",KÍCH ĐỘNG,,0.8469
Ib ngay 0890256626 để vay vốn,SPAM,,0.9993
Lễ tân bẩn thỉu,CHỬI BỚI,,0.7631
Chị lễ tân tương đối chill <3,SẠCH,,0.9919
Không gian nhìn thân thiện thực sự,SẠCH,,0.9918
Cho mình hỏi mấy giờ mở cửa?,SẠCH,,0.9857
Dịch vụ nhìn như chó,CHỬI BỚI,,0.9579
Thằng quản lý tệ như cc,CHỬI BỚI,,0.9913
Cô lao công cực kỳ đẹp nha,SẠCH,,0.9906
"Tuyển dụng việc nhẹ, ib zalo 0954016672",SPAM,,0.9997
Chủ quán siêu xịn sò lắm luôn,SẠCH,,0.8887
Hotline 0467884447 để nhận quà,SPAM,,0.9701
Homestay cực kỳ rộng rãi lắm luôn,SẠCH,,0.9895
Cách làm ăn như cứt,CHỬI BỚI,,0.567
Cách bài trí cực kỳ chill ạ,SẠCH,,0.9954
Bữa sáng cực kỳ đáng tiền!,SẠCH,,0.9949
Bữa sáng phải nói là ok ạ,SẠCH,,0.9959
Ship hàng nhìn như c*c,CHỬI BỚI,,0.9726
Chủ shop ngu như quần què,CHỬI BỚI,,0.8989
Tiện nghi quá là chuyên nghiệp ^^,SẠCH,,0.9913
"Tuyển dụng làm online, ib zalo 0475630007",SPAM,,0.9997
"Tuyển dụng việc nhẹ, ib zalo 0832308907",SPAM,,0.9997
chó chết Nhà vệ sinh biến đi,CHỬI BỚI,,0.8982
Bác bảo vệ hơi bị ok.,SẠCH,,0.9641
Con mụ chủ thối như bò,CHỬI BỚI,,0.9858
"Dịch vụ lừa đảo, báo công an ngay",KÍCH ĐỘNG,,0.8907
Giường cực kỳ tiện lợi <3,SẠCH,,0.9941
Lễ tân làm ăn như cứt,CHỬI BỚI,,0.8934
chó chết Khách sạn dẹp tiệm đi,CHỬI BỚI,,0.9463
"Tuyển dụng việc nhẹ, ib zalo 0866248269",SPAM,,0.9997
vcl Lễ tân biến đi,CHỬI BỚI,,0.956
"Thằng quản lý lừa đảo, cạch mặt ngay",KÍCH ĐỘNG,,0.9843
Hệ thống ngu như đầu bùi,CHỬI BỚI,,0.9605
Nhà vệ sinh khá sạch sẽ nha,SẠCH,,0.992
Chủ shop dơ dáy,CHỬI BỚI,,0.841
Call 0525333739 để vay vốn,SPAM,,0.991
Tiện nghi rất sạch sẽ hihi,SẠCH,,0.9907
"Tuyển dụng việc nhẹ, ib zalo 0329001851",SPAM,,0.9997
"Tuyển dụng làm online, ib zalo 0880071458",SPAM,,0.9997
mất dạy Quán này làm ăn chán đời,CHỬI BỚI,,0.8758
CSKH phục vụ như shit,CHỬI BỚI,,0.8366
CSKH dở như cc,CHỬI BỚI,,0.8816
Truy cập http://vay71.com nhận 100k,SPAM,,0.9868
Dịch vụ phải nói là rộng rãi thực sự,SẠCH,,0.99
Mọi thứ cực kỳ ok ^^,SẠCH,,0.9945
"Cái chỗ này gian manh, tẩy chay ngay",KÍCH ĐỘNG,,0.8616
Điều hòa ngu như chó,CHỬI BỚI,,0.9057
Quán này bẩn như bò,CHỬI BỚI,,0.8397
mẹ kiếp Thằng quản lý dẹp tiệm đi,CHỬI BỚI,,0.9777
Điều hòa cực kỳ ngon lắm luôn,SẠCH,,0.9955
"Tuyển dụng việc nhẹ, ib zalo 0674523796",SPAM,,0.9997
Vị trí thực sự nhiệt tình!,SẠCH,,0.9925
Thằng quản lý vãi đái,CHỬI BỚI,,0.9873
Hệ thống bẩn như bẹn,CHỬI BỚI,,0.8818
Mọi người lừa đảo cái quán này nhé,KÍCH ĐỘNG,,0.7935
Homestay thấy sạch sẽ ^^,SẠCH,,0.9848
Wifi ngu như lợn,CHỬI BỚI,,0.6907
Ship hàng tệ như cứt,CHỬI BỚI,,0.8851
Nhà vệ sinh vô cùng thoáng mát :)),SẠCH,,0.9948
Phục vụ chán như hạch,CHỬI BỚI,,0.8351
"Bọn nhân viên gian manh, cạch mặt ngay",KÍCH ĐỘNG,,0.9851
Đồ ăn đặc biệt nhiệt tình nha,SẠCH,,0.9929
Homestay nhìn xịn sò :)),SẠCH,,0.7454
Điều hòa ngu như cứt,CHỬI BỚI,,0.7946
Nước nóng thực sự nhanh nhẹn lắm luôn,SẠCH,,0.9817
Cái chỗ này tệ như c*c,CHỬI BỚI,,0.5555
khốn nạn Cách làm ăn biến đi,CHỬI BỚI,,0.8816
Cô lao công quá là tuyệt vời <3,SẠCH,,0.9916
Resort hơi bị xuất sắc.,SẠCH,,0.9904
Khách sạn nhìn như hạch,CHỬI BỚI,,0.84
"Khách sạn lừa đảo, tẩy chay ngay",KÍCH ĐỘNG,,0.8145
Chủ shop thối như cứt,CHỬI BỚI,,0.7727
Truy cập http://soicau85.com nhận khuyến mãi,SPAM,,0.9919
Cô lao công tương đối nhiệt tình :)),SẠCH,,0.9787
Cái chỗ này thối như bẹn,CHỬI BỚI,,0.7541
Nhân viên thực sự đáng tiền :)),SẠCH,,0.9476
Điều hòa chán như hạch,CHỬI BỚI,,0.8045
Thái độ phục vụ như cứt,CHỬI BỚI,,0.6817
Quán này chán như cứt,CHỬI BỚI,,0.7754
tiên sư Hệ thống biến đi,CHỬI BỚI,,0.9877
Nhà vệ sinh quá là ổn áp <3,SẠCH,,0.9955
tiên sư Bọn nhân viên dẹp tiệm đi,CHỬI BỚI,,0.3938
"Chủ shop lừa đảo, treo đầu dê bán thịt chó ngay",KÍCH ĐỘNG,,0.8546
Anh chủ rất sạch sẽ ạ,SẠCH,,0.9892
Truy cập http://vay87.com nhận 100k,SPAM,,0.9882
Cách bài trí cực kỳ xuất sắc <3,SẠCH,,0.9956
"Quán này gian manh, treo đầu dê bán thịt chó ngay",KÍCH ĐỘNG,,0.6413
Giường tương đối ấm cúng nhé,SẠCH,,0.9845
"Phục vụ gian manh, treo đầu dê bán thịt chó ngay",KÍCH ĐỘNG,,0.8149
Chủ quán quá là đẹp lắm luôn,SẠCH,,0.991
Anh chủ rất rộng rãi lắm luôn,SẠCH,,0.9686
Hỗ trợ 0610132412 để tư vấn,SPAM,,0.9207
óc chó Điều hòa biến đi,CHỬI BỚI,,0.9862
Nhà vệ sinh tệ như đống phân,CHỬI BỚI,,0.9559
chó chết Phục vụ ngu không tả được,CHỬI BỚI,,0.6348
"CSKH tráo trở, làm ăn bố láo ngay",KÍCH ĐỘNG,,0.9857
Giường hơi bị rộng rãi!,SẠCH,,0.8762
Truy cập http://bet58.com nhận khuyến mãi,SPAM,,0.9986
Truy cập http://sex64.com nhận khuyến mãi,SPAM,,0.9668
"Lễ tân tráo trở, đừng mua ngay",KÍCH ĐỘNG,,0.9935
Thái độ phục vụ nhìn xuất sắc nhé,SẠCH,,0.9923
"Tuyển dụng việc nhẹ, ib zalo 0454246779",SPAM,,0.9997
Truy cập http://vay77.com nhận 100k,SPAM,,0.9853
Cô lao công vô cùng ngon ^^,SẠCH,,0.9923
Chị lễ tân đặc biệt đẳng cấp :)),SẠCH,,0.981
Thái độ bẩn như shit,CHỬI BỚI,,0.9421
"Hệ thống lừa đảo, tẩy chay ngay",KÍCH ĐỘNG,,0.4673
Điều hòa trông ok nha,SẠCH,,0.9959
"Thái độ gian manh, tẩy chay ngay",KÍCH ĐỘNG,,0.7298
Chủ quán quá là thoáng mát thực sự,SẠCH,,0.99
Ib ngay 0438719714 để tư vấn,SPAM,,0.9911
Hệ thống phục vụ như lợn,CHỬI BỚI,,0.7675
"CSKH lừa đảo, cẩn thận bị lừa ngay",KÍCH ĐỘNG,,0.8894
Mọi thứ đặc biệt yên tĩnh hihi,SẠCH,,0.9939
Dịch vụ phục vụ như đầu bùi,CHỬI BỚI,,0.4597
Chủ quán khá tận tâm ạ,SẠCH,,0.9844
"Tuyển dụng việc nhẹ, ib zalo 0381804907",SPAM,,0.9997
Hệ thống chán như l*n,CHỬI BỚI,,0.5533
Nhân viên thực sự tốt thực sự,SẠCH,,0.9024
Nhà vệ sinh đặc biệt ok hihi,SẠCH,,0.9941
Con mụ chủ bẩn như cc,CHỬI BỚI,,0.9846
Vị trí vô cùng chu đáo nha,SẠCH,,0.9949
Cách làm ăn phục vụ như cc,CHỬI BỚI,,0.9606
"Quán này lừa đảo, báo công an ngay",KÍCH ĐỘNG,,0.5966
CSKH thối như shit,CHỬI BỚI,,0.925
Truy cập http://bet64.com nhận 100k,SPAM,,0.9784
Con mụ chủ ngu như shit,CHỬI BỚI,,0.99
Anh chủ cực kỳ thoáng mát.,SẠCH,,0.9881
Thằng quản lý làm ăn như hạch,CHỬI BỚI,,0.9885
Nhân viên vô cùng yên tĩnh lắm luôn,SẠCH,,0.9905
"Món ăn lừa đảo, treo đầu dê bán thịt chó ngay",KÍCH ĐỘNG,,0.9314
Khách sạn như bò,CHỬI BỚI,,0.5776
Trải nghiệm vô cùng chuyên nghiệp lắm luôn,SẠCH,,0.9932
Ban công hơi bị lung linh hihi,SẠCH,,0.9928
Mọi người gian dối cái cái bọn lừa đảo này nhé,KÍCH ĐỘNG,,0.9886
Cô lao công vô cùng lung linh nhé,SẠCH,,0.9842
Nhà vệ sinh ngu như shit,CHỬI BỚI,,0.6224
Chủ quán cảm thấy hài lòng :)),SẠCH,,0.9928
Thằng quản lý nhìn như chó,CHỬI BỚI,,0.9449
Chủ shop bẩn như rác rưởi,CHỬI BỚI,,0.854
Anh chủ khá sạch sẽ ^^,SẠCH,,0.9788
đéo Ship hàng làm ăn chán đời,CHỬI BỚI,,0.973
Chủ quán trông nhiệt tình hihi,SẠCH,,0.9909
Thái độ dở như rác rưởi,CHỬI BỚI,,0.9052
óc chó Wifi dẹp tiệm đi,CHỬI BỚI,,0.9442
Nhân viên đặc biệt chu đáo ^^,SẠCH,,0.9214
Vị trí quá là xịn sò lắm luôn,SẠCH,,0.8616
"Tuyển dụng làm online, ib zalo 0526941218",SPAM,,0.9997
Mọi thứ hơi bị lung linh hihi,SẠCH,,0.994
"CSKH lừa đảo, kiện ngay",KÍCH ĐỘNG,,0.904
Nhà vệ sinh nhìn dễ thương :)),SẠCH,,0.9941
"Khách sạn gian manh, gian dối ngay",KÍCH ĐỘNG,,0.9324
Anh chủ thấy xịn sò ạ,SẠCH,,0.9615
"Tuyển dụng việc nhẹ, ib zalo 0910666663",SPAM,,0.9997
Nhà vệ sinh thối như hạch,CHỬI BỚI,,0.7897
Wifi chán như shit,CHỬI BỚI,,0.7232
"Chủ shop gian manh, dối trá ngay",KÍCH ĐỘNG,,0.8523
Bể bơi trông đẹp lắm luôn,SẠCH,,0.9914
Anh chủ rất ok <3,SẠCH,,0.9947
Nhắn tin 0879059255 để vay vốn,SPAM,,0.9881
Wifi khá nhiệt tình nha,SẠCH,,0.9951
Bể bơi khá ổn áp nha,SẠCH,,0.99
Chủ shop như shit,CHỬI BỚI,,0.808
Phòng ốc đặc biệt tận tâm ạ,SẠCH,,0.9863
Bữa sáng thực sự yên tĩnh ạ,SẠCH,,0.9959
Nhân viên khá hài lòng :)),SẠCH,,0.994
Cách làm ăn tệ như cứt,CHỬI BỚI,,0.5517
Ban công thấy chuyên nghiệp hihi,SẠCH,,0.9958
Wifi rất nhiệt tình hihi,SẠCH,,0.996
Lễ tân làm ăn như bẹn,CHỬI BỚI,,0.9681
bố láo Cái chỗ này dẹp tiệm đi,CHỬI BỚI,,0.8267
Thái độ phục vụ cảm thấy chu đáo nhé,SẠCH,,0.9872
Chủ quán thực sự thơm tho :)),SẠCH,,0.9929
Nhân viên thực sự chu đáo nhé,SẠCH,,0.7898
Bể bơi nhìn đẳng cấp nhé,SẠCH,,0.9848
Các bạn đừng bao giờ đến quán này,KÍCH ĐỘNG,,0.97
Thằng quản lý chán như bò,CHỬI BỚI,,0.9908
Hỗ trợ 0867690701 để vay vốn,SPAM,,0.9989
Nhân viên thực sự thơm tho!,SẠCH,,0.9725
tổ cha Dịch vụ dẹp tiệm đi,CHỬI BỚI,,0.4076
Nhà vệ sinh như bẹn,CHỬI BỚI,,0.9573
mẹ kiếp Wifi dẹp tiệm đi,CHỬI BỚI,,0.8145
Nhân viên đặc biệt lung linh.,SẠCH,,0.992
Truy cập http://bet61.com nhận 100k,SPAM,,0.9014
Bữa sáng thấy chu đáo thực sự,SẠCH,,0.9942
Nước nóng thấy thân thiện nhé,SẠCH,,0.9847
Trải nghiệm trông tiện lợi thực sự,SẠCH,,0.9818
Hotline 0728330381 để vay vốn,SPAM,,0.9961
tiên sư Lễ tân dẹp tiệm đi,CHỬI BỚI,,0.9502
Chủ quán thấy ổn áp ^^,SẠCH,,0.9916
Thái độ phục vụ tương đối dễ thương thực sự,SẠCH,,0.9707
"Chủ shop tráo trở, gian dối ngay",KÍCH ĐỘNG,,0.7814
Cách bài trí nhìn đẳng cấp :)),SẠCH,,0.9511
Wifi phục vụ như shit,CHỬI BỚI,,0.6039
Vị trí cực kỳ lung linh ạ,SẠCH,,0.9948
Bác bảo vệ siêu tận tâm nha,SẠCH,,0.9699
Dịch vụ nhìn chuyên nghiệp hihi,SẠCH,,0.9894
Không gian siêu chill <3,SẠCH,,0.9961
View phải nói là sạch sẽ!,SẠCH,,0.9816
mất dạy Thằng quản lý làm ăn chán đời,CHỬI BỚI,,0.9563
óc chó Hệ thống làm ăn chán đời,CHỬI BỚI,,0.9908
Chủ quán đặc biệt tốt.,SẠCH,,0.9825
Bọn nhân viên tệ như rác rưởi,CHỬI BỚI,,0.8534
Resort đặc biệt ổn áp!,SẠCH,,0.9952
Bọn nhân viên phục vụ như l*n,CHỬI BỚI,,0.9248
khốn nạn CSKH ngu không tả được,CHỬI BỚI,,0.9873
Homestay tương đối ok ạ,SẠCH,,0.9942
Ban công vô cùng hài lòng!,SẠCH,,0.9955
Mọi thứ tương đối ổn áp ạ,SẠCH,,0.9931
chó chết Điều hòa dẹp tiệm đi,CHỬI BỚI,,0.9382
Thái độ dở như cứt,CHỬI BỚI,,0.7662
Truy cập http://vay18.com nhận khuyến mãi,SPAM,,0.9899
Điều hòa dở như cứt,CHỬI BỚI,,0.6563
Vị trí thực sự xuất sắc :)),SẠCH,,0.9948
Thái độ phục vụ thấy dễ thương hihi,SẠCH,,0.9944
Bữa sáng quá là tuyệt vời lắm luôn,SẠCH,,0.9956
Đồ ăn siêu ngon <3,SẠCH,,0.9945
Tiện nghi hơi bị hài lòng :)),SẠCH,,0.9891
"Quán này lừa đảo, tẩy chay ngay",KÍCH ĐỘNG,,0.5448
"Điều hòa tráo trở, gian dối ngay",KÍCH ĐỘNG,,0.6425
Thái độ làm ăn như c*c,CHỬI BỚI,,0.6967
Dịch vụ tệ như cứt,CHỬI BỚI,,0.9045
"Bọn nhân viên lừa đảo, gian dối ngay",KÍCH ĐỘNG,,0.8384
Nhà vệ sinh siêu yên tĩnh!,SẠCH,,0.9759
Homestay hơi bị tốt :)),SẠCH,,0.9928
"Tuyển dụng làm online, ib zalo 0322641723",SPAM,,0.9996
Ship hàng nhìn như lợn,CHỬI BỚI,,0.5615
óc chó Phục vụ dẹp tiệm đi,CHỬI BỚI,,0.8575
Bọn nhân viên chán như chó,CHỬI BỚI,,0.9391
óc chó Nhà vệ sinh biến đi,CHỬI BỚI,,0.9605
Homestay siêu thoáng mát ạ,SẠCH,,0.9934
"Con mụ chủ gian manh, kiện ngay",KÍCH ĐỘNG,,0.9689
Tiện nghi đặc biệt sạch sẽ :)),SẠCH,,0.99
"Tuyển dụng làm online, ib zalo 0535832584",SPAM,,0.9996
"Tuyển dụng việc nhẹ, ib zalo 0535882363",SPAM,,0.9997
View đặc biệt ngon.,SẠCH,,0.9938
Nhân viên siêu hài lòng nhé,SẠCH,,0.988
Nhà vệ sinh phục vụ như rác rưởi,CHỬI BỚI,,0.7095
Đồ ăn khá đáng tiền nhé,SẠCH,,0.9944
Vị trí khá rộng rãi hihi,SẠCH,,0.9883
Dịch vụ ngu như bò,CHỬI BỚI,,0.9315
"Con mụ chủ tráo trở, treo đầu dê bán thịt chó ngay",KÍCH ĐỘNG,,0.9767
Cô lao công siêu sạch sẽ <3,SẠCH,,0.991
Mọi người cạch mặt cái bọn này nhé,KÍCH ĐỘNG,,0.9858
"Hệ thống tráo trở, treo đầu dê bán thịt chó ngay",KÍCH ĐỘNG,,0.8205
Nhân viên phải nói là ổn áp nha,SẠCH,,0.9456
Mọi người đòi lại tiền cái chỗ này nhé,KÍCH ĐỘNG,,0.6794
Bể bơi trông ổn áp :)),SẠCH,,0.9935
Bữa sáng tương đối lung linh <3,SẠCH,,0.9955
"Tuyển dụng việc nhẹ, ib zalo 0978350340",SPAM,,0.9997
"Tuyển dụng làm online, ib zalo 0868628101",SPAM,,0.9997
Cái chỗ này láo toét,CHỬI BỚI,,0.5055
Cái chỗ này bẩn như đống phân,CHỬI BỚI,,0.8875
View trông xuất sắc!,SẠCH,,0.9928
Thái độ phục vụ vô cùng tận tâm ^^,SẠCH,,0.8766
"Phục vụ gian manh, report ngay",KÍCH ĐỘNG,,0.7243
Bể bơi cảm thấy chuyên nghiệp.,SẠCH,,0.983
"Wifi tráo trở, đòi lại tiền ngay",KÍCH ĐỘNG,,0.8821
Điều hòa đặc biệt chuyên nghiệp :)),SẠCH,,0.996
Đồ ăn rất xuất sắc!,SẠCH,,0.9936
Homestay phải nói là tuyệt vời nha,SẠCH,,0.9945
Ban công tương đối ngon nha,SẠCH,,0.9951
Phục vụ làm ăn như cứt,CHỬI BỚI,,0.8203
"Quán này gian manh, báo công an ngay",KÍCH ĐỘNG,,0.441
Nhân viên quá là lung linh hihi,SẠCH,,0.9953
Con mụ chủ làm ăn như chó,CHỬI BỚI,,0.9884
Quán này ngu như hạch,CHỬI BỚI,,0.9468
Dịch vụ siêu yên tĩnh hihi,SẠCH,,0.9904
Bể bơi nhìn xịn sò :)),SẠCH,,0.9297
Bể bơi cảm thấy thoáng mát!,SẠCH,,0.9827
Nhắn tin 0740413655 để tư vấn,SPAM,,0.9644
Cách bài trí vô cùng thân thiện!,SẠCH,,0.992
Đồ ăn thực sự ổn áp thực sự,SẠCH,,0.9896
Vị trí vô cùng yên tĩnh ^^,SẠCH,,0.9845
"Cách làm ăn gian manh, gian dối ngay",KÍCH ĐỘNG,,0.7472
"Tuyển dụng việc nhẹ, ib zalo 0377988311",SPAM,,0.9997
Phòng ốc phải nói là tuyệt vời ạ,SẠCH,,0.9947
Thái độ phục vụ vô cùng rộng rãi <3,SẠCH,,0.991
"Tuyển dụng làm online, ib zalo 0423419100",SPAM,,0.9997
Call 0583470392 để nhận quà,SPAM,,0.9942
Resort khá yên tĩnh ^^,SẠCH,,0.9911
Bác bảo vệ trông yên tĩnh.,SẠCH,,0.9495
"Thái độ lừa đảo, đừng mua ngay",KÍCH ĐỘNG,,0.5827
Liên hệ 0848148416 để kết bạn,SPAM,,0.9859
Thằng quản lý ngu như bò,CHỬI BỚI,,0.9925
Lễ tân chán như c*c,CHỬI BỚI,,0.9063
mẹ kiếp Cách làm ăn biến đi,CHỬI BỚI,,0.7729
Alo 0360793827 để kết bạn,SPAM,,0.9912
Thái độ như lợn,CHỬI BỚI,,0.8599
Chị lễ tân đặc biệt ok nha,SẠCH,,0.9931
Nhân viên tương đối tuyệt vời!,SẠCH,,0.7268
mẹ kiếp CSKH biến đi,CHỬI BỚI,,0.9245
Thằng quản lý chán như cc,CHỬI BỚI,,0.9905
Thái độ phục vụ khá thoáng mát nha,SẠCH,,0.9739
Dịch vụ trông đẳng cấp nha,SẠCH,,0.9865
Hỗ trợ 0688526807 để tư vấn,SPAM,,0.8776
Dịch vụ phải nói là hài lòng ^^,SẠCH,,0.9926
Quán này tệ như c*c,CHỬI BỚI,,0.7881
Bọn nhân viên nhìn như cc,CHỬI BỚI,,0.9555
Điều hòa vô cùng ấm cúng lắm luôn,SẠCH,,0.9947
Call 0461496245 để tư vấn,SPAM,,0.971
Cách bài trí hơi bị thân thiện ạ,SẠCH,,0.9822
Call 0847503549 để nhận quà,SPAM,,0.9937
Điều hòa thối như quần què,CHỬI BỚI,,0.9073
Truy cập http://bet12.com nhận 100k,SPAM,,0.9709
Điều hòa thối như hạch,CHỬI BỚI,,0.6625
Đồ ăn thực sự chu đáo lắm luôn,SẠCH,,0.9946
Trải nghiệm siêu thân thiện <3,SẠCH,,0.9958
Ship hàng bẩn như lợn,CHỬI BỚI,,0.917
"Ship hàng gian manh, đòi lại tiền ngay",KÍCH ĐỘNG,,0.6985
Cô lao công đặc biệt tuyệt vời nha,SẠCH,,0.9892
Các bạn đừng bao giờ đến cái bọn lừa đảo này,KÍCH ĐỘNG,,0.984
"Tuyển dụng làm online, ib zalo 0446705961",SPAM,,0.9996
Truy cập http://vay32.com nhận 100k,SPAM,,0.9814
Điều hòa cực kỳ tiện lợi nha,SẠCH,,0.9926
Tiện nghi cảm thấy yên tĩnh ^^,SẠCH,,0.9694
Khách sạn thấy đáng tiền hihi,SẠCH,,0.9885
Resort thực sự rộng rãi.,SẠCH,,0.9909
Bữa sáng hơi bị xuất sắc.,SẠCH,,0.9816
Bác bảo vệ trông yên tĩnh ^^,SẠCH,,0.9553
Vị trí vô cùng ngon :)),SẠCH,,0.9923
Truy cập http://soicau93.com xem hàng,SPAM,,0.9897
"Nhà vệ sinh gian manh, đừng mua ngay",KÍCH ĐỘNG,,0.6686
vcl Ship hàng ngu không tả được,CHỬI BỚI,,0.9722
"Wifi tráo trở, cẩn thận bị lừa ngay",KÍCH ĐỘNG,,0.8617
"Bọn nhân viên lừa đảo, cạch mặt ngay",KÍCH ĐỘNG,,0.8946
Điều hòa siêu xịn sò hihi,SẠCH,,0.9934
Phòng ốc nhìn chuyên nghiệp <3,SẠCH,,0.9948
"Nhà vệ sinh tráo trở, báo công an ngay",KÍCH ĐỘNG,,0.7159
Đồ ăn nhìn lung linh!,SẠCH,,0.9866
Vị trí cực kỳ chuyên nghiệp :)),SẠCH,,0.9942
Lễ tân nhìn như bò,CHỬI BỚI,,0.5789
Con cún nhà này thông minh ghê,SẠCH,,0.5459
Nhân viên vô cùng ngon.,SẠCH,,0.9917
Chị lễ tân thực sự rộng rãi ^^,SẠCH,,0.9898
Lễ tân ngu như cc,CHỬI BỚI,,0.9563
"Tuyển dụng việc nhẹ, ib zalo 0563305101",SPAM,,0.9997
"Bọn nhân viên gian manh, làm ăn bố láo ngay",KÍCH ĐỘNG,,0.9887
"Con mụ chủ lừa đảo, tránh xa ngay",KÍCH ĐỘNG,,0.9861
Bữa sáng siêu thoáng mát ạ,SẠCH,,0.9952
khốn nạn Dịch vụ làm ăn chán đời,CHỬI BỚI,,0.8861
Call 0393299124 để tư vấn,SPAM,,0.9634
Anh chủ cảm thấy rộng rãi.,SẠCH,,0.9929
Bác bảo vệ hơi bị ok hihi,SẠCH,,0.9795
Anh chủ tương đối xuất sắc lắm luôn,SẠCH,,0.9791
Wifi tương đối chuyên nghiệp ạ,SẠCH,,0.9953
Thái độ phục vụ phải nói là hài lòng hihi,SẠCH,,0.9952
Truy cập http://sex91.com xem hàng,SPAM,,0.9793
Anh em tránh xa cái bọn lừa đảo này,KÍCH ĐỘNG,,0.9799
Bữa sáng cảm thấy tận tâm nhé,SẠCH,,0.9943
View cảm thấy nhanh nhẹn nhé,SẠCH,,0.9915
Bác bảo vệ tương đối thân thiện lắm luôn,SẠCH,,0.9603
Anh chủ phải nói là đẹp hihi,SẠCH,,0.9908
"Nhà vệ sinh lừa đảo, đừng mua ngay",KÍCH ĐỘNG,,0.4872
Trải nghiệm hơi bị sang chảnh ^^,SẠCH,,0.9761
Ban công cảm thấy xuất sắc :)),SẠCH,,0.9959
Con mụ chủ dở như bò,CHỬI BỚI,,0.9807
Điều hòa trông dễ thương nhé,SẠCH,,0.9955
"Thằng quản lý gian manh, treo đầu dê bán thịt chó ngay",KÍCH ĐỘNG,,0.9826
"Tuyển dụng việc nhẹ, ib zalo 0735929082",SPAM,,0.9997
Con cún của chủ quán quấn người quá,SẠCH,,0.4379
"Món ăn gian manh, bóc phốt ngay",KÍCH ĐỘNG,,0.8953
Truy cập http://sex32.com nhận khuyến mãi,SPAM,,0.9416
Nước nóng phải nói là sang chảnh!,SẠCH,,0.7115
Trải nghiệm thấy đẳng cấp :)),SẠCH,,0.9591
Nước nóng đặc biệt thoáng mát nha,SẠCH,,0.9902
Ad ơi có ship không?,SẠCH,,0.9809
Cách làm ăn dở như shit,CHỬI BỚI,,0.9206
Anh chủ nhìn đẹp hihi,SẠCH,,0.9943
Dịch vụ siêu đáng tiền.,SẠCH,,0.8167
Điều hòa trông đẹp!,SẠCH,,0.9955
Alo 0851118497 để kết bạn,SPAM,,0.9948
Truy cập http://soicau32.com xem hàng,SPAM,,0.9866
Thái độ phục vụ cực kỳ tiện lợi hihi,SẠCH,,0.9839
CSKH tệ như chó,CHỬI BỚI,,0.6258
Phục vụ thối như rác rưởi,CHỬI BỚI,,0.9326
"Wifi tráo trở, dối trá ngay",KÍCH ĐỘNG,,0.752
CSKH ngu như chó,CHỬI BỚI,,0.9669
Quán này làm ăn như rác rưởi,CHỬI BỚI,,0.8696
Bữa sáng siêu tiện lợi nhé,SẠCH,,0.9946
Cô lao công cảm thấy xịn sò lắm luôn,SẠCH,,0.6163
Resort thấy ok nha,SẠCH,,0.9958
tổ cha Ship hàng làm ăn chán đời,CHỬI BỚI,,0.8478
Resort vô cùng tốt thực sự,SẠCH,,0.9956
Nước nóng thấy đẳng cấp nhé,SẠCH,,0.9532
Con mụ chủ như rác rưởi,CHỬI BỚI,,0.9868
Khách sạn dơ dáy,CHỬI BỚI,,0.9463
Truy cập http://sex71.com nhận 100k,SPAM,,0.9753
Mọi người lừa đảo cái chỗ này nhé,KÍCH ĐỘNG,,0.6998
Điều hòa ngu như c*c,CHỬI BỚI,,0.756
chó chết Chủ shop làm ăn chán đời,CHỬI BỚI,,0.7372
Chị lễ tân siêu hài lòng thực sự,SẠCH,,0.995
"Phục vụ tráo trở, treo đầu dê bán thịt chó ngay",KÍCH ĐỘNG,,0.8381
tổ cha Cái chỗ này làm ăn chán đời,CHỬI BỚI,,0.9478
"Bọn nhân viên lừa đảo, bóc phốt ngay",KÍCH ĐỘNG,,0.5865
"Tuyển dụng làm online, ib zalo 0492626361",SPAM,,0.9996
Nhân viên tương đối xịn sò!,SẠCH,,0.8381
"Khách sạn tráo trở, kiện ngay",KÍCH ĐỘNG,,0.8333
Mọi thứ thực sự hài lòng nhé,SẠCH,,0.9958
Cách bài trí siêu nhanh nhẹn.,SẠCH,,0.9797
Ban công thấy chill thực sự,SẠCH,,0.996
Phòng ốc khá đáng tiền thực sự,SẠCH,,0.9762
Điều hòa dở như chó,CHỬI BỚI,,0.9305
Thái độ như shit,CHỬI BỚI,,0.9182
Ban công quá là nhanh nhẹn!,SẠCH,,0.9941
Bọn nhân viên chán như l*n,CHỬI BỚI,,0.9754
View khá lung linh!,SẠCH,,0.9954
Cách làm ăn ngu như cứt,CHỬI BỚI,,0.9216
Lễ tân thối như c*c,CHỬI BỚI,,0.5917
Anh chủ rất ok hihi,SẠCH,,0.9951
"Bọn nhân viên gian manh, report ngay",KÍCH ĐỘNG,,0.982
Mọi thứ thực sự chuyên nghiệp hihi,SẠCH,,0.9961
"Tuyển dụng việc nhẹ, ib zalo 0649633040",SPAM,,0.9997
Hệ thống làm ăn như bò,CHỬI BỚI,,0.9347
Wifi phục vụ như bò,CHỬI BỚI,,0.6
Dịch vụ như shit,CHỬI BỚI,,0.8646
Truy cập http://soicau28.com nhận 100k,SPAM,,0.9833
Vị trí vô cùng sạch sẽ hihi,SẠCH,,0.9938
Bác bảo vệ trông xuất sắc :)),SẠCH,,0.9807
Phòng ốc quá là đáng tiền ^^,SẠCH,,0.9896
"CSKH lừa đảo, báo công an ngay",KÍCH ĐỘNG,,0.9221
"Chủ shop gian manh, gian dối ngay",KÍCH ĐỘNG,,0.5093
Liên hệ 0591197644 để kết bạn,SPAM,,0.9897
Nhà vệ sinh hơi bị thoáng mát ^^,SẠCH,,0.8669
ngu vãi Hệ thống làm ăn chán đời,CHỬI BỚI,,0.5469
Khách sạn tệ như bò,CHỬI BỚI,,0.6152
"Tuyển dụng làm online, ib zalo 0766547587",SPAM,,0.9996
Bọn nhân viên bẩn như cứt,CHỬI BỚI,,0.9892
Dịch vụ làm ăn như đống phân,CHỬI BỚI,,0.9694
Điều hòa chán như l*n,CHỬI BỚI,,0.9215
Wifi rất ok ạ,SẠCH,,0.9959
Thái độ bẩn như bẹn,CHỬI BỚI,,0.9038
Anh chủ cảm thấy ok!,SẠCH,,0.9953
Nhà vệ sinh quá là thoáng mát nha,SẠCH,,0.9942
Resort hơi bị lung linh lắm luôn,SẠCH,,0.9928
Lễ tân tệ như quần què,CHỬI BỚI,,0.9181
Điều hòa tệ như bẹn,CHỬI BỚI,,0.8647
Tiện nghi hơi bị xịn sò <3,SẠCH,,0.8339
Hotline 0722604033 để kết bạn,SPAM,,0.9592
vcl Phục vụ làm ăn chán đời,CHỬI BỚI,,0.9781
Dịch vụ dở như bẹn,CHỬI BỚI,,0.9539
Cách làm ăn chán như bò,CHỬI BỚI,,0.8928
Nhân viên nhìn tốt thực sự,SẠCH,,0.9502
Dịch vụ khá ok nha,SẠCH,,0.979
"Tuyển dụng việc nhẹ, ib zalo 0717250713",SPAM,,0.9997
Zalo 0583934278 để nhận quà,SPAM,,0.8882
Khách sạn siêu thơm tho lắm luôn,SẠCH,,0.9937
"Lễ tân lừa đảo, cẩn thận bị lừa ngay",KÍCH ĐỘNG,,0.57
Phòng ốc tương đối thân thiện.,SẠCH,,0.9794
"Tuyển dụng việc nhẹ, ib zalo 0671234887",SPAM,,0.9997
View cực kỳ ok lắm luôn,SẠCH,,0.9949
Cách làm ăn tệ như lợn,CHỬI BỚI,,0.7627
"Tuyển dụng làm online, ib zalo 0787591586",SPAM,,0.9996
"Điều hòa lừa đảo, đòi lại tiền ngay",KÍCH ĐỘNG,,0.8753
Chủ quán phải nói là xuất sắc hihi,SẠCH,,0.9881
Thằng quản lý dở như rác rưởi,CHỬI BỚI,,0.9814
Resort rất chill <3,SẠCH,,0.9957
"Tuyển dụng việc nhẹ, ib zalo 0755562503",SPAM,,0.9997
Nhắn tin 0951691372 để tư vấn,SPAM,,0.9668
Hệ thống phục vụ như đầu bùi,CHỬI BỚI,,0.4992
Homestay thấy thoáng mát <3,SẠCH,,0.9939
Cách làm ăn làm ăn như hạch,CHỬI BỚI,,0.8494
Bữa sáng thực sự tiện lợi ^^,SẠCH,,0.9944
mẹ kiếp Quán này làm ăn chán đời,CHỬI BỚI,,0.9074
Ib ngay 0957319284 để nhận quà,SPAM,,0.9915
Anh chủ tương đối ngon ^^,SẠCH,,0.9906
Wifi đặc biệt tốt.,SẠCH,,0.9955
Món ăn như quần què,CHỬI BỚI,,0.8026
Chủ quán siêu thoáng mát nhé,SẠCH,,0.9766
"Con mụ chủ gian manh, treo đầu dê bán thịt chó ngay",KÍCH ĐỘNG,,0.9831
Điều hòa thấy ok ^^,SẠCH,,0.995
Phòng ốc nhìn nhanh nhẹn thực sự,SẠCH,,0.9869
"Cách làm ăn gian manh, report ngay",KÍCH ĐỘNG,,0.8024
Dịch vụ khá hài lòng nha,SẠCH,,0.9827
Chị lễ tân cảm thấy sạch sẽ hihi,SẠCH,,0.9957
Khách sạn dở như đống phân,CHỬI BỚI,,0.9539
CSKH thối như cc,CHỬI BỚI,,0.9625
Phòng ốc quá là tuyệt vời thực sự,SẠCH,,0.9947
Thái độ làm ăn như đầu bùi,CHỬI BỚI,,0.8469
"Tuyển dụng việc nhẹ, ib zalo 0563707667",SPAM,,0.9997
Giường thực sự dễ thương lắm luôn,SẠCH,,0.9957
Giường thực sự nhanh nhẹn ^^,SẠCH,,0.9839
Resort nhìn chill nha,SẠCH,,0.9961
Tiện nghi vô cùng nhiệt tình ạ,SẠCH,,0.9934
Bác bảo vệ trông tận tâm!,SẠCH,,0.9544
"Tuyển dụng việc nhẹ, ib zalo 0938396066",SPAM,,0.9997
Nước nóng hơi bị ấm cúng ạ,SẠCH,,0.9751
Chủ shop bẩn như c*c,CHỬI BỚI,,0.8425
"Cái chỗ này tráo trở, đừng mua ngay",KÍCH ĐỘNG,,0.5377
Mọi thứ quá là đẳng cấp ạ,SẠCH,,0.9913
Call 0467152763 để nhận quà,SPAM,,0.9945
Tiện nghi vô cùng chill :)),SẠCH,,0.9956
Thái độ chán như c*c,CHỬI BỚI,,0.555
Ib ngay 0780419282 để kết bạn,SPAM,,0.9881
Điều hòa làm ăn như c*c,CHỬI BỚI,,0.9852
Hỗ trợ 0516217166 để vay vốn,SPAM,,0.9983
Trải nghiệm hơi bị sang chảnh thực sự,SẠCH,,0.9898
"Món ăn lừa đảo, đòi lại tiền ngay",KÍCH ĐỘNG,,0.8343
Món ăn phục vụ như rác rưởi,CHỬI BỚI,,0.578
Liên hệ 0987413737 để nhận quà,SPAM,,0.9899
Không gian siêu dễ thương ạ,SẠCH,,0.996
Truy cập http://bet68.com xem hàng,SPAM,,0.9962
Phục vụ như đống phân,CHỬI BỚI,,0.9587
Truy cập http://vay60.com nhận khuyến mãi,SPAM,,0.9907
Dịch vụ phải nói là chu đáo ạ,SẠCH,,0.9885
"Điều hòa gian manh, báo công an ngay",KÍCH ĐỘNG,,0.925
Mọi người làm ăn bố láo cái shop này nhé,KÍCH ĐỘNG,,0.9709
Anh chủ đặc biệt đẹp nhé,SẠCH,,0.9917
Dịch vụ chán như bẹn,CHỬI BỚI,,0.9661
Bể bơi rất yên tĩnh nha,SẠCH,,0.9866
Món ăn ngu như bẹn,CHỬI BỚI,,0.827
Thằng quản lý tệ như c*c,CHỬI BỚI,,0.9913
"Tuyển dụng việc nhẹ, ib zalo 0859433276",SPAM,,0.9997
"Thái độ lừa đảo, tránh xa ngay",KÍCH ĐỘNG,,0.5729
"Tuyển dụng làm online, ib zalo 0310066043",SPAM,,0.9997
"Tuyển dụng việc nhẹ, ib zalo 0887155529",SPAM,,0.9997
"Wifi tráo trở, treo đầu dê bán thịt chó ngay",KÍCH ĐỘNG,,0.7826
Nhắn tin 0689079153 để kết bạn,SPAM,,0.9913
mất dạy Cái chỗ này biến đi,CHỬI BỚI,,0.5511
Nước nóng cảm thấy nhanh nhẹn nhé,SẠCH,,0.9799
Truy cập http://vay39.com nhận 100k,SPAM,,0.9863
Thái độ phục vụ trông ấm cúng :)),SẠCH,,0.9812
Zalo 0415320560 để nhận quà,SPAM,,0.9206
Cái chỗ này ngu như quần què,CHỬI BỚI,,0.9512
mất dạy Bọn nhân viên ngu không tả được,CHỬI BỚI,,0.9904
Khách sạn trông lung linh.,SẠCH,,0.9747
"CSKH lừa đảo, gian dối ngay",KÍCH ĐỘNG,,0.891
Resort thực sự tuyệt vời thực sự,SẠCH,,0.9951
Homestay siêu tuyệt vời nhé,SẠCH,,0.995
"CSKH tráo trở, tẩy chay ngay",KÍCH ĐỘNG,,0.9737
ngu vãi Nhà vệ sinh làm ăn chán đời,CHỬI BỚI,,0.9405
tổ cha Hệ thống làm ăn chán đời,CHỬI BỚI,,0.9398
Món ăn ngu như đống phân,CHỬI BỚI,,0.8429
Phòng ốc cảm thấy chu đáo nhé,SẠCH,,0.9938
"CSKH lừa đảo, tẩy chay ngay",KÍCH ĐỘNG,,0.9729
tổ cha Món ăn dẹp tiệm đi,CHỬI BỚI,,0.4346
óc chó CSKH biến đi,CHỬI BỚI,,0.9911
"Tuyển dụng làm online, ib zalo 0555275139",SPAM,,0.9997
Resort tương đối thơm tho ạ,SẠCH,,0.9955
"Thái độ tráo trở, dối trá ngay",KÍCH ĐỘNG,,0.8685
Vị trí đặc biệt dễ thương thực sự,SẠCH,,0.9954
Chủ quán quá là hài lòng <3,SẠCH,,0.9937
Tiện nghi rất chuyên nghiệp nha,SẠCH,,0.9931
Phục vụ bẩn như l*n,CHỬI BỚI,,0.8411
Nhà vệ sinh bẩn như đầu bùi,CHỬI BỚI,,0.8469
"Tuyển dụng việc nhẹ, ib zalo 0588531670",SPAM,,0.9997
Món ăn phục vụ như đầu bùi,CHỬI BỚI,,0.7945
Phục vụ nhìn như chó,CHỬI BỚI,,0.9344
Resort tương đối ổn áp lắm luôn,SẠCH,,0.9934
Dịch vụ bẩn như quần què,CHỬI BỚI,,0.9271
khốn nạn Wifi dẹp tiệm đi,CHỬI BỚI,,0.8445
Phòng ốc cực kỳ nhiệt tình :)),SẠCH,,0.9935
Vị trí cảm thấy chu đáo lắm luôn,SẠCH,,0.9919
Nước nóng siêu chu đáo hihi,SẠCH,,0.9941
Truy cập http://sex36.com nhận 100k,SPAM,,0.9646
"Tuyển dụng việc nhẹ, ib zalo 0775753681",SPAM,,0.9997
Truy cập http://soicau52.com nhận 100k,SPAM,,0.9789
"Con mụ chủ tráo trở, dối trá ngay",KÍCH ĐỘNG,,0.986
"Cái chỗ này lừa đảo, gian dối ngay",KÍCH ĐỘNG,,0.9347
Nhân viên đặc biệt sang chảnh lắm luôn,SẠCH,,0.9896
Con mụ chủ phục vụ như bẹn,CHỬI BỚI,,0.8875
óc chó Cách làm ăn dẹp tiệm đi,CHỬI BỚI,,0.9673
đm Ship hàng biến đi,CHỬI BỚI,,0.9543
Chủ quán nhìn xuất sắc hihi,SẠCH,,0.9837
Bữa sáng vô cùng đáng tiền.,SẠCH,,0.9953
CSKH nhìn như l*n,CHỬI BỚI,,0.5628
View nhìn đáng tiền.,SẠCH,,0.9794
Khách sạn cực kỳ tuyệt vời hihi,SẠCH,,0.9954
Mọi người bóc phốt cái cái bọn lừa đảo này nhé,KÍCH ĐỘNG,,0.9892
Alo 0877925531 để kết bạn,SPAM,,0.9946
Bữa sáng vô cùng tiện lợi ^^,SẠCH,,0.9944
Con mụ chủ láo toét,CHỬI BỚI,,0.9667
Khách sạn cảm thấy nhanh nhẹn!,SẠCH,,0.9881
Phòng ốc khá sạch sẽ hihi,SẠCH,,0.9926
Chị lễ tân rất chu đáo :)),SẠCH,,0.9896
Món ăn chán như cứt,CHỬI BỚI,,0.9099
Bể bơi trông ngon nhé,SẠCH,,0.9873
Nhà vệ sinh như cặc,CHỬI BỚI,,0.9645
Wifi đặc biệt hài lòng <3,SẠCH,,0.9955
Wifi bẩn như chó,CHỬI BỚI,,0.9446
"Tuyển dụng việc nhẹ, ib zalo 0786845080",SPAM,,0.9997
Nhân viên khá hài lòng ^^,SẠCH,,0.9838
Cách làm ăn nhìn như hạch,CHỬI BỚI,,0.7077
Bể bơi hơi bị đẳng cấp!,SẠCH,,0.8677
Call 0817470205 để kết bạn,SPAM,,0.9895
Resort siêu chuyên nghiệp!,SẠCH,,0.9948
Giường khá sang chảnh.,SẠCH,,0.9823
Điều hòa tệ như shit,CHỬI BỚI,,0.7753
Hotline 0420322605 để kết bạn,SPAM,,0.9661
Khách sạn chán như cứt,CHỬI BỚI,,0.9135
"Tuyển dụng việc nhẹ, ib zalo 0785953934",SPAM,,0.9997
Bác bảo vệ thấy thoáng mát lắm luôn,SẠCH,,0.9863
Ban công siêu sang chảnh nha,SẠCH,,0.9953
Thái độ phục vụ phải nói là ấm cúng hihi,SẠCH,,0.9884
Chủ quán nhìn hài lòng ^^,SẠCH,,0.9901
View siêu thơm tho nha,SẠCH,,0.9953
"CSKH tráo trở, kiện ngay",KÍCH ĐỘNG,,0.8042
Cô lao công tương đối sang chảnh :)),SẠCH,,0.9147
Anh chủ trông ấm cúng thực sự,SẠCH,,0.9892
"Chủ shop lừa đảo, lừa đảo ngay",KÍCH ĐỘNG,,0.8333
Nước nóng cảm thấy tuyệt vời thực sự,SẠCH,,0.995
Con mèo nhà này đáng yêu quá,SẠCH,,0.9155
"Hệ thống gian manh, kiện ngay",KÍCH ĐỘNG,,0.5776
Homestay trông chuyên nghiệp ^^,SẠCH,,0.9784
Cho mình hỏi có ship không?,SẠCH,,0.9939
Phục vụ làm ăn như l*n,CHỬI BỚI,,0.8895
khốn nạn Nhà vệ sinh ngu không tả được,CHỬI BỚI,,0.5193
View cực kỳ xịn sò thực sự,SẠCH,,0.9896
Giường cực kỳ đáng tiền <3,SẠCH,,0.9954
Thằng quản lý dơ dáy,CHỬI BỚI,,0.992
Ib ngay 0879986990 để tư vấn,SPAM,,0.9223
Bể bơi đặc biệt tuyệt vời nhé,SẠCH,,0.9938
Nhà vệ sinh đặc biệt yên tĩnh!,SẠCH,,0.9698
Nhắn tin 0735404241 để kết bạn,SPAM,,0.9865
Phục vụ ngu như cc,CHỬI BỚI,,0.902
Quán này dở như bò,CHỬI BỚI,,0.8138
Trải nghiệm rất rộng rãi lắm luôn,SẠCH,,0.9904
chó chết Hệ thống biến đi,CHỬI BỚI,,0.5322
Nhà vệ sinh vô cùng ổn áp nhé,SẠCH,,0.9943
Thái độ tệ như cứt,CHỬI BỚI,,0.6382
Giường phải nói là tiện lợi nhé,SẠCH,,0.9776
Quán này làm ăn như l*n,CHỬI BỚI,,0.9095
Điều hòa rất xuất sắc nhé,SẠCH,,0.9952
Khách sạn siêu nhanh nhẹn ạ,SẠCH,,0.9906
"Nhà vệ sinh gian manh, dối trá ngay",KÍCH ĐỘNG,,0.6342
"Tuyển dụng việc nhẹ, ib zalo 0515860436",SPAM,,0.9997
chó chết CSKH dẹp tiệm đi,CHỬI BỚI,,0.6001
Chủ quán vô cùng đẹp :)),SẠCH,,0.993
Chị lễ tân nhìn chill thực sự,SẠCH,,0.9927
mất dạy Nhà vệ sinh biến đi,CHỬI BỚI,,0.6512
"Ship hàng tráo trở, đòi lại tiền ngay",KÍCH ĐỘNG,,0.6288
Phòng ốc siêu tiện lợi ạ,SẠCH,,0.991
Lễ tân nhìn như cc,CHỬI BỚI,,0.9485
Khách sạn thực sự chuyên nghiệp ạ,SẠCH,,0.9947
Anh chủ phải nói là rộng rãi :)),SẠCH,,0.9775
"Tuyển dụng việc nhẹ, ib zalo 0362269346",SPAM,,0.9997
Giường nhìn thân thiện thực sự,SẠCH,,0.9934
Điều hòa đặc biệt đẹp :)),SẠCH,,0.9954
Thằng quản lý thối như bẹn,CHỬI BỚI,,0.9909
Homestay cảm thấy yên tĩnh ^^,SẠCH,,0.9876
óc chó Bọn nhân viên biến đi,CHỬI BỚI,,0.9883
Ship hàng thối như l*n,CHỬI BỚI,,0.9431
"Cái chỗ này tráo trở, làm ăn bố láo ngay",KÍCH ĐỘNG,,0.9374
Cách làm ăn làm ăn như bò,CHỬI BỚI,,0.9085
Cách làm ăn nhìn như rác rưởi,CHỬI BỚI,,0.8702
Chị lễ tân hơi bị ấm cúng nha,SẠCH,,0.9797
Tư vấn 0936116712 để kết bạn,SPAM,,0.8455
Truy cập http://sex53.com xem hàng,SPAM,,0.9733
Ban công rất sạch sẽ ^^,SẠCH,,0.9939
Món ăn phục vụ như l*n,CHỬI BỚI,,0.783
Bọn nhân viên làm ăn như hạch,CHỬI BỚI,,0.9833
Lễ tân phục vụ như cc,CHỬI BỚI,,0.9413
chó chết Quán này biến đi,CHỬI BỚI,,0.7439
Phục vụ dở như đống phân,CHỬI BỚI,,0.9447
Nhà vệ sinh như c*c,CHỬI BỚI,,0.8831
óc chó Bọn nhân viên làm ăn chán đời,CHỬI BỚI,,0.9912
Không gian vô cùng chill lắm luôn,SẠCH,,0.9959
Tư vấn 0620844495 để nhận quà,SPAM,,0.861
Hỗ trợ 0612298442 để tư vấn,SPAM,,0.8422
Mọi thứ trông tiện lợi ^^,SẠCH,,0.9864
Bể bơi nhìn nhiệt tình!,SẠCH,,0.9888
Khách sạn dở như đầu bùi,CHỬI BỚI,,0.8311
Resort thực sự thân thiện <3,SẠCH,,0.9958
Anh chủ phải nói là thân thiện <3,SẠCH,,0.9888
Dịch vụ nhìn như c*c,CHỬI BỚI,,0.9571
Anh chủ phải nói là ngon ^^,SẠCH,,0.978
Con mụ chủ thối hoắc,CHỬI BỚI,,0.9838
Dịch vụ cảm thấy đáng tiền ^^,SẠCH,,0.9769
"Lễ tân lừa đảo, bóc phốt ngay",KÍCH ĐỘNG,,0.8922
"Quán này lừa đảo, đừng mua ngay",KÍCH ĐỘNG,,0.4777
Hệ thống ngu như rác rưởi,CHỬI BỚI,,0.6261
Thằng quản lý thối như đống phân,CHỬI BỚI,,0.9874
"Điều hòa gian manh, gian dối ngay",KÍCH ĐỘNG,,0.8502
Bọn nhân viên chán như bò,CHỬI BỚI,,0.9869
chó chết CSKH ngu không tả được,CHỬI BỚI,,0.9819
"Tuyển dụng việc nhẹ, ib zalo 0676378427",SPAM,,0.9997
Tiện nghi phải nói là dễ thương nha,SẠCH,,0.9844
ngu vãi Cái chỗ này biến đi,CHỬI BỚI,,0.7068
Lễ tân phục vụ như chó,CHỬI BỚI,,0.9074
"Tuyển dụng làm online, ib zalo 0616878493",SPAM,,0.9997
Resort cực kỳ nhiệt tình nhé,SẠCH,,0.9957
Dịch vụ phải nói là thơm tho thực sự,SẠCH,,0.9926
"Tuyển dụng việc nhẹ, ib zalo 0558788123",SPAM,,0.9997
Khách sạn vô cùng thân thiện!,SẠCH,,0.994
Wifi chán như rác rưởi,CHỬI BỚI,,0.7419
"Tuyển dụng việc nhẹ, ib zalo 0757602714",SPAM,,0.9997
Trải nghiệm thấy đẹp.,SẠCH,,0.993
Ship hàng hãm lờ,CHỬI BỚI,,0.8692
Alo 0731099592 để kết bạn,SPAM,,0.9931
"Điều hòa gian manh, bóc phốt ngay",KÍCH ĐỘNG,,0.8978
Trải nghiệm hơi bị ổn áp <3,SẠCH,,0.9954
Không gian hơi bị đẳng cấp :)),SẠCH,,0.8825
Truy cập http://sex54.com xem hàng,SPAM,,0.9709
tiên sư Hệ thống dẹp tiệm đi,CHỬI BỚI,,0.9131
Khách sạn quá là xuất sắc nha,SẠCH,,0.995
Chủ shop nhìn như quần què,CHỬI BỚI,,0.7946
Ad ơi có chỗ đậu xe không?,SẠCH,,0.939
Cách làm ăn chán như l*n,CHỬI BỚI,,0.8474
Cách bài trí cảm thấy tiện lợi :)),SẠCH,,0.9923
Truy cập http://sex24.com nhận khuyến mãi,SPAM,,0.4985
Thái độ phục vụ quá là nhiệt tình.,SẠCH,,0.9731
Bọn nhân viên bẩn như shit,CHỬI BỚI,,0.9856
Giường cực kỳ chu đáo <3,SẠCH,,0.9956
"Tuyển dụng làm online, ib zalo 0442425503",SPAM,,0.9996
Vị trí khá ấm cúng!,SẠCH,,0.9845
bố láo Điều hòa làm ăn chán đời,CHỬI BỚI,,0.673
Dịch vụ như c*c,CHỬI BỚI,,0.9586
Truy cập http://bet82.com nhận khuyến mãi,SPAM,,0.9985
Thái độ làm ăn như bẹn,CHỬI BỚI,,0.8214
Tiện nghi tương đối thơm tho nha,SẠCH,,0.9903
CSKH thối như bò,CHỬI BỚI,,0.9896
Dịch vụ siêu tốt <3,SẠCH,,0.9912
Bữa sáng nhìn ngon ạ,SẠCH,,0.9936
Ban công vô cùng ấm cúng.,SẠCH,,0.9942
Đồ ăn đặc biệt tận tâm.,SẠCH,,0.9908
Chủ quán quá là ấm cúng ^^,SẠCH,,0.9762
đm Nhà vệ sinh dẹp tiệm đi,CHỬI BỚI,,0.9724
Thái độ phục vụ như c*c,CHỬI BỚI,,0.5294
"Tuyển dụng làm online, ib zalo 0510375339",SPAM,,0.9996
Cái chỗ này làm ăn như cc,CHỬI BỚI,,0.6093
Bể bơi nhìn tiện lợi.,SẠCH,,0.9581
Chủ shop chán như quần què,CHỬI BỚI,,0.906
Ban công cực kỳ thơm tho.,SẠCH,,0.9956
"Tuyển dụng làm online, ib zalo 0552384411",SPAM,,0.9997
Con mụ chủ tệ như rác rưởi,CHỬI BỚI,,0.9891
Wifi phục vụ như c*c,CHỬI BỚI,,0.977
Cách bài trí vô cùng tốt nhé,SẠCH,,0.9954
Alo 0410208600 để nhận quà,SPAM,,0.9958
"Phục vụ tráo trở, cẩn thận bị lừa ngay",KÍCH ĐỘNG,,0.6467
"Tuyển dụng việc nhẹ, ib zalo 0610493309",SPAM,,0.9997
tiên sư Hệ thống làm ăn chán đời,CHỬI BỚI,,0.5025
Bác bảo vệ thực sự đẳng cấp <3,SẠCH,,0.9897
"Tuyển dụng làm online, ib zalo 0933304056",SPAM,,0.9996
Quán này tệ như shit,CHỬI BỚI,,0.6894
Không gian trông đáng tiền hihi,SẠCH,,0.9745
mất dạy Con mụ chủ biến đi,CHỬI BỚI,,0.9824
Nhà vệ sinh thối như đầu bùi,CHỬI BỚI,,0.598
View đặc biệt ngon ạ,SẠCH,,0.9945
bố láo Dịch vụ ngu không tả được,CHỬI BỚI,,0.9845
Khách sạn thấy ổn áp!,SẠCH,,0.9925
tiên sư Nhà vệ sinh ngu không tả được,CHỬI BỚI,,0.9891
Nhắn tin 0516610689 để vay vốn,SPAM,,0.9872
"Cách làm ăn gian manh, tránh xa ngay",KÍCH ĐỘNG,,0.8032
Vị trí vô cùng chu đáo thực sự,SẠCH,,0.9952
Chị lễ tân thực sự chuyên nghiệp ạ,SẠCH,,0.994
Anh chủ tương đối sạch sẽ ạ,SẠCH,,0.9838
Bọn nhân viên tệ như hạch,CHỬI BỚI,,0.9793
Quán này thối như shit,CHỬI BỚI,,0.6712
Dịch vụ làm ăn như quần què,CHỬI BỚI,,0.5168
Nước nóng quá là thân thiện thực sự,SẠCH,,0.9752
Nhà vệ sinh nhìn sang chảnh nha,SẠCH,,0.991
Nước nóng đặc biệt thoáng mát.,SẠCH,,0.9603
Zalo 0529466399 để nhận quà,SPAM,,0.9367
CSKH tệ như c*c,CHỬI BỚI,,0.5222
óc chó Quán này làm ăn chán đời,CHỬI BỚI,,0.9919
Bể bơi rất đẹp lắm luôn,SẠCH,,0.9922
tổ cha Dịch vụ ngu không tả được,CHỬI BỚI,,0.9823
"Tuyển dụng làm online, ib zalo 0698333855",SPAM,,0.9997
Điều hòa nhìn như shit,CHỬI BỚI,,0.8246
Truy cập http://sex99.com nhận khuyến mãi,SPAM,,0.7504
Anh em tránh xa shop này,KÍCH ĐỘNG,,0.993
Quán này thối như bò,CHỬI BỚI,,0.8374
Ib ngay 0664736139 để vay vốn,SPAM,,0.9988
đéo Điều hòa ngu không tả được,CHỬI BỚI,,0.9322
Bể bơi vô cùng đẹp <3,SẠCH,,0.9944
Điều hòa đặc biệt xuất sắc!,SẠCH,,0.9952
Chủ shop phục vụ như cc,CHỬI BỚI,,0.7979
"Hệ thống tráo trở, tránh xa ngay",KÍCH ĐỘNG,,0.9142
Ban công phải nói là chill <3,SẠCH,,0.9959
Chị lễ tân rất chill!,SẠCH,,0.99
Vị trí cực kỳ tốt nhé,SẠCH,,0.9902
Con mèo nhà này hiền khô lắm,SẠCH,,0.7774
Truy cập http://sex82.com nhận khuyến mãi,SPAM,,0.9386
Nhà vệ sinh như đầu bùi,CHỬI BỚI,,0.8229
Giường vô cùng ngon <3,SẠCH,,0.9939
Cái chỗ này chán như c*c,CHỬI BỚI,,0.5571
Cách bài trí phải nói là tuyệt vời.,SẠCH,,0.9905
Wifi vô cùng chu đáo nhé,SẠCH,,0.9956
Thái độ dơ dáy,CHỬI BỚI,,0.5444
Resort rất dễ thương ^^,SẠCH,,0.9958
Ib ngay 0575819810 để kết bạn,SPAM,,0.985
Phục vụ chán như quần què,CHỬI BỚI,,0.9459
Vị trí tương đối yên tĩnh ^^,SẠCH,,0.9648
Mọi thứ hơi bị tiện lợi!,SẠCH,,0.9733
Ban công tương đối tận tâm <3,SẠCH,,0.9961
mẹ kiếp Bọn nhân viên dẹp tiệm đi,CHỬI BỚI,,0.903
Homestay rất lung linh thực sự,SẠCH,,0.9953
Bể bơi phải nói là yên tĩnh nha,SẠCH,,0.9698
"Thái độ gian manh, cạch mặt ngay",KÍCH ĐỘNG,,0.6745
"Thái độ gian manh, gian dối ngay",KÍCH ĐỘNG,,0.8271
Bọn nhân viên dở như cứt,CHỬI BỚI,,0.9884
Nước nóng đặc biệt chill.,SẠCH,,0.9916
Call 0562796455 để vay vốn,SPAM,,0.9916
Đồ ăn khá nhiệt tình nha,SẠCH,,0.9943
Quán này thối như rác rưởi,CHỬI BỚI,,0.8696
Thái độ thối như đầu bùi,CHỬI BỚI,,0.8386
"Tuyển dụng làm online, ib zalo 0532335430",SPAM,,0.9996
Đồ ăn khá thơm tho!,SẠCH,,0.9947
Nhà vệ sinh nhìn như shit,CHỬI BỚI,,0.7468
Mọi người gian dối cái chỗ này nhé,KÍCH ĐỘNG,,0.6503
Nhà vệ sinh dở như quần què,CHỬI BỚI,,0.9501
Giường siêu hài lòng lắm luôn,SẠCH,,0.9945
Lễ tân nhìn như bẹn,CHỬI BỚI,,0.9287
Quán này dở như đầu bùi,CHỬI BỚI,,0.6805
Shop ơi còn phòng không?,SẠCH,,0.9943
"Tuyển dụng làm online, ib zalo 0451589587",SPAM,,0.9997
Dịch vụ phục vụ như rác rưởi,CHỬI BỚI,,0.6238
Nhà vệ sinh chán như shit,CHỬI BỚI,,0.9003
Wifi bẩn như đầu bùi,CHỬI BỚI,,0.8736
Cái chỗ này chán như bò,CHỬI BỚI,,0.9322
Nhà vệ sinh bẩn như c*c,CHỬI BỚI,,0.9268
Chị lễ tân trông ngon :)),SẠCH,,0.9909
Không gian khá đáng tiền hihi,SẠCH,,0.9932
"Bọn nhân viên lừa đảo, lừa đảo ngay",KÍCH ĐỘNG,,0.6255
Quán này tệ như l*n,CHỬI BỚI,,0.8765
Mọi thứ hơi bị nhiệt tình ^^,SẠCH,,0.9834
óc chó Món ăn ngu không tả được,CHỬI BỚI,,0.9881
"Tuyển dụng làm online, ib zalo 0439539765",SPAM,,0.9997
Cô lao công quá là đẳng cấp ạ,SẠCH,,0.9651
Bể bơi cảm thấy đẹp :)),SẠCH,,0.9943
Hotline 0540179330 để nhận quà,SPAM,,0.9804
tổ cha Con mụ chủ ngu không tả được,CHỬI BỚI,,0.9831
"Quán này lừa đảo, treo đầu dê bán thịt chó ngay",KÍCH ĐỘNG,,0.7277
Tiện nghi nhìn đẳng cấp lắm luôn,SẠCH,,0.9827
Hệ thống làm ăn như cc,CHỬI BỚI,,0.7841
Truy cập http://vay42.com nhận khuyến mãi,SPAM,,0.9913
Chủ shop tệ như cứt,CHỬI BỚI,,0.6844
Phục vụ làm ăn như đống phân,CHỬI BỚI,,0.9567
tiên sư Ship hàng làm ăn chán đời,CHỬI BỚI,,0.7641
Tiện nghi cực kỳ đáng tiền ^^,SẠCH,,0.9588
Lễ tân bẩn như l*n,CHỬI BỚI,,0.7672
Wifi ngu như đầu bùi,CHỬI BỚI,,0.9107
"Món ăn gian manh, cạch mặt ngay",KÍCH ĐỘNG,,0.8567
Món ăn ngu như cứt,CHỬI BỚI,,0.5499
đm Ship hàng dẹp tiệm đi,CHỬI BỚI,,0.9717
"Dịch vụ gian manh, dối trá ngay",KÍCH ĐỘNG,,0.9047
Ban công thấy tốt!,SẠCH,,0.9958
Thằng quản lý phục vụ như cứt,CHỬI BỚI,,0.9872
Resort siêu sạch sẽ lắm luôn,SẠCH,,0.9941
Thái độ thối như đống phân,CHỬI BỚI,,0.846
"Tuyển dụng làm online, ib zalo 0786856940",SPAM,,0.9997
Nhà vệ sinh thấy chuyên nghiệp nhé,SẠCH,,0.9822
Cách bài trí nhìn ấm cúng nha,SẠCH,,0.985
Chị lễ tân khá ngon <3,SẠCH,,0.9957
Con mụ chủ như cc,CHỬI BỚI,,0.98
Thái độ thối như hạch,CHỬI BỚI,,0.8554
Con cún nhà này lanh lợi ghê,SẠCH,,0.5977
Điều hòa cực kỳ thoáng mát <3,SẠCH,,0.9954
Chủ quán khá chill lắm luôn,SẠCH,,0.9897
"Phục vụ tráo trở, gian dối ngay",KÍCH ĐỘNG,,0.9244
Không gian đặc biệt sang chảnh.,SẠCH,,0.9882
Giường hơi bị yên tĩnh :)),SẠCH,,0.9828
"Cái chỗ này gian manh, lừa đảo ngay",KÍCH ĐỘNG,,0.8145
Call 0473671447 để kết bạn,SPAM,,0.9888
View phải nói là thân thiện.,SẠCH,,0.9844
Resort khá chuyên nghiệp.,SẠCH,,0.9942
Truy cập http://soicau99.com nhận 100k,SPAM,,0.9826
Anh chủ tương đối rộng rãi!,SẠCH,,0.8459
Liên hệ 0716621973 để kết bạn,SPAM,,0.9887
ngu vãi Bọn nhân viên ngu không tả được,CHỬI BỚI,,0.9716
Chị lễ tân thấy tốt hihi,SẠCH,,0.9949
View cực kỳ tận tâm hihi,SẠCH,,0.9958
Con cún của chủ quán đáng yêu ghê,SẠCH,,0.9027
Wifi tệ như đầu bùi,CHỬI BỚI,,0.7312
"Ship hàng tráo trở, cạch mặt ngay",KÍCH ĐỘNG,,0.6242
"Tuyển dụng việc nhẹ, ib zalo 0484073424",SPAM,,0.9997
Thái độ phục vụ thực sự sang chảnh thực sự,SẠCH,,0.9875
Mọi thứ quá là ngon thực sự,SẠCH,,0.9955
Thái độ phục vụ đặc biệt chuyên nghiệp ^^,SẠCH,,0.9319
Ib ngay 0999708441 để nhận quà,SPAM,,0.9386
Mọi thứ trông yên tĩnh nha,SẠCH,,0.9894
"Thằng quản lý gian manh, cạch mặt ngay",KÍCH ĐỘNG,,0.9899
Wifi thối như chó,CHỬI BỚI,,0.9348
Trải nghiệm cảm thấy rộng rãi :)),SẠCH,,0.9921
Resort đặc biệt đáng tiền :)),SẠCH,,0.9954
"Tuyển dụng làm online, ib zalo 0883857544",SPAM,,0.9997
"Tuyển dụng việc nhẹ, ib zalo 0426611273",SPAM,,0.9997
Lễ tân như bẹn,CHỬI BỚI,,0.9557
Anh chủ tương đối xuất sắc <3,SẠCH,,0.9891
Mọi người tránh xa cái shop này nhé,KÍCH ĐỘNG,,0.9238
Dịch vụ phục vụ như đống phân,CHỬI BỚI,,0.8809
Không gian tương đối yên tĩnh thực sự,SẠCH,,0.9887
Chủ quán siêu ngon.,SẠCH,,0.9769
"Chủ shop lừa đảo, làm ăn bố láo ngay",KÍCH ĐỘNG,,0.6523
Lễ tân phục vụ như shit,CHỬI BỚI,,0.7457
vcl Điều hòa dẹp tiệm đi,CHỬI BỚI,,0.9755
Cô lao công cực kỳ ngon :)),SẠCH,,0.9909
Cách bài trí phải nói là tốt ^^,SẠCH,,0.983
Nhân viên rất thân thiện ạ,SẠCH,,0.9826
Thằng quản lý như cc,CHỬI BỚI,,0.991
Lễ tân thối như cứt,CHỬI BỚI,,0.4978
Thái độ phục vụ siêu xịn sò ạ,SẠCH,,0.5408
"Cái chỗ này tráo trở, lừa đảo ngay",KÍCH ĐỘNG,,0.7584
Phục vụ bẩn như shit,CHỬI BỚI,,0.9542
Wifi thối như bò,CHỬI BỚI,,0.5322
Bác bảo vệ vô cùng xịn sò :)),SẠCH,,0.8533
"Tuyển dụng làm online, ib zalo 0723094040",SPAM,,0.9997
bố láo Khách sạn làm ăn chán đời,CHỬI BỚI,,0.9302
Chủ shop dở như bẹn,CHỬI BỚI,,0.852
Đồ ăn vô cùng đẳng cấp.,SẠCH,,0.9927
Nhà vệ sinh phục vụ như bò,CHỬI BỚI,,0.6542
Con mèo của chủ quán thông minh lắm,SẠCH,,0.476
Điều hòa chán như bẹn,CHỬI BỚI,,0.9524
Con mụ chủ bẩn như bò,CHỬI BỚI,,0.982
Tiện nghi cực kỳ tiện lợi :)),SẠCH,,0.9879
Bọn nhân viên ngu như lợn,CHỬI BỚI,,0.9887
Bác bảo vệ thực sự nhiệt tình :)),SẠCH,,0.9802
Ban công cực kỳ nhanh nhẹn ^^,SẠCH,,0.9846
Mọi thứ siêu sạch sẽ thực sự,SẠCH,,0.9956
Ib ngay 0884758806 để tư vấn,SPAM,,0.975
Điều hòa chán như cứt,CHỬI BỚI,,0.9128
Món ăn tệ như cứt,CHỬI BỚI,,0.7932
"Thằng quản lý gian manh, kiện ngay",KÍCH ĐỘNG,,0.9885
Hotline 0740942517 để vay vốn,SPAM,,0.9932
Vị trí tương đối đẳng cấp.,SẠCH,,0.9758
đm Bọn nhân viên biến đi,CHỬI BỚI,,0.8663
Trải nghiệm tương đối ok.,SẠCH,,0.9844
Phục vụ dở như hạch,CHỬI BỚI,,0.8034
Dịch vụ dơ dáy,CHỬI BỚI,,0.8846
Tư vấn 0550845130 để tư vấn,SPAM,,0.9892
Anh em tránh xa bọn này,KÍCH ĐỘNG,,0.4973
bố láo Wifi biến đi,CHỬI BỚI,,0.8213
Cái chỗ này phục vụ như hạch,CHỬI BỚI,,0.6549
Dịch vụ nhìn như l*n,CHỬI BỚI,,0.9137
Vị trí khá thân thiện ạ,SẠCH,,0.994
Nhà vệ sinh ngu như rác rưởi,CHỬI BỚI,,0.5976
Truy cập http://bet58.com xem hàng,SPAM,,0.9973
"Tuyển dụng việc nhẹ, ib zalo 0768572469",SPAM,,0.9997
Bác bảo vệ trông đẹp nha,SẠCH,,0.9886
Con mụ chủ phục vụ như rác rưởi,CHỬI BỚI,,0.9701
Đồ ăn rất ok nha,SẠCH,,0.9958
khốn nạn Hệ thống dẹp tiệm đi,CHỬI BỚI,,0.7332
Điều hòa chán như đống phân,CHỬI BỚI,,0.9608
Homestay đặc biệt thân thiện ^^,SẠCH,,0.9936
Phục vụ thối hoắc,CHỬI BỚI,,0.5354
ngu vãi Con mụ chủ ngu không tả được,CHỬI BỚI,,0.9855
Vị trí thấy hài lòng nha,SẠCH,,0.9942
Món ăn ngu như c*c,CHỬI BỚI,,0.7053
Anh chủ cảm thấy đẹp <3,SẠCH,,0.9961
Cô lao công vô cùng lung linh lắm luôn,SẠCH,,0.982
Khách sạn phục vụ như bò,CHỬI BỚI,,0.6841
Nước nóng trông tuyệt vời.,SẠCH,,0.9889
Cô lao công cực kỳ tiện lợi <3,SẠCH,,0.9926
CSKH làm ăn như lợn,CHỬI BỚI,,0.5135
Lễ tân thối như đầu bùi,CHỬI BỚI,,0.8371
Phòng ốc quá là nhiệt tình :)),SẠCH,,0.9951
Cô lao công tương đối lung linh :)),SẠCH,,0.9774
Khách sạn thực sự chill <3,SẠCH,,0.9944
Bọn nhân viên tệ như cứt,CHỬI BỚI,,0.9837
Khách sạn trông dễ thương :)),SẠCH,,0.9947
Homestay siêu sang chảnh ạ,SẠCH,,0.9924
Đồ ăn tương đối yên tĩnh hihi,SẠCH,,0.9874
"Thằng quản lý tráo trở, tẩy chay ngay",KÍCH ĐỘNG,,0.9842
Cách bài trí trông sang chảnh.,SẠCH,,0.9612
Lễ tân như l*n,CHỬI BỚI,,0.8574
Bể bơi siêu lung linh ^^,SẠCH,,0.9917
Đồ ăn thực sự sang chảnh <3,SẠCH,,0.9954
Thái độ tệ như c*c,CHỬI BỚI,,0.804
đéo Con mụ chủ dẹp tiệm đi,CHỬI BỚI,,0.5945
Không gian quá là đáng tiền thực sự,SẠCH,,0.9672
Dịch vụ chảnh chó,CHỬI BỚI,,0.9149
Truy cập http://sex11.com xem hàng,SPAM,,0.9764
Cách bài trí tương đối hài lòng.,SẠCH,,0.994
Điều hòa nhìn như cc,CHỬI BỚI,,0.9772
Ib ngay 0536533425 để nhận quà,SPAM,,0.9451
Resort nhìn xuất sắc.,SẠCH,,0.9935
"Nhà vệ sinh gian manh, report ngay",KÍCH ĐỘNG,,0.6316
"Tuyển dụng làm online, ib zalo 0370087856",SPAM,,0.9997
Truy cập http://bet56.com xem hàng,SPAM,,0.9971
Truy cập http://sex19.com xem hàng,SPAM,,0.964
Bữa sáng đặc biệt rộng rãi :)),SẠCH,,0.9922
Cách làm ăn ngu như bẹn,CHỬI BỚI,,0.8413
Mọi thứ cảm thấy ok ^^,SẠCH,,0.9947
Hỗ trợ 0764331737 để vay vốn,SPAM,,0.9966
"Tuyển dụng làm online, ib zalo 0689370940",SPAM,,0.9997
"Cách làm ăn lừa đảo, đòi lại tiền ngay",KÍCH ĐỘNG,,0.9988
Cái chỗ này ngu như bò,CHỬI BỚI,,0.964
ngu vãi Con mụ chủ biến đi,CHỬI BỚI,,0.978
Nhà vệ sinh thối như shit,CHỬI BỚI,,0.9297
Lễ tân dở như shit,CHỬI BỚI,,0.7322
"Hệ thống gian manh, cẩn thận bị lừa ngay",KÍCH ĐỘNG,,0.6485
óc chó Phục vụ làm ăn chán đời,CHỬI BỚI,,0.9727
Con chó của chủ quán lanh lợi ghê,SẠCH,,0.8967
bố láo Ship hàng làm ăn chán đời,CHỬI BỚI,,0.9435
Cách bài trí thấy ok lắm luôn,SẠCH,,0.9953
óc chó Cái chỗ này ngu không tả được,CHỬI BỚI,,0.9896
Tiện nghi nhìn tận tâm!,SẠCH,,0.9606
"Tuyển dụng việc nhẹ, ib zalo 0341418091",SPAM,,0.9997
Hỗ trợ 0524235623 để tư vấn,SPAM,,0.9038
"Tuyển dụng làm online, ib zalo 0913169831",SPAM,,0.9997
Truy cập http://bet21.com xem hàng,SPAM,,0.9955
Con mụ chủ chán như cc,CHỬI BỚI,,0.9847
tổ cha Thằng quản lý biến đi,CHỬI BỚI,,0.9867
Chị lễ tân siêu tiện lợi nhé,SẠCH,,0.9934
"Lễ tân lừa đảo, lừa đảo ngay",KÍCH ĐỘNG,,0.8779
Ship hàng thối như chó,CHỬI BỚI,,0.9549
Vị trí phải nói là ấm cúng nhé,SẠCH,,0.9717
Tiện nghi quá là thân thiện thực sự,SẠCH,,0.9916
Khách sạn như lợn,CHỬI BỚI,,0.9144
Dịch vụ cảm thấy nhiệt tình thực sự,SẠCH,,0.9581
"Lễ tân lừa đảo, tẩy chay ngay",KÍCH ĐỘNG,,0.7952
CSKH phục vụ như bò,CHỬI BỚI,,0.9086
Con mèo nhà này quấn người quá,SẠCH,,0.6443
Nước nóng cảm thấy ấm cúng ^^,SẠCH,,0.98
Nước nóng vô cùng ngon :)),SẠCH,,0.9951
Nước nóng trông tốt.,SẠCH,,0.9676
Nhắn tin 0995296442 để vay vốn,SPAM,,0.9825
Điều hòa dở như l*n,CHỬI BỚI,,0.7887
Con mụ chủ bẩn như hạch,CHỬI BỚI,,0.9844
"Món ăn lừa đảo, bóc phốt ngay",KÍCH ĐỘNG,,0.9431
"Tuyển dụng việc nhẹ, ib zalo 0485058521",SPAM,,0.9997
mất dạy Cách làm ăn biến đi,CHỬI BỚI,,0.5798
Liên hệ 0650419857 để nhận quà,SPAM,,0.9918
Chủ shop ngu như lợn,CHỬI BỚI,,0.8945
Bữa sáng vô cùng nhiệt tình ^^,SẠCH,,0.9948
Cách làm ăn thối như c*c,CHỬI BỚI,,0.8208
"Tuyển dụng làm online, ib zalo 0783998008",SPAM,,0.9997
Quán này bẩn như cc,CHỬI BỚI,,0.5982
Con cún của chủ quán hiền khô lắm,SẠCH,,0.6011
Giường cảm thấy chu đáo :)),SẠCH,,0.9939
Cái chỗ này như cặc,CHỬI BỚI,,0.9443
Phòng ốc siêu sạch sẽ!,SẠCH,,0.989
"Wifi lừa đảo, report ngay",KÍCH ĐỘNG,,0.6937
Truy cập http://sex23.com nhận 100k,SPAM,,0.9674
Thằng quản lý như hạch,CHỬI BỚI,,0.9915
Chủ shop như l*n,CHỬI BỚI,,0.7704
mất dạy Nhà vệ sinh làm ăn chán đời,CHỬI BỚI,,0.8699
Quán này ngu như chó,CHỬI BỚI,,0.6853
Thằng quản lý dở như đầu bùi,CHỬI BỚI,,0.9916
"Tuyển dụng làm online, ib zalo 0318579278",SPAM,,0.9997
tiên sư Thằng quản lý ngu không tả được,CHỬI BỚI,,0.9911
Tiện nghi cực kỳ ngon :)),SẠCH,,0.9928
"Lễ tân gian manh, tránh xa ngay",KÍCH ĐỘNG,,0.912
"Hệ thống gian manh, báo công an ngay",KÍCH ĐỘNG,,0.6266
Liên hệ 0785092530 để tư vấn,SPAM,,0.9108
Vị trí thực sự chill <3,SẠCH,,0.9959
Con mụ chủ bẩn thỉu,CHỬI BỚI,,0.9845
chó chết Con mụ chủ làm ăn chán đời,CHỬI BỚI,,0.9749
Bác bảo vệ nhìn tiện lợi thực sự,SẠCH,,0.9935
"Nhà vệ sinh tráo trở, treo đầu dê bán thịt chó ngay",KÍCH ĐỘNG,,0.5884
Wifi đặc biệt ổn áp lắm luôn,SẠCH,,0.9944
Truy cập http://soicau86.com xem hàng,SPAM,,0.9908
Khách sạn thối như hạch,CHỬI BỚI,,0.5816
Lễ tân tệ như bẹn,CHỬI BỚI,,0.9354
Quán này nhìn như cc,CHỬI BỚI,,0.9405
Con mụ chủ bẩn như shit,CHỬI BỚI,,0.9862
Truy cập http://vay78.com xem hàng,SPAM,,0.99
Cách bài trí cảm thấy tuyệt vời hihi,SẠCH,,0.996
Chủ quán rất chu đáo :)),SẠCH,,0.9892
Nhà vệ sinh tệ như shit,CHỬI BỚI,,0.8917
đéo CSKH biến đi,CHỬI BỚI,,0.8786
"Thái độ gian manh, tránh xa ngay",KÍCH ĐỘNG,,0.5
"Tuyển dụng việc nhẹ, ib zalo 0452311178",SPAM,,0.9997
Dịch vụ cực kỳ ổn áp lắm luôn,SẠCH,,0.9225
Tiện nghi thực sự rộng rãi nha,SẠCH,,0.9901
Giường tương đối rộng rãi thực sự,SẠCH,,0.9822
"Thái độ tráo trở, cạch mặt ngay",KÍCH ĐỘNG,,0.619
Chị lễ tân thực sự ngon ạ,SẠCH,,0.9955
Chủ quán siêu xịn sò ạ,SẠCH,,0.9258
Đồ ăn tương đối ngon ạ,SẠCH,,0.993
khốn nạn Khách sạn ngu không tả được,CHỬI BỚI,,0.6875
Resort siêu xịn sò lắm luôn,SẠCH,,0.9586
Cách làm ăn ngu như rác rưởi,CHỬI BỚI,,0.5246
Tư vấn 0815683793 để vay vốn,SPAM,,0.9989
Cô lao công cực kỳ lung linh thực sự,SẠCH,,0.9905
đm Wifi biến đi,CHỬI BỚI,,0.9505
Thái độ nhìn như rác rưởi,CHỬI BỚI,,0.8677
Mọi thứ đặc biệt tiện lợi nhé,SẠCH,,0.9906
Ban công phải nói là yên tĩnh <3,SẠCH,,0.9952
Anh chủ siêu dễ thương lắm luôn,SẠCH,,0.9925
Trải nghiệm hơi bị chuyên nghiệp hihi,SẠCH,,0.9925
Phòng ốc hơi bị dễ thương thực sự,SẠCH,,0.9947
Con mụ chủ chán như đống phân,CHỬI BỚI,,0.9871
Anh chủ siêu thơm tho ^^,SẠCH,,0.9942
Bữa sáng quá là thơm tho :)),SẠCH,,0.9953
Nhân viên quá là thoáng mát nha,SẠCH,,0.995
Tiện nghi hơi bị chill nhé,SẠCH,,0.9843
Bữa sáng cực kỳ yên tĩnh nha,SẠCH,,0.9931
bố láo Cái chỗ này biến đi,CHỬI BỚI,,0.8885
vcl Bọn nhân viên ngu không tả được,CHỬI BỚI,,0.8994
Nhân viên trông tiện lợi ạ,SẠCH,,0.9327
Con mụ chủ dở như đống phân,CHỬI BỚI,,0.9863
Ship hàng thối như cứt,CHỬI BỚI,,0.939
Wifi tương đối đẳng cấp ạ,SẠCH,,0.9947
Chị lễ tân hơi bị đẳng cấp!,SẠCH,,0.4962
Tiện nghi vô cùng ngon nhé,SẠCH,,0.9937
Tiện nghi cảm thấy chuyên nghiệp ạ,SẠCH,,0.9895
Con chó của chủ quán quấn người ghê,SẠCH,,0.5261
"Tuyển dụng việc nhẹ, ib zalo 0360257280",SPAM,,0.9997
Dịch vụ cực kỳ thoáng mát hihi,SẠCH,,0.9932
"Tuyển dụng làm online, ib zalo 0383800209",SPAM,,0.9997
Dịch vụ vô cùng thơm tho :)),SẠCH,,0.9956
Chủ quán quá là dễ thương :)),SẠCH,,0.9935
Dịch vụ tệ như hạch,CHỬI BỚI,,0.8416
Đồ ăn nhìn sạch sẽ :)),SẠCH,,0.9907
View đặc biệt thân thiện nhé,SẠCH,,0.9958
"Tuyển dụng làm online, ib zalo 0737241715",SPAM,,0.9997
CSKH như đống phân,CHỬI BỚI,,0.5616
Chủ quán trông đẳng cấp.,SẠCH,,0.8565
Nhà vệ sinh quá là thân thiện lắm luôn,SẠCH,,0.9947
Cô lao công tương đối rộng rãi <3,SẠCH,,0.9929
Phục vụ làm ăn như lợn,CHỬI BỚI,,0.6272
Lễ tân chán như shit,CHỬI BỚI,,0.8933
Wifi thối hoắc,CHỬI BỚI,,0.861
Anh chủ thực sự sang chảnh.,SẠCH,,0.9633
mất dạy Thằng quản lý dẹp tiệm đi,CHỬI BỚI,,0.9808
"Con mụ chủ tráo trở, đừng mua ngay",KÍCH ĐỘNG,,0.9787
đéo Món ăn làm ăn chán đời,CHỬI BỚI,,0.9765
"Tuyển dụng việc nhẹ, ib zalo 0486930774",SPAM,,0.9997
Con mụ chủ làm ăn như hạch,CHỬI BỚI,,0.9895
Hotline 0745237445 để kết bạn,SPAM,,0.8885
"Tuyển dụng việc nhẹ, ib zalo 0887774095",SPAM,,0.9997
Phục vụ hãm lờ,CHỬI BỚI,,0.8351
Call 0987301354 để tư vấn,SPAM,,0.9782
Wifi bẩn như quần què,CHỬI BỚI,,0.9574
Con mụ chủ ngu như đống phân,CHỬI BỚI,,0.9892
View cực kỳ yên tĩnh nhé,SẠCH,,0.9926
Trải nghiệm trông ấm cúng thực sự,SẠCH,,0.9894
Bọn nhân viên thối như l*n,CHỬI BỚI,,0.9911
khốn nạn Món ăn ngu không tả được,CHỬI BỚI,,0.7849
Giường rất ok.,SẠCH,,0.9944
Nhân viên thực sự xuất sắc hihi,SẠCH,,0.9461
ngu vãi Điều hòa dẹp tiệm đi,CHỬI BỚI,,0.9689
Vị trí hơi bị yên tĩnh nhé,SẠCH,,0.973
Resort đặc biệt thoáng mát.,SẠCH,,0.9918
mẹ kiếp Cách làm ăn ngu không tả được,CHỬI BỚI,,0.9819
Con mụ chủ dở như cc,CHỬI BỚI,,0.9815
"Tuyển dụng làm online, ib zalo 0493154564",SPAM,,0.9997
Ship hàng ngu như c*c,CHỬI BỚI,,0.7494
Bác bảo vệ cảm thấy xịn sò thực sự,SẠCH,,0.7782
Món ăn chán như hạch,CHỬI BỚI,,0.8373
Cách bài trí thấy nhanh nhẹn.,SẠCH,,0.9704
Không gian khá hài lòng nha,SẠCH,,0.9959
Phòng ốc cực kỳ yên tĩnh hihi,SẠCH,,0.9937
Mọi thứ đặc biệt thơm tho <3,SẠCH,,0.996
Điều hòa vô cùng tốt hihi,SẠCH,,0.9952
"Con mụ chủ gian manh, dối trá ngay",KÍCH ĐỘNG,,0.9874
Giường hơi bị đẹp ạ,SẠCH,,0.9873
View cực kỳ thân thiện ^^,SẠCH,,0.9952
Quán này như hạch,CHỬI BỚI,,0.6236
Cách làm ăn như hạch,CHỬI BỚI,,0.7694
Call 0511770922 để kết bạn,SPAM,,0.9901
Anh chủ rất xuất sắc ạ,SẠCH,,0.9905
Khách sạn nhìn như rác rưởi,CHỬI BỚI,,0.4867
"Tuyển dụng làm online, ib zalo 0912062873",SPAM,,0.9997
"Hệ thống tráo trở, báo công an ngay",KÍCH ĐỘNG,,0.641
Ship hàng bẩn như cứt,CHỬI BỚI,,0.9316
Chủ shop thối như shit,CHỬI BỚI,,0.6983
ngu vãi Quán này dẹp tiệm đi,CHỬI BỚI,,0.9141
bố láo Hệ thống ngu không tả được,CHỬI BỚI,,0.9902
Điều hòa ngu như rác rưởi,CHỬI BỚI,,0.7724
ngu vãi Dịch vụ dẹp tiệm đi,CHỬI BỚI,,0.9484
Trải nghiệm thực sự thân thiện ạ,SẠCH,,0.9953
Truy cập http://sex16.com xem hàng,SPAM,,0.9708
Điều hòa phục vụ như l*n,CHỬI BỚI,,0.5348
Cô lao công rất xuất sắc.,SẠCH,,0.9868
Chủ quán thấy sạch sẽ!,SẠCH,,0.9733
Ib ngay 0952541799 để nhận quà,SPAM,,0.9803
óc chó Hệ thống ngu không tả được,CHỬI BỚI,,0.9913
Cái chỗ này phục vụ như l*n,CHỬI BỚI,,0.8327
Thái độ nhìn như shit,CHỬI BỚI,,0.868
"Tuyển dụng làm online, ib zalo 0959339274",SPAM,,0.9996
Wifi đặc biệt chu đáo hihi,SẠCH,,0.9959
"Tuyển dụng việc nhẹ, ib zalo 0566303295",SPAM,,0.9997
Không gian thấy ổn áp hihi,SẠCH,,0.9959
mất dạy Khách sạn ngu không tả được,CHỬI BỚI,,0.8696
"Wifi lừa đảo, cẩn thận bị lừa ngay",KÍCH ĐỘNG,,0.6101
Cái chỗ này dở như hạch,CHỬI BỚI,,0.7186
Resort vô cùng chuyên nghiệp hihi,SẠCH,,0.9958
Nước nóng thực sự xuất sắc <3,SẠCH,,0.9955
Vị trí vô cùng yên tĩnh lắm luôn,SẠCH,,0.9895
Vị trí thực sự xuất sắc lắm luôn,SẠCH,,0.994
Món ăn thối như c*c,CHỬI BỚI,,0.9702
Tiện nghi đặc biệt tuyệt vời hihi,SẠCH,,0.9943
Con chó của chủ quán dễ thương quá,SẠCH,,0.4779
"CSKH gian manh, bóc phốt ngay",KÍCH ĐỘNG,,0.9753
"Điều hòa lừa đảo, tránh xa ngay",KÍCH ĐỘNG,,0.623
"Tuyển dụng việc nhẹ, ib zalo 0348189004",SPAM,,0.9997
"Tuyển dụng việc nhẹ, ib zalo 0523554423",SPAM,,0.9997
View trông chill thực sự,SẠCH,,0.9956
Thái độ phục vụ nhìn sạch sẽ ạ,SẠCH,,0.9821
Bọn nhân viên phục vụ như rác rưởi,CHỬI BỚI,,0.7654
Truy cập http://vay74.com nhận khuyến mãi,SPAM,,0.9925
Truy cập http://bet74.com xem hàng,SPAM,,0.9961
Tiện nghi phải nói là lung linh.,SẠCH,,0.8665
đéo Lễ tân biến đi,CHỬI BỚI,,0.9737
Không gian cực kỳ rộng rãi lắm luôn,SẠCH,,0.9873
"Cách làm ăn tráo trở, làm ăn bố láo ngay",KÍCH ĐỘNG,,0.7008
Cách bài trí vô cùng sang chảnh.,SẠCH,,0.9775
Khách sạn bẩn như hạch,CHỬI BỚI,,0.5851
"Tuyển dụng việc nhẹ, ib zalo 0517353832",SPAM,,0.9997
đm Phục vụ biến đi,CHỬI BỚI,,0.9633
Wifi tệ như rác rưởi,CHỬI BỚI,,0.659
Cách làm ăn chán như lợn,CHỬI BỚI,,0.8183
khốn nạn Wifi ngu không tả được,CHỬI BỚI,,0.5721
Truy cập http://bet86.com nhận 100k,SPAM,,0.9765
Truy cập http://soicau84.com nhận 100k,SPAM,,0.9871
Dịch vụ phải nói là tốt.,SẠCH,,0.9878
Ship hàng tệ như c*c,CHỬI BỚI,,0.9715
Bể bơi cảm thấy tốt ^^,SẠCH,,0.9848
Ib ngay 0541153561 để nhận quà,SPAM,,0.9917
"Tuyển dụng việc nhẹ, ib zalo 0975887171",SPAM,,0.9997
"Tuyển dụng việc nhẹ, ib zalo 0628534408",SPAM,,0.9997
Trải nghiệm nhìn yên tĩnh ạ,SẠCH,,0.9947
Trải nghiệm vô cùng sạch sẽ thực sự,SẠCH,,0.9954
Trải nghiệm trông xịn sò lắm luôn,SẠCH,,0.8456
Truy cập http://bet68.com nhận 100k,SPAM,,0.975
Chủ shop thối như quần què,CHỬI BỚI,,0.7766
đm Bọn nhân viên dẹp tiệm đi,CHỬI BỚI,,0.662
Wifi dơ dáy,CHỬI BỚI,,0.9576
Chị lễ tân cảm thấy đẹp lắm luôn,SẠCH,,0.9953
óc chó Dịch vụ biến đi,CHỬI BỚI,,0.9672
Wifi làm ăn như cc,CHỬI BỚI,,0.976
Dịch vụ thấy đáng tiền :)),SẠCH,,0.9936
chó chết Thái độ làm ăn chán đời,CHỬI BỚI,,0.7838
Nhà vệ sinh trông tốt hihi,SẠCH,,0.9926
Tiện nghi khá ấm cúng!,SẠCH,,0.9633
Call 0990531691 để kết bạn,SPAM,,0.9876
"Thằng quản lý tráo trở, lừa đảo ngay",KÍCH ĐỘNG,,0.9805
Hotline 0967948618 để kết bạn,SPAM,,0.9571
đéo Món ăn ngu không tả được,CHỬI BỚI,,0.9502
Truy cập http://vay96.com xem hàng,SPAM,,0.9916
Hotline 0858658651 để tư vấn,SPAM,,0.9428
Dịch vụ như cc,CHỬI BỚI,,0.9586
Thái độ làm ăn như cứt,CHỬI BỚI,,0.7475
Vị trí rất chuyên nghiệp ạ,SẠCH,,0.9927
Món ăn tệ như bò,CHỬI BỚI,,0.5224
"Điều hòa tráo trở, bóc phốt ngay",KÍCH ĐỘNG,,0.5433
Con mèo nhà này hiền khô quá,SẠCH,,0.6999
Dịch vụ nhìn tận tâm hihi,SẠCH,,0.9905
"Khách sạn lừa đảo, bóc phốt ngay",KÍCH ĐỘNG,,0.8686
CSKH nhìn như c*c,CHỬI BỚI,,0.7319
Hotline 0817007907 để vay vốn,SPAM,,0.9973
Trải nghiệm phải nói là tiện lợi thực sự,SẠCH,,0.9881
Cô lao công đặc biệt đẳng cấp ^^,SẠCH,,0.8852
mẹ kiếp Dịch vụ dẹp tiệm đi,CHỬI BỚI,,0.8083
Thái độ phục vụ vô cùng ấm cúng hihi,SẠCH,,0.9888
vcl Ship hàng dẹp tiệm đi,CHỬI BỚI,,0.9799
Mọi người report cái cái bọn lừa đảo này nhé,KÍCH ĐỘNG,,0.9754
Mọi thứ khá ok <3,SẠCH,,0.9958
tiên sư Thằng quản lý biến đi,CHỬI BỚI,,0.9682
Anh chủ cực kỳ xuất sắc ^^,SẠCH,,0.9898
Dịch vụ thấy tận tâm nha,SẠCH,,0.9803
Cách làm ăn như đống phân,CHỬI BỚI,,0.9497
Dịch vụ làm ăn như rác rưởi,CHỬI BỚI,,0.8648
Truy cập http://soicau31.com nhận khuyến mãi,SPAM,,0.9908
Truy cập http://sex63.com nhận 100k,SPAM,,0.9749
Bữa sáng quá là hài lòng!,SẠCH,,0.9949
Ban công quá là sang chảnh lắm luôn,SẠCH,,0.9947
Con mụ chủ như bò,CHỬI BỚI,,0.9792
Hotline 0860774466 để nhận quà,SPAM,,0.9618
Thằng quản lý như cặc,CHỬI BỚI,,0.985
Chủ quán cực kỳ thoáng mát lắm luôn,SẠCH,,0.9778
Wifi làm ăn như bẹn,CHỬI BỚI,,0.9636
Nhà vệ sinh phải nói là đáng tiền ^^,SẠCH,,0.8829
đm Điều hòa ngu không tả được,CHỬI BỚI,,0.6164
"Tuyển dụng làm online, ib zalo 0395806977",SPAM,,0.9996
Quán này làm ăn như chó,CHỬI BỚI,,0.7657
Con chó nhà này dễ thương quá,SẠCH,,0.9125
Cô lao công cực kỳ đáng tiền :)),SẠCH,,0.9933
Tiện nghi rất thơm tho ^^,SẠCH,,0.9903
Phục vụ dở như lợn,CHỬI BỚI,,0.8155
tiên sư Con mụ chủ ngu không tả được,CHỬI BỚI,,0.9821
Mọi người cẩn thận bị lừa cái chỗ này nhé,KÍCH ĐỘNG,,0.7469
Tư vấn 0981835943 để nhận quà,SPAM,,0.9581
Thái độ làm ăn như cc,CHỬI BỚI,,0.6967
bố láo Thái độ làm ăn chán đời,CHỬI BỚI,,0.9403
Con mụ chủ ngu như lợn,CHỬI BỚI,,0.9876
CSKH chảnh chó,CHỬI BỚI,,0.9789
Cả nhà tránh xa quán này,KÍCH ĐỘNG,,0.698
Nhân viên cực kỳ lung linh hihi,SẠCH,,0.9586
"Tuyển dụng việc nhẹ, ib zalo 0418961496",SPAM,,0.9997
Homestay cực kỳ thân thiện lắm luôn,SẠCH,,0.9945
Giường cực kỳ tốt nhé,SẠCH,,0.9954
Bọn nhân viên như c*c,CHỬI BỚI,,0.9838
Bác bảo vệ vô cùng ngon!,SẠCH,,0.9818
"Dịch vụ lừa đảo, làm ăn bố láo ngay",KÍCH ĐỘNG,,0.8637
"Tuyển dụng làm online, ib zalo 0795033452",SPAM,,0.9997
Homestay thực sự thơm tho nha,SẠCH,,0.9946
Cái chỗ này thối như hạch,CHỬI BỚI,,0.6583
"Món ăn lừa đảo, tránh xa ngay",KÍCH ĐỘNG,,0.5928
đéo Chủ shop làm ăn chán đời,CHỬI BỚI,,0.9604
tổ cha Chủ shop dẹp tiệm đi,CHỬI BỚI,,0.4901
Homestay cảm thấy tuyệt vời thực sự,SẠCH,,0.9948
Chủ shop làm ăn như bò,CHỬI BỚI,,0.9546
Hỗ trợ 0324376333 để vay vốn,SPAM,,0.9971
Mọi thứ tương đối tận tâm <3,SẠCH,,0.9956
Truy cập http://vay69.com xem hàng,SPAM,,0.9868
Phục vụ nhìn như l*n,CHỬI BỚI,,0.9174
Ban công thấy xịn sò hihi,SẠCH,,0.9709
Truy cập http://vay49.com xem hàng,SPAM,,0.9905
Chị lễ tân đặc biệt tiện lợi ^^,SẠCH,,0.9903
Nhà vệ sinh như quần què,CHỬI BỚI,,0.828
Cách bài trí thực sự sạch sẽ thực sự,SẠCH,,0.9926
Trải nghiệm cảm thấy sạch sẽ ^^,SẠCH,,0.9895
"Tuyển dụng làm online, ib zalo 0454665630",SPAM,,0.9997
Lễ tân làm ăn như bò,CHỬI BỚI,,0.7829
"Hệ thống lừa đảo, báo công an ngay",KÍCH ĐỘNG,,0.5766
Thái độ tệ như đống phân,CHỬI BỚI,,0.9063
Bọn nhân viên thối như bò,CHỬI BỚI,,0.9918
Món ăn chán như rác rưởi,CHỬI BỚI,,0.8658
Cô lao công cảm thấy chill!,SẠCH,,0.9926
chó chết Thằng quản lý dẹp tiệm đi,CHỬI BỚI,,0.9209
"CSKH tráo trở, gian dối ngay",KÍCH ĐỘNG,,0.9569
"Tuyển dụng làm online, ib zalo 0751890841",SPAM,,0.9996
Ship hàng như cứt,CHỬI BỚI,,0.8972
Truy cập http://sex21.com nhận khuyến mãi,SPAM,,0.9607
chó chết Dịch vụ làm ăn chán đời,CHỬI BỚI,,0.8549
Truy cập http://sex41.com nhận khuyến mãi,SPAM,,0.9667
óc chó Chủ shop ngu không tả được,CHỬI BỚI,,0.9899
Giường thấy đáng tiền lắm luôn,SẠCH,,0.9936
vcl Ship hàng biến đi,CHỬI BỚI,,0.974
Chị lễ tân cực kỳ nhiệt tình hihi,SẠCH,,0.9932
"Tuyển dụng việc nhẹ, ib zalo 0531287924",SPAM,,0.9997
Ban công vô cùng hài lòng lắm luôn,SẠCH,,0.9958
Ban công khá thân thiện hihi,SẠCH,,0.9957
"Tuyển dụng việc nhẹ, ib zalo 0577102758",SPAM,,0.9997
"Chủ shop tráo trở, cẩn thận bị lừa ngay",KÍCH ĐỘNG,,0.5658
óc chó Cái chỗ này dẹp tiệm đi,CHỬI BỚI,,0.9749
Resort quá là xuất sắc lắm luôn,SẠCH,,0.9959
Phục vụ nhìn như bẹn,CHỬI BỚI,,0.9547
Khách sạn tệ như c*c,CHỬI BỚI,,0.9525
Ship hàng ngu như đống phân,CHỬI BỚI,,0.852
Chị lễ tân cực kỳ đẹp :)),SẠCH,,0.9933
Ban công cực kỳ thơm tho!,SẠCH,,0.9952
óc chó Món ăn dẹp tiệm đi,CHỬI BỚI,,0.686
Món ăn như bò,CHỬI BỚI,,0.6571
Điều hòa nhìn như chó,CHỬI BỚI,,0.9278
"Tuyển dụng làm online, ib zalo 0524112935",SPAM,,0.9997
Giường đặc biệt đẳng cấp.,SẠCH,,0.9801
Bọn nhân viên nhìn như l*n,CHỬI BỚI,,0.8956
Bể bơi trông đáng tiền nha,SẠCH,,0.9894
Thái độ phục vụ nhìn thoáng mát!,SẠCH,,0.9769
Cái chỗ này dở như bẹn,CHỬI BỚI,,0.7155
Truy cập http://bet10.com nhận khuyến mãi,SPAM,,0.9981
Phòng ốc cảm thấy tuyệt vời nhé,SẠCH,,0.9952
"Tuyển dụng việc nhẹ, ib zalo 0969582518",SPAM,,0.9997
"Cách làm ăn lừa đảo, gian dối ngay",KÍCH ĐỘNG,,0.852
Resort trông nhiệt tình ạ,SẠCH,,0.9955
Hotline 0657837873 để tư vấn,SPAM,,0.9365
Bữa sáng cực kỳ nhanh nhẹn :)),SẠCH,,0.9945
"Tuyển dụng làm online, ib zalo 0785972090",SPAM,,0.9997
Không gian vô cùng rộng rãi lắm luôn,SẠCH,,0.993
"Dịch vụ tráo trở, làm ăn bố láo ngay",KÍCH ĐỘNG,,0.6155
"Tuyển dụng làm online, ib zalo 0554666799",SPAM,,0.9997
Mọi thứ nhìn tiện lợi lắm luôn,SẠCH,,0.9933
Con chó nhà này thông minh ghê,SẠCH,,0.9747
Hệ thống như lợn,CHỬI BỚI,,0.9048
Khách sạn chán như l*n,CHỬI BỚI,,0.9453
Ban công thấy rộng rãi <3,SẠCH,,0.9953
Cách làm ăn chán như chó,CHỬI BỚI,,0.93
Shop ơi giá bao nhiêu?,SẠCH,,0.995
Resort thấy sang chảnh nha,SẠCH,,0.9946
Chủ shop phục vụ như lợn,CHỬI BỚI,,0.5088
Không gian nhìn đẹp hihi,SẠCH,,0.9936
óc chó Wifi ngu không tả được,CHỬI BỚI,,0.9911
"Tuyển dụng việc nhẹ, ib zalo 0961991900",SPAM,,0.9997
Nước nóng đặc biệt rộng rãi ^^,SẠCH,,0.9009
Cách làm ăn bẩn như lợn,CHỬI BỚI,,0.7839
"Bọn nhân viên gian manh, tẩy chay ngay",KÍCH ĐỘNG,,0.9885
Wifi phải nói là đáng tiền ^^,SẠCH,,0.963
"Khách sạn gian manh, làm ăn bố láo ngay",KÍCH ĐỘNG,,0.6541
"Con mụ chủ gian manh, report ngay",KÍCH ĐỘNG,,0.9656
Truy cập http://sex73.com nhận khuyến mãi,SPAM,,0.9681
"Lễ tân lừa đảo, treo đầu dê bán thịt chó ngay",KÍCH ĐỘNG,,0.9129
óc chó Cách làm ăn làm ăn chán đời,CHỬI BỚI,,0.9825
Không gian cảm thấy chuyên nghiệp thực sự,SẠCH,,0.9931
Đồ ăn vô cùng ok ạ,SẠCH,,0.9957
Điều hòa đặc biệt yên tĩnh :)),SẠCH,,0.9941
Phục vụ tệ như l*n,CHỬI BỚI,,0.7934
Con chó nhà này đáng yêu lắm,SẠCH,,0.7665
Món ăn tệ như cc,CHỬI BỚI,,0.9699
"Ship hàng gian manh, cẩn thận bị lừa ngay",KÍCH ĐỘNG,,0.7175
Bữa sáng cảm thấy tiện lợi hihi,SẠCH,,0.9942
Truy cập http://soicau83.com xem hàng,SPAM,,0.9906
Anh chủ quá là tốt ^^,SẠCH,,0.9898
Thái độ phục vụ cảm thấy dễ thương thực sự,SẠCH,,0.9885
Chị lễ tân tương đối đáng tiền lắm luôn,SẠCH,,0.9939
Truy cập http://vay19.com nhận khuyến mãi,SPAM,,0.9919
Ban công thực sự ngon :)),SẠCH,,0.9942
Dịch vụ như cứt,CHỬI BỚI,,0.893
Thái độ bẩn như l*n,CHỬI BỚI,,0.7432
Bác bảo vệ nhìn đáng tiền nha,SẠCH,,0.9931
Giường thấy xuất sắc hihi,SẠCH,,0.992
Giường vô cùng ấm cúng!,SẠCH,,0.9943
Tư vấn 0917059039 để tư vấn,SPAM,,0.9375
Điều hòa quá là chuyên nghiệp nhé,SẠCH,,0.9961
Phòng ốc thấy chuyên nghiệp ạ,SẠCH,,0.9943
"Tuyển dụng việc nhẹ, ib zalo 0743865859",SPAM,,0.9997
Quán này bẩn như shit,CHỬI BỚI,,0.8072
Wifi rất tiện lợi!,SẠCH,,0.9934
Bể bơi đặc biệt tuyệt vời nha,SẠCH,,0.9947
Giường thực sự đẳng cấp!,SẠCH,,0.992
Hệ thống dở như c*c,CHỬI BỚI,,0.922
View hơi bị sạch sẽ lắm luôn,SẠCH,,0.9852
Cái chỗ này bẩn như c*c,CHỬI BỚI,,0.664
Cách bài trí rất tận tâm :)),SẠCH,,0.9935
Cái chỗ này như l*n,CHỬI BỚI,,0.667
Đồ ăn vô cùng xịn sò ^^,SẠCH,,0.9449
Truy cập http://bet92.com xem hàng,SPAM,,0.9934
"CSKH gian manh, treo đầu dê bán thịt chó ngay",KÍCH ĐỘNG,,0.9587
tiên sư Món ăn dẹp tiệm đi,CHỬI BỚI,,0.9455
Wifi tệ như l*n,CHỬI BỚI,,0.8532
"Món ăn gian manh, làm ăn bố láo ngay",KÍCH ĐỘNG,,0.676
mẹ kiếp Lễ tân dẹp tiệm đi,CHỬI BỚI,,0.7136
"Bọn nhân viên tráo trở, tẩy chay ngay",KÍCH ĐỘNG,,0.9491
Homestay siêu ngon thực sự,SẠCH,,0.9284
Bác bảo vệ khá chill nhé,SẠCH,,0.9805
Cả nhà tránh xa cái bọn lừa đảo này,KÍCH ĐỘNG,,0.9833
"Wifi gian manh, cạch mặt ngay",KÍCH ĐỘNG,,0.5414
Nhân viên hơi bị chu đáo nha,SẠCH,,0.9734
Thái độ phục vụ hơi bị đáng tiền hihi,SẠCH,,0.9835
Truy cập http://bet14.com nhận 100k,SPAM,,0.9634
View rất sang chảnh <3,SẠCH,,0.9958
vcl Chủ shop biến đi,CHỬI BỚI,,0.9715
Truy cập http://sex69.com xem hàng,SPAM,,0.9764
ngu vãi Wifi biến đi,CHỬI BỚI,,0.9462
Con cún nhà này cưng xỉu quá,SẠCH,,0.8772
Thái độ phục vụ rất ấm cúng :)),SẠCH,,0.9848
Ban công quá là đẳng cấp thực sự,SẠCH,,0.9948
"Tuyển dụng việc nhẹ, ib zalo 0775406531",SPAM,,0.9997
"Tuyển dụng việc nhẹ, ib zalo 0533321968",SPAM,,0.9997
Wifi thối như đống phân,CHỬI BỚI,,0.9452
Bữa sáng hơi bị tiện lợi nhé,SẠCH,,0.9903
Cách bài trí cực kỳ tiện lợi hihi,SẠCH,,0.9921
Hỗ trợ 0793803752 để kết bạn,SPAM,,0.819
Khách sạn nhìn ổn áp nha,SẠCH,,0.994
Truy cập http://soicau62.com nhận khuyến mãi,SPAM,,0.992
Cô lao công vô cùng lung linh hihi,SẠCH,,0.99
"Tuyển dụng làm online, ib zalo 0388312603",SPAM,,0.9996
Cách làm ăn làm ăn như chó,CHỬI BỚI,,0.9192
Tiện nghi trông thân thiện lắm luôn,SẠCH,,0.9904
Dịch vụ phục vụ như c*c,CHỬI BỚI,,0.9764
Bọn nhân viên bẩn như lợn,CHỬI BỚI,,0.9856
Thằng quản lý nhìn như rác rưởi,CHỬI BỚI,,0.9154
Thằng quản lý phục vụ như cc,CHỬI BỚI,,0.9882
Cách làm ăn dở như cc,CHỬI BỚI,,0.9289
Truy cập http://bet52.com nhận khuyến mãi,SPAM,,0.9976
ngu vãi Nhà vệ sinh dẹp tiệm đi,CHỬI BỚI,,0.9637
Hệ thống bẩn như cứt,CHỬI BỚI,,0.7144
Hệ thống ngu như hạch,CHỬI BỚI,,0.9844
óc chó Thái độ biến đi,CHỬI BỚI,,0.9672
Alo 0687106442 để tư vấn,SPAM,,0.9814
Phục vụ thối như bẹn,CHỬI BỚI,,0.9248
Ship hàng làm ăn như quần què,CHỬI BỚI,,0.8603
Bác bảo vệ khá chuyên nghiệp ^^,SẠCH,,0.9516
Không gian cảm thấy chuyên nghiệp.,SẠCH,,0.9804
Hỗ trợ 0954786871 để tư vấn,SPAM,,0.8426
Chủ quán thấy lung linh ^^,SẠCH,,0.9861
Con mèo nhà này thông minh quá,SẠCH,,0.9125
"Tuyển dụng việc nhẹ, ib zalo 0315850470",SPAM,,0.9997
đéo Phục vụ dẹp tiệm đi,CHỬI BỚI,,0.9759
Cô lao công quá là tuyệt vời thực sự,SẠCH,,0.9925
Cô lao công tương đối chu đáo nha,SẠCH,,0.9714
Cách bài trí quá là lung linh ^^,SẠCH,,0.9861
Nhà vệ sinh tệ như lợn,CHỬI BỚI,,0.8737
Ban công thấy yên tĩnh <3,SẠCH,,0.9957
Đồ ăn thấy tuyệt vời hihi,SẠCH,,0.9948
Mọi người tránh xa cái quán này nhé,KÍCH ĐỘNG,,0.8222
Ban công đặc biệt ok ạ,SẠCH,,0.9959
Bọn nhân viên làm ăn như cc,CHỬI BỚI,,0.9803
Con mèo của chủ quán ngoan quá,SẠCH,,0.5399
Truy cập http://soicau26.com xem hàng,SPAM,,0.9862
Dịch vụ đặc biệt ấm cúng :)),SẠCH,,0.995
Liên hệ 0536073033 để nhận quà,SPAM,,0.9782
Bể bơi cực kỳ thoáng mát <3,SẠCH,,0.9915
chó chết Con mụ chủ dẹp tiệm đi,CHỬI BỚI,,0.9247
"Bọn nhân viên lừa đảo, tẩy chay ngay",KÍCH ĐỘNG,,0.9662
Trải nghiệm vô cùng tuyệt vời!,SẠCH,,0.9917
Ban công cực kỳ xuất sắc!,SẠCH,,0.9952
Điều hòa thực sự dễ thương hihi,SẠCH,,0.9957
Bác bảo vệ rất chuyên nghiệp nha,SẠCH,,0.9683
Nhà vệ sinh thối như bẹn,CHỬI BỚI,,0.9199
Cách làm ăn phục vụ như bẹn,CHỬI BỚI,,0.6845
bố láo CSKH ngu không tả được,CHỬI BỚI,,0.9914
Chủ shop ngu như cc,CHỬI BỚI,,0.9601
óc chó Thằng quản lý làm ăn chán đời,CHỬI BỚI,,0.9916
Bữa sáng phải nói là đáng tiền lắm luôn,SẠCH,,0.9905
ngu vãi Phục vụ ngu không tả được,CHỬI BỚI,,0.9296
Resort thực sự rộng rãi nhé,SẠCH,,0.9941
ngu vãi Con mụ chủ làm ăn chán đời,CHỬI BỚI,,0.9813
Ban công siêu tiện lợi :)),SẠCH,,0.9941
Con mụ chủ làm ăn như shit,CHỬI BỚI,,0.9896
Truy cập http://bet73.com nhận 100k,SPAM,,0.9601
Nhân viên nhìn sạch sẽ hihi,SẠCH,,0.9919
Wifi ngu như rác rưởi,CHỬI BỚI,,0.5334
Homestay khá nhiệt tình nhé,SẠCH,,0.9949
Bể bơi trông thơm tho.,SẠCH,,0.989
Bữa sáng nhìn xịn sò :)),SẠCH,,0.9791
Truy cập http://sex57.com nhận khuyến mãi,SPAM,,0.8998
Cách bài trí quá là dễ thương ^^,SẠCH,,0.9942
Thái độ phục vụ khá yên tĩnh nhé,SẠCH,,0.949
Hotline 0895777328 để tư vấn,SPAM,,0.9406
CSKH làm ăn như rác rưởi,CHỬI BỚI,,0.5894
khốn nạn CSKH biến đi,CHỬI BỚI,,0.8918
Truy cập http://soicau90.com nhận khuyến mãi,SPAM,,0.9909
chó chết Cái chỗ này làm ăn chán đời,CHỬI BỚI,,0.5778
"Điều hòa tráo trở, lừa đảo ngay",KÍCH ĐỘNG,,0.8964
Nước nóng hơi bị nhanh nhẹn!,SẠCH,,0.9064
Truy cập http://sex53.com nhận khuyến mãi,SPAM,,0.9658
"Thằng quản lý lừa đảo, treo đầu dê bán thịt chó ngay",KÍCH ĐỘNG,,0.937
Nhà vệ sinh nhìn sang chảnh ạ,SẠCH,,0.9904
Chủ quán hơi bị nhiệt tình ^^,SẠCH,,0.9381
Mọi người cạch mặt cái shop này nhé,KÍCH ĐỘNG,,0.5389
Resort đặc biệt hài lòng nha,SẠCH,,0.9956
Chủ shop bẩn như hạch,CHỬI BỚI,,0.5396
Anh em tẩy chay gấp lũ khốn này,KÍCH ĐỘNG,,0.9796
Vị trí rất nhanh nhẹn thực sự,SẠCH,,0.9768
Resort rất ngon.,SẠCH,,0.9931
Bọn nhân viên láo toét,CHỬI BỚI,,0.9884
Ban công rất tuyệt vời <3,SẠCH,,0.9957
CSKH làm ăn như cứt,CHỬI BỚI,,0.9779
Bữa sáng hơi bị tốt ^^,SẠCH,,0.9808
Trải nghiệm quá là ngon hihi,SẠCH,,0.994
Phòng ốc thực sự sang chảnh hihi,SẠCH,,0.9942
Anh em tránh xa quán này,KÍCH ĐỘNG,,0.9864
"Tuyển dụng việc nhẹ, ib zalo 0480692031",SPAM,,0.9997
bố láo Con mụ chủ làm ăn chán đời,CHỬI BỚI,,0.9861
Không gian trông xịn sò ạ,SẠCH,,0.5517
Cách bài trí khá sạch sẽ nha,SẠCH,,0.9939
Truy cập http://bet69.com xem hàng,SPAM,,0.9956
Homestay cảm thấy ngon <3,SẠCH,,0.9917
"Quán này gian manh, cạch mặt ngay",KÍCH ĐỘNG,,0.5507
"Cách làm ăn lừa đảo, bóc phốt ngay",KÍCH ĐỘNG,,0.6566
Thằng quản lý nhìn như bò,CHỬI BỚI,,0.989
Phòng ốc cực kỳ ngon ạ,SẠCH,,0.9945
View vô cùng chuyên nghiệp <3,SẠCH,,0.996
Hệ thống bẩn như đầu bùi,CHỬI BỚI,,0.8479
mẹ kiếp Phục vụ dẹp tiệm đi,CHỬI BỚI,,0.7265
"Ship hàng tráo trở, lừa đảo ngay",KÍCH ĐỘNG,,0.8895
View phải nói là yên tĩnh nhé,SẠCH,,0.9941
"Thằng quản lý gian manh, bóc phốt ngay",KÍCH ĐỘNG,,0.989
Ban công thấy thơm tho.,SẠCH,,0.9955
chó chết Ship hàng làm ăn chán đời,CHỬI BỚI,,0.9063
Nhân viên khá tuyệt vời.,SẠCH,,0.9877
Chị lễ tân vô cùng thơm tho ^^,SẠCH,,0.9937
"Hệ thống gian manh, report ngay",KÍCH ĐỘNG,,0.5835
Truy cập http://vay95.com nhận 100k,SPAM,,0.9874
Nhà vệ sinh trông xuất sắc nha,SẠCH,,0.992
Dịch vụ thối như đống phân,CHỬI BỚI,,0.9513
Khách sạn ngu như hạch,CHỬI BỚI,,0.8786
Wifi rất tiện lợi :)),SẠCH,,0.9937
Liên hệ 0458165501 để nhận quà,SPAM,,0.9864
Hỗ trợ 0312711007 để tư vấn,SPAM,,0.9335
"Phục vụ tráo trở, đòi lại tiền ngay",KÍCH ĐỘNG,,0.6113
Mọi người đừng mua cái shop này nhé,KÍCH ĐỘNG,,0.8635
Tư vấn 0389364402 để tư vấn,SPAM,,0.8798
Bữa sáng hơi bị thân thiện.,SẠCH,,0.984
Tiện nghi rất chill!,SẠCH,,0.9941
Lễ tân chán như rác rưởi,CHỬI BỚI,,0.8944
Phục vụ dở như quần què,CHỬI BỚI,,0.9239
Đồ ăn phải nói là thoáng mát nhé,SẠCH,,0.9777
"Tuyển dụng làm online, ib zalo 0651140273",SPAM,,0.9997
Bể bơi nhìn đẹp ạ,SẠCH,,0.9934
Vị trí quá là ổn áp nha,SẠCH,,0.9957
Dịch vụ thấy ổn áp.,SẠCH,,0.9782
Hotline 0413848984 để kết bạn,SPAM,,0.9706
Phòng ốc thấy ngon thực sự,SẠCH,,0.9873
Wifi cảm thấy dễ thương.,SẠCH,,0.9953
"Thái độ lừa đảo, làm ăn bố láo ngay",KÍCH ĐỘNG,,0.8773
"Thái độ lừa đảo, báo công an ngay",KÍCH ĐỘNG,,0.7607
Đồ ăn trông lung linh!,SẠCH,,0.9624
Cách làm ăn bẩn như đống phân,CHỬI BỚI,,0.93
"Phục vụ gian manh, tránh xa ngay",KÍCH ĐỘNG,,0.4808
CSKH phục vụ như đống phân,CHỬI BỚI,,0.8225
Wifi thấy tiện lợi lắm luôn,SẠCH,,0.9931
Bể bơi khá ấm cúng ạ,SẠCH,,0.9883
Liên hệ 0598416751 để vay vốn,SPAM,,0.9971
Khách sạn khá chill thực sự,SẠCH,,0.995
Alo 0950446307 để vay vốn,SPAM,,0.9977
Giường nhìn sang chảnh hihi,SẠCH,,0.9902
"Phục vụ tráo trở, đừng mua ngay",KÍCH ĐỘNG,,0.8284
Không gian siêu đẳng cấp nha,SẠCH,,0.9889
Điều hòa như lợn,CHỬI BỚI,,0.5321
Nước nóng rất đẳng cấp ^^,SẠCH,,0.9869
Zalo 0849842029 để kết bạn,SPAM,,0.9915
Thằng quản lý tệ như đống phân,CHỬI BỚI,,0.9773
Truy cập http://vay34.com xem hàng,SPAM,,0.9885
View vô cùng đẳng cấp lắm luôn,SẠCH,,0.9946
"Lễ tân tráo trở, dối trá ngay",KÍCH ĐỘNG,,0.4958
óc chó Khách sạn biến đi,CHỬI BỚI,,0.9254
"Tuyển dụng làm online, ib zalo 0616893913",SPAM,,0.9997
Điều hòa như lồn,CHỬI BỚI,,0.9356
Nhân viên tương đối ổn áp ^^,SẠCH,,0.9957
Truy cập http://vay24.com nhận khuyến mãi,SPAM,,0.8821
đm Quán này làm ăn chán đời,CHỬI BỚI,,0.6232
Bữa sáng khá tiện lợi thực sự,SẠCH,,0.9946
Tư vấn 0950616340 để vay vốn,SPAM,,0.9986
Quán này dở như chó,CHỬI BỚI,,0.7665
Wifi cảm thấy đẹp lắm luôn,SẠCH,,0.9959
CSKH thối như đầu bùi,CHỬI BỚI,,0.9885
Cách bài trí vô cùng chill nhé,SẠCH,,0.9959
Hỗ trợ 0538003532 để kết bạn,SPAM,,0.838
Chị lễ tân đặc biệt tiện lợi lắm luôn,SẠCH,,0.9894
Con mụ chủ phục vụ như lợn,CHỬI BỚI,,0.6697
"Tuyển dụng làm online, ib zalo 0616655356",SPAM,,0.9997
"Dịch vụ gian manh, kiện ngay",KÍCH ĐỘNG,,0.8419
Dịch vụ ngu như đống phân,CHỬI BỚI,,0.5445
vcl Wifi ngu không tả được,CHỬI BỚI,,0.9331
Trải nghiệm khá thơm tho ạ,SẠCH,,0.9952
Chủ quán vô cùng xuất sắc thực sự,SẠCH,,0.9911
Alo 0387868917 để vay vốn,SPAM,,0.9982
Nhân viên trông đẳng cấp lắm luôn,SẠCH,,0.9894
"Khách sạn lừa đảo, report ngay",KÍCH ĐỘNG,,0.9349
Nhân viên phải nói là chuyên nghiệp nha,SẠCH,,0.9904
đéo Wifi dẹp tiệm đi,CHỬI BỚI,,0.9824
Nước nóng rất xuất sắc thực sự,SẠCH,,0.9954
Hotline 0738960960 để vay vốn,SPAM,,0.9961
Cách làm ăn phục vụ như l*n,CHỬI BỚI,,0.6905
Chị lễ tân thấy thoáng mát ạ,SẠCH,,0.9949
Cách bài trí cảm thấy tuyệt vời thực sự,SẠCH,,0.9947
Món ăn làm ăn như bò,CHỬI BỚI,,0.7623
Cả nhà tránh xa shop này,KÍCH ĐỘNG,,0.9355
Chị lễ tân khá xuất sắc.,SẠCH,,0.9828
Vị trí vô cùng nhanh nhẹn nhé,SẠCH,,0.9739
"Thái độ tráo trở, tránh xa ngay",KÍCH ĐỘNG,,0.7611
Bể bơi nhìn rộng rãi thực sự,SẠCH,,0.9723
Khách sạn dở như c*c,CHỬI BỚI,,0.9511
"Thằng quản lý gian manh, lừa đảo ngay",KÍCH ĐỘNG,,0.9901
Con chó nhà này hiền khô quá,SẠCH,,0.9837
"Dịch vụ tráo trở, gian dối ngay",KÍCH ĐỘNG,,0.936
Quán này như đống phân,CHỬI BỚI,,0.914
Truy cập http://vay25.com nhận 100k,SPAM,,0.9817
"CSKH tráo trở, dối trá ngay",KÍCH ĐỘNG,,0.9431
Khách sạn ngu như đầu bùi,CHỬI BỚI,,0.6901
Wifi như đầu bùi,CHỬI BỚI,,0.8667
"Cái chỗ này gian manh, làm ăn bố láo ngay",KÍCH ĐỘNG,,0.9149
Truy cập http://soicau70.com xem hàng,SPAM,,0.9882
Vị trí khá tuyệt vời.,SẠCH,,0.992
Thái độ chán như đầu bùi,CHỬI BỚI,,0.8738
"Tuyển dụng việc nhẹ, ib zalo 0799597408",SPAM,,0.9997
Giường thực sự đẹp lắm luôn,SẠCH,,0.9952
Trải nghiệm nhìn thân thiện.,SẠCH,,0.9858
Vị trí cực kỳ hài lòng nhé,SẠCH,,0.9941
Bọn nhân viên dở như quần què,CHỬI BỚI,,0.9913
Mọi thứ nhìn đẳng cấp nhé,SẠCH,,0.9801
Chị lễ tân tương đối tận tâm lắm luôn,SẠCH,,0.9685
Truy cập http://bet26.com nhận 100k,SPAM,,0.9877
Truy cập http://sex75.com xem hàng,SPAM,,0.9581
Anh em tẩy chay gấp shop này,KÍCH ĐỘNG,,0.9575
"Dịch vụ lừa đảo, lừa đảo ngay",KÍCH ĐỘNG,,0.8843
Cô lao công hơi bị tốt <3,SẠCH,,0.9844
Wifi nhìn thơm tho <3,SẠCH,,0.996
Resort tương đối xuất sắc lắm luôn,SẠCH,,0.9956
Ib ngay 0393787945 để tư vấn,SPAM,,0.9838
Wifi tệ như hạch,CHỬI BỚI,,0.6604
Cái chỗ này nhìn như chó,CHỬI BỚI,,0.8716
Dịch vụ phải nói là dễ thương lắm luôn,SẠCH,,0.9952
Cô lao công khá chuyên nghiệp :)),SẠCH,,0.9723
Điều hòa cực kỳ ok hihi,SẠCH,,0.9951
Giường cảm thấy rộng rãi ạ,SẠCH,,0.9936
Con mèo của chủ quán hiền khô ghê,SẠCH,,0.8874
Chủ quán siêu dễ thương!,SẠCH,,0.9913
vcl Bọn nhân viên làm ăn chán đời,CHỬI BỚI,,0.828
Quán này như cặc,CHỬI BỚI,,0.8821
Phòng ốc vô cùng ok <3,SẠCH,,0.9955
"CSKH gian manh, tránh xa ngay",KÍCH ĐỘNG,,0.9608
Quán này bẩn như lợn,CHỬI BỚI,,0.8272
Khách sạn làm ăn như hạch,CHỬI BỚI,,0.8097
Chủ shop như đầu bùi,CHỬI BỚI,,0.8615
Cách bài trí phải nói là ổn áp thực sự,SẠCH,,0.9832
Resort cực kỳ sạch sẽ lắm luôn,SẠCH,,0.9941
Đồ ăn siêu tiện lợi nhé,SẠCH,,0.9914
Wifi chán như bò,CHỬI BỚI,,0.8269
bố láo Phục vụ dẹp tiệm đi,CHỬI BỚI,,0.8092
đéo Wifi biến đi,CHỬI BỚI,,0.9817
Phòng ốc nhìn thoáng mát ạ,SẠCH,,0.9935
Resort hơi bị hài lòng :)),SẠCH,,0.9959
bố láo Điều hòa ngu không tả được,CHỬI BỚI,,0.9907
Cách bài trí vô cùng đẹp thực sự,SẠCH,,0.9959
Chị lễ tân khá ấm cúng hihi,SẠCH,,0.9892
Chủ shop ngu như cứt,CHỬI BỚI,,0.9644
Con mụ chủ tệ như c*c,CHỬI BỚI,,0.9874
Truy cập http://sex92.com nhận 100k,SPAM,,0.9712
Không gian khá ok!,SẠCH,,0.9951
"Điều hòa tráo trở, tránh xa ngay",KÍCH ĐỘNG,,0.9651
Thái độ phục vụ vô cùng xịn sò lắm luôn,SẠCH,,0.8074
Mọi thứ tương đối thơm tho ạ,SẠCH,,0.996
Chị lễ tân cảm thấy thơm tho hihi,SẠCH,,0.9953
"Tuyển dụng làm online, ib zalo 0364782239",SPAM,,0.9996
Nhà vệ sinh cực kỳ nhanh nhẹn :)),SẠCH,,0.9901
Lễ tân bẩn như đống phân,CHỬI BỚI,,0.841
Bữa sáng phải nói là xịn sò :)),SẠCH,,0.9833
View đặc biệt đáng tiền!,SẠCH,,0.9945
Bể bơi rất xịn sò :)),SẠCH,,0.9393
Nhân viên khá tận tâm nha,SẠCH,,0.9335
Thằng quản lý làm ăn như đống phân,CHỬI BỚI,,0.972
Homestay cực kỳ ổn áp <3,SẠCH,,0.9952
Dịch vụ thối như c*c,CHỬI BỚI,,0.7983
Nhà vệ sinh phải nói là đẳng cấp :)),SẠCH,,0.9019
"Tuyển dụng việc nhẹ, ib zalo 0926685328",SPAM,,0.9997
Con mụ chủ thối như đầu bùi,CHỬI BỚI,,0.9861
Tư vấn 0773717099 để nhận quà,SPAM,,0.7813
Bác bảo vệ đặc biệt đẹp hihi,SẠCH,,0.9857
Điều hòa nhìn tiện lợi lắm luôn,SẠCH,,0.9934
Bể bơi cực kỳ ấm cúng hihi,SẠCH,,0.9915
Dịch vụ bẩn thỉu,CHỬI BỚI,,0.8993
Con mèo của chủ quán quấn người lắm,SẠCH,,0.7439
Cách bài trí quá là xịn sò nha,SẠCH,,0.833
Lễ tân dở như bẹn,CHỬI BỚI,,0.8907
Thằng quản lý phục vụ như chó,CHỬI BỚI,,0.9644
Tiện nghi tương đối xuất sắc nha,SẠCH,,0.9793
Con chó nhà này thông minh lắm,SẠCH,,0.987
Truy cập http://bet56.com nhận 100k,SPAM,,0.9641
Chủ quán cảm thấy chuyên nghiệp ^^,SẠCH,,0.9812
Resort trông tận tâm hihi,SẠCH,,0.9879
Bể bơi thực sự thân thiện hihi,SẠCH,,0.9928
"Hệ thống tráo trở, cẩn thận bị lừa ngay",KÍCH ĐỘNG,,0.5799
Bọn nhân viên ngu như c*c,CHỬI BỚI,,0.9889
Giường tương đối đẳng cấp <3,SẠCH,,0.9944
Trải nghiệm thực sự ấm cúng ^^,SẠCH,,0.9901
Con mụ chủ như lồn,CHỬI BỚI,,0.9823
Điều hòa cực kỳ chuyên nghiệp nha,SẠCH,,0.9955
tiên sư Khách sạn dẹp tiệm đi,CHỬI BỚI,,0.9319
khốn nạn Wifi biến đi,CHỬI BỚI,,0.5583
Không gian khá ổn áp nha,SẠCH,,0.9936
"Khách sạn lừa đảo, cẩn thận bị lừa ngay",KÍCH ĐỘNG,,0.5486
"Tuyển dụng việc nhẹ, ib zalo 0514100044",SPAM,,0.9997
Bể bơi vô cùng dễ thương!,SẠCH,,0.9914
Bể bơi rất xịn sò nhé,SẠCH,,0.9435
Hệ thống ngu như quần què,CHỬI BỚI,,0.9466
Cô lao công thấy rộng rãi.,SẠCH,,0.8906
chó chết Điều hòa làm ăn chán đời,CHỬI BỚI,,0.9223
Dịch vụ nhìn như hạch,CHỬI BỚI,,0.8639
Chị lễ tân đặc biệt sạch sẽ <3,SẠCH,,0.9942
Wifi nhìn như l*n,CHỬI BỚI,,0.8936
Cái chỗ này ngu như l*n,CHỬI BỚI,,0.9604
Đồ ăn nhìn xuất sắc nha,SẠCH,,0.9903
mất dạy Wifi ngu không tả được,CHỬI BỚI,,0.9441
Món ăn dở như đầu bùi,CHỬI BỚI,,0.8367
Trải nghiệm siêu chuyên nghiệp nhé,SẠCH,,0.9933
Bác bảo vệ trông thơm tho hihi,SẠCH,,0.9879
Ban công phải nói là nhanh nhẹn hihi,SẠCH,,0.9908
chó chết Cách làm ăn ngu không tả được,CHỬI BỚI,,0.8555
Homestay phải nói là tận tâm ạ,SẠCH,,0.9886
"Lễ tân gian manh, gian dối ngay",KÍCH ĐỘNG,,0.8334
đéo Ship hàng biến đi,CHỬI BỚI,,0.9794
Dịch vụ nhìn chu đáo nha,SẠCH,,0.9821
Vị trí cực kỳ sạch sẽ ^^,SẠCH,,0.96
Nhân viên đặc biệt ổn áp.,SẠCH,,0.6156
Dịch vụ rất rộng rãi ^^,SẠCH,,0.964
Dịch vụ tệ như rác rưởi,CHỬI BỚI,,0.8029
Điều hòa siêu tận tâm <3,SẠCH,,0.9948
Bể bơi rất tiện lợi <3,SẠCH,,0.9837
"Tuyển dụng làm online, ib zalo 0635566233",SPAM,,0.9997
Mọi người bóc phốt cái chỗ này nhé,KÍCH ĐỘNG,,0.5401
Đồ ăn cực kỳ sang chảnh ^^,SẠCH,,0.9904
Homestay quá là ok hihi,SẠCH,,0.9949
"Phục vụ gian manh, dối trá ngay",KÍCH ĐỘNG,,0.8283
Con chó nhà này thông minh quá,SẠCH,,0.9895
Món ăn nhìn như cứt,CHỬI BỚI,,0.7897
Ship hàng ngu như lợn,CHỬI BỚI,,0.877
Nhắn tin 0871530532 để tư vấn,SPAM,,0.9713
Ib ngay 0646708945 để nhận quà,SPAM,,0.9903
"Wifi lừa đảo, báo công an ngay",KÍCH ĐỘNG,,0.675
Ban công cực kỳ sạch sẽ :)),SẠCH,,0.9956
Món ăn tệ như rác rưởi,CHỬI BỚI,,0.597
bố láo Con mụ chủ dẹp tiệm đi,CHỬI BỚI,,0.9563
Dịch vụ siêu đẳng cấp.,SẠCH,,0.9792
Bữa sáng cực kỳ thơm tho lắm luôn,SẠCH,,0.9948
Chị lễ tân cực kỳ ngon hihi,SẠCH,,0.9957
Đồ ăn hơi bị ngon :)),SẠCH,,0.9809
Bọn nhân viên vãi đái,CHỬI BỚI,,0.8615
Mọi người dối trá cái quán này nhé,KÍCH ĐỘNG,,0.63
Bể bơi hơi bị ấm cúng nha,SẠCH,,0.99
Thái độ ngu như đầu bùi,CHỬI BỚI,,0.9375
Cách bài trí trông tuyệt vời <3,SẠCH,,0.996
Bữa sáng khá chu đáo thực sự,SẠCH,,0.9945
Bọn nhân viên như hạch,CHỬI BỚI,,0.988
Điều hòa thấy dễ thương nha,SẠCH,,0.9952
Điều hòa tương đối chuyên nghiệp ạ,SẠCH,,0.9953
"Bọn nhân viên lừa đảo, treo đầu dê bán thịt chó ngay",KÍCH ĐỘNG,,0.5705
Khách sạn tệ như đầu bùi,CHỬI BỚI,,0.7706
Phòng ốc vô cùng thân thiện ạ,SẠCH,,0.9948
Thái độ phục vụ nhìn xịn sò lắm luôn,SẠCH,,0.475
"Dịch vụ tráo trở, lừa đảo ngay",KÍCH ĐỘNG,,0.9241
Đồ ăn thực sự thơm tho!,SẠCH,,0.9939
mẹ kiếp Cái chỗ này ngu không tả được,CHỬI BỚI,,0.9744
"Cái chỗ này gian manh, tránh xa ngay",KÍCH ĐỘNG,,0.8573
CSKH nhìn như hạch,CHỬI BỚI,,0.8713
Nhà vệ sinh đặc biệt đẳng cấp hihi,SẠCH,,0.978
Nước nóng cảm thấy tiện lợi ạ,SẠCH,,0.9918
Lễ tân chán như quần què,CHỬI BỚI,,0.9381
ngu vãi Con mụ chủ dẹp tiệm đi,CHỬI BỚI,,0.9464
Nhà vệ sinh phải nói là rộng rãi ^^,SẠCH,,0.7941
Bể bơi cực kỳ tốt ^^,SẠCH,,0.9761
CSKH phục vụ như rác rưởi,CHỬI BỚI,,0.8057
Món ăn phục vụ như hạch,CHỬI BỚI,,0.8778
Cách bài trí quá là ấm cúng <3,SẠCH,,0.9934
"Tuyển dụng việc nhẹ, ib zalo 0434492839",SPAM,,0.9997
Anh chủ hơi bị tận tâm :)),SẠCH,,0.9435
Nhân viên thực sự xịn sò :)),SẠCH,,0.385
Bể bơi trông tiện lợi thực sự,SẠCH,,0.9758
Thằng quản lý dở như lợn,CHỬI BỚI,,0.9847
Nhắn tin 0777754761 để vay vốn,SPAM,,0.986
Anh chủ quá là xuất sắc nhé,SẠCH,,0.9916
Bác bảo vệ tương đối đáng tiền <3,SẠCH,,0.9935
Vị trí trông tuyệt vời <3,SẠCH,,0.9952
vcl Cái chỗ này biến đi,CHỬI BỚI,,0.978
Phục vụ bẩn như bò,CHỬI BỚI,,0.5885
Tư vấn 0872379782 để tư vấn,SPAM,,0.9231
khốn nạn Lễ tân ngu không tả được,CHỬI BỚI,,0.8691
Thằng quản lý bẩn như cc,CHỬI BỚI,,0.9918
"Lễ tân lừa đảo, gian dối ngay",KÍCH ĐỘNG,,0.9443
"Tuyển dụng việc nhẹ, ib zalo 0652927366",SPAM,,0.9997
mất dạy Món ăn dẹp tiệm đi,CHỬI BỚI,,0.8436
Tiện nghi tương đối tận tâm nha,SẠCH,,0.974
Cách bài trí thấy tiện lợi!,SẠCH,,0.9717
đm Cách làm ăn dẹp tiệm đi,CHỬI BỚI,,0.9735
tổ cha Cách làm ăn ngu không tả được,CHỬI BỚI,,0.9848
Phòng ốc siêu đẹp :)),SẠCH,,0.9947
"Khách sạn gian manh, đừng mua ngay",KÍCH ĐỘNG,,0.5398
Trải nghiệm siêu ngon nhé,SẠCH,,0.9922
"Lễ tân tráo trở, gian dối ngay",KÍCH ĐỘNG,,0.6478
Điều hòa nhìn thoáng mát!,SẠCH,,0.9943
"Nhà vệ sinh gian manh, tránh xa ngay",KÍCH ĐỘNG,,0.6678
Nhân viên quá là tốt :)),SẠCH,,0.9948
Resort rất chill.,SẠCH,,0.9956
"Tuyển dụng làm online, ib zalo 0681400304",SPAM,,0.9997
Ban công đặc biệt tuyệt vời hihi,SẠCH,,0.9959
Bác bảo vệ cực kỳ tận tâm hihi,SẠCH,,0.9863
Bác bảo vệ siêu yên tĩnh ạ,SẠCH,,0.9854
Chị lễ tân phải nói là xuất sắc <3,SẠCH,,0.9928
Lễ tân tệ như c*c,CHỬI BỚI,,0.8021
Chị lễ tân vô cùng ổn áp ạ,SẠCH,,0.9941
Nhà vệ sinh phải nói là ok thực sự,SẠCH,,0.991
Hotline 0324568665 để kết bạn,SPAM,,0.9304
Chủ quán cực kỳ đẳng cấp thực sự,SẠCH,,0.9869
vcl Món ăn dẹp tiệm đi,CHỬI BỚI,,0.973
Bữa sáng nhìn ấm cúng lắm luôn,SẠCH,,0.9929
Bọn nhân viên như rác rưởi,CHỬI BỚI,,0.92
Quán này chán như bẹn,CHỬI BỚI,,0.9148
Truy cập http://sex37.com xem hàng,SPAM,,0.9697
Con mụ chủ tệ như hạch,CHỬI BỚI,,0.9875
Giường vô cùng xuất sắc hihi,SẠCH,,0.995
tiên sư Ship hàng ngu không tả được,CHỬI BỚI,,0.9511
Lễ tân hãm lờ,CHỬI BỚI,,0.812
Bác bảo vệ quá là thơm tho ^^,SẠCH,,0.9928
Món ăn láo toét,CHỬI BỚI,,0.6962
Không gian vô cùng tốt :)),SẠCH,,0.996
Giường cảm thấy thoáng mát nhé,SẠCH,,0.994
Cái chỗ này chán như bẹn,CHỬI BỚI,,0.8381
tổ cha Điều hòa dẹp tiệm đi,CHỬI BỚI,,0.5506
Con mụ chủ dở như quần què,CHỬI BỚI,,0.9845
Wifi quá là thơm tho nhé,SẠCH,,0.9961
Không gian quá là tuyệt vời <3,SẠCH,,0.996
Thái độ phục vụ cực kỳ tận tâm ^^,SẠCH,,0.7498
Phòng ốc trông tốt hihi,SẠCH,,0.9943
Bể bơi khá xuất sắc hihi,SẠCH,,0.9934
Đồ ăn siêu tận tâm nhé,SẠCH,,0.9905
Điều hòa phục vụ như shit,CHỬI BỚI,,0.74
View rất lung linh hihi,SẠCH,,0.9959
Trải nghiệm siêu hài lòng thực sự,SẠCH,,0.9949
Nhà vệ sinh dở như đầu bùi,CHỬI BỚI,,0.7608
Thằng quản lý ngu như quần què,CHỬI BỚI,,0.9926
"Tuyển dụng làm online, ib zalo 0857706442",SPAM,,0.9997
Giường vô cùng thân thiện thực sự,SẠCH,,0.9958
Anh chủ cực kỳ ấm cúng hihi,SẠCH,,0.9915
Ban công thực sự tiện lợi <3,SẠCH,,0.9955
Cô lao công tương đối lung linh!,SẠCH,,0.983
Mọi thứ nhìn tốt.,SẠCH,,0.9949
Khách sạn hơi bị thân thiện :)),SẠCH,,0.9888
Quán này dơ dáy,CHỬI BỚI,,0.8726
khốn nạn Con mụ chủ ngu không tả được,CHỬI BỚI,,0.9884
Hỗ trợ 0828920109 để vay vốn,SPAM,,0.9985
Con cún nhà này thông minh lắm,SẠCH,,0.8711
Khách sạn phục vụ như chó,CHỬI BỚI,,0.9229
CSKH nhìn như shit,CHỬI BỚI,,0.503
"Cách làm ăn lừa đảo, báo công an ngay",KÍCH ĐỘNG,,0.4308
"CSKH tráo trở, cạch mặt ngay",KÍCH ĐỘNG,,0.8828
Dịch vụ vô cùng xuất sắc.,SẠCH,,0.9722
"Quán này gian manh, đừng mua ngay",KÍCH ĐỘNG,,0.3396
Dịch vụ phải nói là chu đáo ^^,SẠCH,,0.9698
Alo 0781507672 để tư vấn,SPAM,,0.9704
Phục vụ thối như l*n,CHỬI BỚI,,0.7348
Thái độ phục vụ vô cùng chuyên nghiệp!,SẠCH,,0.9424
Khách sạn chán như đầu bùi,CHỬI BỚI,,0.8907
"Tuyển dụng việc nhẹ, ib zalo 0315270487",SPAM,,0.9997
đm Cái chỗ này biến đi,CHỬI BỚI,,0.9221
Ship hàng tệ như rác rưởi,CHỬI BỚI,,0.5108
Call 0987629087 để vay vốn,SPAM,,0.9949
óc chó Con mụ chủ dẹp tiệm đi,CHỬI BỚI,,0.99
Nhân viên vô cùng hài lòng.,SẠCH,,0.9894
tổ cha Thái độ làm ăn chán đời,CHỬI BỚI,,0.8697
Đồ ăn cảm thấy sạch sẽ!,SẠCH,,0.9818
Bữa sáng rất đẳng cấp :)),SẠCH,,0.9945
Khách sạn trông lung linh <3,SẠCH,,0.9916
Nhân viên quá là xịn sò thực sự,SẠCH,,0.489
"Tuyển dụng làm online, ib zalo 0742834965",SPAM,,0.9997
Nhắn tin 0512691525 để vay vốn,SPAM,,0.954
Đồ ăn cảm thấy chuyên nghiệp hihi,SẠCH,,0.9939
Cách làm ăn như lồn,CHỬI BỚI,,0.8766
"Nhà vệ sinh lừa đảo, cạch mặt ngay",KÍCH ĐỘNG,,0.9022
"Tuyển dụng việc nhẹ, ib zalo 0915204646",SPAM,,0.9997
Chủ shop bẩn như đống phân,CHỬI BỚI,,0.6217
Homestay siêu thân thiện!,SẠCH,,0.9904
Truy cập http://bet37.com xem hàng,SPAM,,0.996
Tiện nghi đặc biệt đẹp lắm luôn,SẠCH,,0.9935
Bể bơi siêu sạch sẽ lắm luôn,SẠCH,,0.9863
Khách sạn cực kỳ dễ thương :)),SẠCH,,0.9959
Ship hàng nhìn như quần què,CHỬI BỚI,,0.9198
Hệ thống chảnh chó,CHỬI BỚI,,0.8152
Khách sạn rất tiện lợi.,SẠCH,,0.9891
Anh chủ tương đối sang chảnh nha,SẠCH,,0.9507
Phòng ốc thấy đẳng cấp ^^,SẠCH,,0.9669
Hỗ trợ 0558425178 để vay vốn,SPAM,,0.9991
Lễ tân thối như l*n,CHỬI BỚI,,0.7511
"Tuyển dụng làm online, ib zalo 0788861112",SPAM,,0.9997
Bể bơi rất tốt ^^,SẠCH,,0.9769
Chủ shop chán như l*n,CHỬI BỚI,,0.8977
Ship hàng thối như cc,CHỬI BỚI,,0.9585
mất dạy Ship hàng làm ăn chán đời,CHỬI BỚI,,0.8125
Wifi nhìn ngon ^^,SẠCH,,0.9914
Dịch vụ bẩn như lợn,CHỬI BỚI,,0.9351
Mọi thứ khá xịn sò nhé,SẠCH,,0.7914
Con cún nhà này dễ thương quá,SẠCH,,0.9528
Thằng quản lý dở như cứt,CHỬI BỚI,,0.9902
Alo 0571015581 để vay vốn,SPAM,,0.9966
Mọi thứ trông hài lòng ạ,SẠCH,,0.9958
Wifi thối như hạch,CHỬI BỚI,,0.7662
Truy cập http://soicau28.com xem hàng,SPAM,,0.9866
Giường thấy ấm cúng nha,SẠCH,,0.9946
Đồ ăn đặc biệt ổn áp nha,SẠCH,,0.9948
"Khách sạn lừa đảo, đòi lại tiền ngay",KÍCH ĐỘNG,,0.4707
"Tuyển dụng làm online, ib zalo 0374378118",SPAM,,0.9997
Mọi thứ trông dễ thương :)),SẠCH,,0.9959
Wifi thực sự dễ thương ^^,SẠCH,,0.9953
mẹ kiếp Chủ shop ngu không tả được,CHỬI BỚI,,0.9846
Bữa sáng cảm thấy ok.,SẠCH,,0.9933
Con chó nhà này lanh lợi lắm,SẠCH,,0.9857
Hệ thống làm ăn như l*n,CHỬI BỚI,,0.5596
Con mụ chủ làm ăn như quần què,CHỬI BỚI,,0.9854
Chủ quán thấy tuyệt vời nhé,SẠCH,,0.99
Alo 0770509339 để vay vốn,SPAM,,0.9983
Khách sạn như hạch,CHỬI BỚI,,0.8262
"Lễ tân gian manh, đòi lại tiền ngay",KÍCH ĐỘNG,,0.6064
tiên sư Chủ shop biến đi,CHỬI BỚI,,0.9849
Bữa sáng đặc biệt chill thực sự,SẠCH,,0.9956
Truy cập http://bet68.com nhận khuyến mãi,SPAM,,0.9984
Ban công cảm thấy yên tĩnh thực sự,SẠCH,,0.9956
Homestay quá là tiện lợi :)),SẠCH,,0.9933
Bể bơi rất chill nha,SẠCH,,0.9951
Bữa sáng vô cùng chu đáo ^^,SẠCH,,0.9941
Liên hệ 0362998320 để vay vốn,SPAM,,0.9984
đéo Quán này làm ăn chán đời,CHỬI BỚI,,0.8442
Nhà vệ sinh hãm lờ,CHỬI BỚI,,0.5347
Thái độ phục vụ siêu chill lắm luôn,SẠCH,,0.9906
Chị lễ tân khá sang chảnh nhé,SẠCH,,0.9815
Nhân viên cảm thấy ok ạ,SẠCH,,0.986
bố láo Điều hòa dẹp tiệm đi,CHỬI BỚI,,0.6442
Truy cập http://vay20.com nhận khuyến mãi,SPAM,,0.9907
Chị lễ tân rất nhiệt tình hihi,SẠCH,,0.9921
Thằng quản lý bẩn như c*c,CHỬI BỚI,,0.9918
Thái độ phục vụ hơi bị dễ thương :)),SẠCH,,0.9913
"Cái chỗ này tráo trở, báo công an ngay",KÍCH ĐỘNG,,0.5078
Nhân viên quá là xuất sắc hihi,SẠCH,,0.9948
Nhà vệ sinh cảm thấy lung linh!,SẠCH,,0.9911
Cách bài trí rất đẳng cấp ạ,SẠCH,,0.9894
Trải nghiệm hơi bị dễ thương <3,SẠCH,,0.9958
Dịch vụ như bò,CHỬI BỚI,,0.4943
Trải nghiệm tương đối hài lòng lắm luôn,SẠCH,,0.995
Chủ shop tệ như chó,CHỬI BỚI,,0.8586
Ship hàng thối như rác rưởi,CHỬI BỚI,,0.9188
Truy cập http://soicau41.com nhận 100k,SPAM,,0.9847
Bữa sáng vô cùng dễ thương ^^,SẠCH,,0.9957
Hỗ trợ 0970889213 để tư vấn,SPAM,,0.9214
"Phục vụ gian manh, lừa đảo ngay",KÍCH ĐỘNG,,0.7581
"Ship hàng gian manh, tránh xa ngay",KÍCH ĐỘNG,,0.6738
Anh chủ tương đối dễ thương nha,SẠCH,,0.9887
Homestay siêu chu đáo nhé,SẠCH,,0.9932
Resort vô cùng tốt!,SẠCH,,0.9953
Cách làm ăn làm ăn như shit,CHỬI BỚI,,0.938
Trải nghiệm tương đối sang chảnh <3,SẠCH,,0.9954
Nhân viên rất thân thiện nha,SẠCH,,0.9801
Cái chỗ này làm ăn như c*c,CHỬI BỚI,,0.6093
đm Thằng quản lý biến đi,CHỬI BỚI,,0.9879
Bữa sáng tương đối xịn sò lắm luôn,SẠCH,,0.9727
Ban công siêu sạch sẽ ạ,SẠCH,,0.995
Hỗ trợ 0736391368 để tư vấn,SPAM,,0.8418
khốn nạn Phục vụ ngu không tả được,CHỬI BỚI,,0.6516
Điều hòa làm ăn như bò,CHỬI BỚI,,0.7776
Wifi phải nói là hài lòng.,SẠCH,,0.994
Điều hòa chán như chó,CHỬI BỚI,,0.9632
Truy cập http://soicau47.com xem hàng,SPAM,,0.9883
Chủ shop như lợn,CHỬI BỚI,,0.772
Con mụ chủ ngu như hạch,CHỬI BỚI,,0.9898
Không gian thấy xuất sắc ạ,SẠCH,,0.995
Resort siêu dễ thương ^^,SẠCH,,0.9954
Call 0326902115 để tư vấn,SPAM,,0.9685
"Món ăn gian manh, cẩn thận bị lừa ngay",KÍCH ĐỘNG,,0.7646
Zalo 0952911571 để nhận quà,SPAM,,0.6999
Đồ ăn vô cùng đẹp nhé,SẠCH,,0.9958
Lễ tân làm ăn như hạch,CHỬI BỚI,,0.7679
"Món ăn tráo trở, kiện ngay",KÍCH ĐỘNG,,0.9918
Ban công đặc biệt đẹp <3,SẠCH,,0.9958
mất dạy Hệ thống dẹp tiệm đi,CHỬI BỚI,,0.661
"Phục vụ lừa đảo, gian dối ngay",KÍCH ĐỘNG,,0.931
vcl Thằng quản lý làm ăn chán đời,CHỬI BỚI,,0.6876
Thái độ phục vụ thực sự thân thiện!,SẠCH,,0.9713
"Tuyển dụng làm online, ib zalo 0979736074",SPAM,,0.9996
Vị trí rất tiện lợi ^^,SẠCH,,0.9779
Truy cập http://vay80.com nhận 100k,SPAM,,0.9845
"Lễ tân lừa đảo, kiện ngay",KÍCH ĐỘNG,,0.9615
Bể bơi thực sự đẳng cấp hihi,SẠCH,,0.9925
Dịch vụ phải nói là đẳng cấp ạ,SẠCH,,0.9885
Ship hàng dở như cứt,CHỬI BỚI,,0.941
Bọn nhân viên chảnh chó,CHỬI BỚI,,0.9888
Cách làm ăn nhìn như bò,CHỬI BỚI,,0.9354
"Hệ thống lừa đảo, cạch mặt ngay",KÍCH ĐỘNG,,0.9935
Giường rất ổn áp nhé,SẠCH,,0.9953
Nhà vệ sinh dơ dáy,CHỬI BỚI,,0.8474
Truy cập http://bet83.com nhận 100k,SPAM,,0.9256
Tiện nghi siêu tốt :)),SẠCH,,0.9945
Thái độ phục vụ siêu dễ thương ạ,SẠCH,,0.9899
Vị trí vô cùng dễ thương <3,SẠCH,,0.9957
Cái chỗ này dở như quần què,CHỬI BỚI,,0.9286
Nước nóng quá là ấm cúng ạ,SẠCH,,0.9529
đéo Cái chỗ này ngu không tả được,CHỬI BỚI,,0.8796
Cô lao công trông ngon nhé,SẠCH,,0.954
Resort thực sự ok hihi,SẠCH,,0.9949
Thái độ phục vụ hơi bị tốt <3,SẠCH,,0.9926
Con mụ chủ nhìn như hạch,CHỬI BỚI,,0.9847
Truy cập http://sex78.com nhận khuyến mãi,SPAM,,0.9553
Vị trí thấy thân thiện ạ,SẠCH,,0.9943
Bọn nhân viên dở như shit,CHỬI BỚI,,0.9807
Cái chỗ này phục vụ như cc,CHỬI BỚI,,0.8455
Zalo 0585157335 để tư vấn,SPAM,,0.8552
Nhà vệ sinh quá là rộng rãi :)),SẠCH,,0.9919
Không gian quá là ngon hihi,SẠCH,,0.9896
tổ cha Nhà vệ sinh biến đi,CHỬI BỚI,,0.8338
"Điều hòa gian manh, tẩy chay ngay",KÍCH ĐỘNG,,0.7031
Bể bơi hơi bị thân thiện.,SẠCH,,0.9482
Mọi người dối trá cái cái bọn lừa đảo này nhé,KÍCH ĐỘNG,,0.988
Thằng quản lý thối như c*c,CHỬI BỚI,,0.9917
Homestay tương đối sang chảnh.,SẠCH,,0.9816
Thái độ ngu như đống phân,CHỬI BỚI,,0.6411
Nhân viên hơi bị nhanh nhẹn thực sự,SẠCH,,0.9658
Nhắn tin 0384726518 để vay vốn,SPAM,,0.9807
"Thái độ lừa đảo, cạch mặt ngay",KÍCH ĐỘNG,,0.9243
Ban công phải nói là đáng tiền ạ,SẠCH,,0.9913
"Wifi tráo trở, kiện ngay",KÍCH ĐỘNG,,0.9893
Cô lao công vô cùng xịn sò.,SẠCH,,0.5631
đm Chủ shop biến đi,CHỬI BỚI,,0.6913
Không gian rất tận tâm.,SẠCH,,0.9854
Wifi dở như shit,CHỬI BỚI,,0.7184
Món ăn làm ăn như chó,CHỬI BỚI,,0.9462
ngu vãi Thái độ ngu không tả được,CHỬI BỚI,,0.9422
Quán này nhìn như quần què,CHỬI BỚI,,0.8826
Ban công nhìn rộng rãi nhé,SẠCH,,0.9909
Thằng quản lý dở như c*c,CHỬI BỚI,,0.9908
Chủ shop dở như cc,CHỬI BỚI,,0.6853
Thái độ phục vụ khá tiện lợi ^^,SẠCH,,0.7596
Bác bảo vệ cảm thấy hài lòng lắm luôn,SẠCH,,0.9901
Chủ quán thấy thơm tho nhé,SẠCH,,0.9909
Thái độ phục vụ phải nói là tuyệt vời lắm luôn,SẠCH,,0.9946
Mọi thứ khá xịn sò ạ,SẠCH,,0.7424
Liên hệ 0655113833 để kết bạn,SPAM,,0.988
Bữa sáng tương đối thơm tho nhé,SẠCH,,0.9945
Mọi thứ siêu đáng tiền hihi,SẠCH,,0.9948
Điều hòa thấy lung linh hihi,SẠCH,,0.996
Món ăn bẩn như c*c,CHỬI BỚI,,0.9702
Đồ ăn đặc biệt thơm tho ^^,SẠCH,,0.9929
Truy cập http://soicau12.com nhận 100k,SPAM,,0.9835
Bể bơi thực sự ổn áp hihi,SẠCH,,0.9928
Phòng ốc rất rộng rãi.,SẠCH,,0.9585
"Tuyển dụng làm online, ib zalo 0656152521",SPAM,,0.9997
Wifi siêu tiện lợi :)),SẠCH,,0.9946
Trải nghiệm đặc biệt sang chảnh ạ,SẠCH,,0.993
Nước nóng thực sự yên tĩnh ạ,SẠCH,,0.9946
khốn nạn Dịch vụ dẹp tiệm đi,CHỬI BỚI,,0.8743
Lễ tân vãi đái,CHỬI BỚI,,0.952
Nhắn tin 0328043348 để tư vấn,SPAM,,0.9749
Món ăn dở như cc,CHỬI BỚI,,0.9788
Thái độ bẩn như c*c,CHỬI BỚI,,0.7593
Lễ tân nhìn như l*n,CHỬI BỚI,,0.9091
Đồ ăn hơi bị nhiệt tình lắm luôn,SẠCH,,0.9585
mẹ kiếp Wifi biến đi,CHỬI BỚI,,0.679
Lễ tân chán như bẹn,CHỬI BỚI,,0.9602
Giường siêu đẹp!,SẠCH,,0.9945
Các bạn tránh xa bọn này,KÍCH ĐỘNG,,0.9231
"Tuyển dụng việc nhẹ, ib zalo 0843110364",SPAM,,0.9997
Khách sạn thực sự rộng rãi ^^,SẠCH,,0.9772
Nhà vệ sinh nhìn như cứt,CHỬI BỚI,,0.8904
Ship hàng làm ăn như cc,CHỬI BỚI,,0.957
Chủ shop tệ như bẹn,CHỬI BỚI,,0.7122
Ship hàng ngu như cứt,CHỬI BỚI,,0.7931
Lễ tân ngu như bò,CHỬI BỚI,,0.9755
Khách sạn phục vụ như lợn,CHỬI BỚI,,0.7171
Thái độ phục vụ quá là yên tĩnh :)),SẠCH,,0.9859
Vị trí cảm thấy thân thiện nhé,SẠCH,,0.995
Zalo 0773489945 để kết bạn,SPAM,,0.9908
Nhà vệ sinh ngu như chó,CHỬI BỚI,,0.567
ngu vãi Khách sạn ngu không tả được,CHỬI BỚI,,0.8843
Truy cập http://sex99.com nhận 100k,SPAM,,0.9669
Wifi vô cùng nhiệt tình hihi,SẠCH,,0.996
"Tuyển dụng làm online, ib zalo 0999675370",SPAM,,0.9997
Thái độ phục vụ trông chu đáo!,SẠCH,,0.9653
Thái độ phục vụ thực sự đẳng cấp lắm luôn,SẠCH,,0.9861
Liên hệ 0392680331 để nhận quà,SPAM,,0.9878
Bể bơi khá chuyên nghiệp nhé,SẠCH,,0.9865
Mọi người lừa đảo cái shop này nhé,KÍCH ĐỘNG,,0.8221
Nhắn tin 0862377364 để tư vấn,SPAM,,0.9633
Truy cập http://soicau58.com nhận khuyến mãi,SPAM,,0.9912
Hệ thống phục vụ như l*n,CHỬI BỚI,,0.5808
Con mèo nhà này dễ thương quá,SẠCH,,0.8674
Trải nghiệm thực sự sang chảnh thực sự,SẠCH,,0.9938
mẹ kiếp Thái độ dẹp tiệm đi,CHỬI BỚI,,0.7049
View cảm thấy thân thiện hihi,SẠCH,,0.9955
Hỗ trợ 0559069565 để tư vấn,SPAM,,0.7958
Cách bài trí cực kỳ xuất sắc ^^,SẠCH,,0.9937
Ban công cảm thấy ổn áp nha,SẠCH,,0.9958
Bọn nhân viên ngu như chó,CHỬI BỚI,,0.9884
Wifi thấy thân thiện :)),SẠCH,,0.9954
Cái chỗ này phục vụ như đống phân,CHỬI BỚI,,0.946
Bác bảo vệ quá là thoáng mát.,SẠCH,,0.9909
Chị lễ tân thực sự chuyên nghiệp nha,SẠCH,,0.994
Trải nghiệm hơi bị nhiệt tình hihi,SẠCH,,0.9949
ngu vãi Quán này biến đi,CHỬI BỚI,,0.8757
Thằng quản lý phục vụ như c*c,CHỬI BỚI,,0.9882
Nước nóng phải nói là đẳng cấp ^^,SẠCH,,0.7876
đm Hệ thống làm ăn chán đời,CHỬI BỚI,,0.4974
"Tuyển dụng việc nhẹ, ib zalo 0699834534",SPAM,,0.9997
View khá ok thực sự,SẠCH,,0.9956
Bác bảo vệ trông tiện lợi ạ,SẠCH,,0.99
đm Hệ thống dẹp tiệm đi,CHỬI BỚI,,0.9466
Truy cập http://sex68.com nhận khuyến mãi,SPAM,,0.9602
Bọn nhân viên thối như quần què,CHỬI BỚI,,0.992
"Bọn nhân viên tráo trở, đòi lại tiền ngay",KÍCH ĐỘNG,,0.4825
"Tuyển dụng việc nhẹ, ib zalo 0997698350",SPAM,,0.9997
"Tuyển dụng làm online, ib zalo 0993058287",SPAM,,0.9997
Đồ ăn cảm thấy tuyệt vời ^^,SẠCH,,0.9913
Thái độ phục vụ phải nói là ấm cúng thực sự,SẠCH,,0.9843
Cái chỗ này tệ như rác rưởi,CHỬI BỚI,,0.8289
tổ cha CSKH dẹp tiệm đi,CHỬI BỚI,,0.8713
"Tuyển dụng việc nhẹ, ib zalo 0392857127",SPAM,,0.9997
"Tuyển dụng làm online, ib zalo 0953970429",SPAM,,0.9996
Truy cập http://soicau92.com xem hàng,SPAM,,0.9876
"Tuyển dụng việc nhẹ, ib zalo 0672557975",SPAM,,0.9997
"Lễ tân tráo trở, báo công an ngay",KÍCH ĐỘNG,,0.969
Truy cập http://bet32.com nhận khuyến mãi,SPAM,,0.9985
Hỗ trợ 0963467785 để kết bạn,SPAM,,0.6419
Đồ ăn đặc biệt lung linh <3,SẠCH,,0.9957
Chị lễ tân khá dễ thương!,SẠCH,,0.9918
"Dịch vụ tráo trở, đòi lại tiền ngay",KÍCH ĐỘNG,,0.3889
Đồ ăn phải nói là chill <3,SẠCH,,0.9948
Chị lễ tân khá dễ thương ^^,SẠCH,,0.9921
Truy cập http://sex89.com nhận 100k,SPAM,,0.9708
Homestay siêu hài lòng thực sự,SẠCH,,0.9902
"Tuyển dụng việc nhẹ, ib zalo 0823683642",SPAM,,0.9997
Không gian quá là thân thiện.,SẠCH,,0.9901
Khách sạn tệ như rác rưởi,CHỬI BỚI,,0.797
View nhìn thoáng mát nha,SẠCH,,0.9953
Bác bảo vệ tương đối rộng rãi :)),SẠCH,,0.9581
Dịch vụ phải nói là thơm tho.,SẠCH,,0.992
Không gian hơi bị ok lắm luôn,SẠCH,,0.9925
Bác bảo vệ trông rộng rãi nha,SẠCH,,0.9742
"Tuyển dụng làm online, ib zalo 0745221631",SPAM,,0.9997
đm CSKH dẹp tiệm đi,CHỬI BỚI,,0.7502
Mọi thứ quá là chu đáo <3,SẠCH,,0.9962
Phục vụ tệ như đầu bùi,CHỬI BỚI,,0.5669
Món ăn như lợn,CHỬI BỚI,,0.8359
tổ cha Thái độ dẹp tiệm đi,CHỬI BỚI,,0.7165
Chị lễ tân đặc biệt thoáng mát :)),SẠCH,,0.9924
Dịch vụ hơi bị chu đáo ^^,SẠCH,,0.8871
"Món ăn tráo trở, làm ăn bố láo ngay",KÍCH ĐỘNG,,0.7197
Chị lễ tân tương đối lung linh nhé,SẠCH,,0.9896
Thằng quản lý nhìn như l*n,CHỬI BỚI,,0.9863
Cái chỗ này tệ như đầu bùi,CHỬI BỚI,,0.7092
Wifi vô cùng chu đáo hihi,SẠCH,,0.9958
Khách sạn tệ như lợn,CHỬI BỚI,,0.8881
Vị trí cực kỳ chill :)),SẠCH,,0.9957
óc chó Điều hòa dẹp tiệm đi,CHỬI BỚI,,0.8897
Cách bài trí tương đối thơm tho nha,SẠCH,,0.9953
Lễ tân ngu như shit,CHỬI BỚI,,0.7634
Liên hệ 0738438283 để tư vấn,SPAM,,0.9255
Cách bài trí hơi bị rộng rãi!,SẠCH,,0.7241
tổ cha Wifi dẹp tiệm đi,CHỬI BỚI,,0.5526
Resort thấy xuất sắc hihi,SẠCH,,0.9959
"Thái độ lừa đảo, cẩn thận bị lừa ngay",KÍCH ĐỘNG,,0.7669
Điều hòa dở như đống phân,CHỬI BỚI,,0.9088
"Tuyển dụng làm online, ib zalo 0757771524",SPAM,,0.9996
Món ăn phục vụ như cc,CHỬI BỚI,,0.9754
Cô lao công thấy chu đáo ạ,SẠCH,,0.9759
Bác bảo vệ tương đối tiện lợi.,SẠCH,,0.9842
View đặc biệt chuyên nghiệp!,SẠCH,,0.9954
Dịch vụ bẩn như đầu bùi,CHỬI BỚI,,0.7152
"Tuyển dụng làm online, ib zalo 0315330878",SPAM,,0.9997
"Tuyển dụng làm online, ib zalo 0587405657",SPAM,,0.9996
khốn nạn Hệ thống ngu không tả được,CHỬI BỚI,,0.9279
Bọn nhân viên bẩn như đống phân,CHỬI BỚI,,0.9884
Truy cập http://soicau42.com xem hàng,SPAM,,0.9865
vcl Thằng quản lý biến đi,CHỬI BỚI,,0.6156
"Tuyển dụng việc nhẹ, ib zalo 0533572944",SPAM,,0.9997
Hotline 0658439555 để vay vốn,SPAM,,0.995
Mọi người bóc phốt cái shop này nhé,KÍCH ĐỘNG,,0.8182
Truy cập http://bet23.com xem hàng,SPAM,,0.9975
"Wifi lừa đảo, lừa đảo ngay",KÍCH ĐỘNG,,0.8919
Anh chủ rất nhanh nhẹn thực sự,SẠCH,,0.9635
"Cái chỗ này gian manh, báo công an ngay",KÍCH ĐỘNG,,0.6615
Resort đặc biệt chuyên nghiệp hihi,SẠCH,,0.9954
Mọi thứ siêu tốt ^^,SẠCH,,0.9955
Nhà vệ sinh thối hoắc,CHỬI BỚI,,0.6274
Dịch vụ thấy ngon nha,SẠCH,,0.9942
Trải nghiệm trông tuyệt vời.,SẠCH,,0.993
Hỗ trợ 0668785818 để nhận quà,SPAM,,0.7782
Vị trí thấy thân thiện nha,SẠCH,,0.9942
Wifi phục vụ như đầu bùi,CHỬI BỚI,,0.5335
Con cún nhà này hiền khô lắm,SẠCH,,0.7265
Cách bài trí nhìn tiện lợi!,SẠCH,,0.964
Con mụ chủ vãi đái,CHỬI BỚI,,0.8547
Homestay đặc biệt tận tâm nhé,SẠCH,,0.9931
Anh chủ hơi bị tuyệt vời <3,SẠCH,,0.9935
"Quán này tráo trở, cạch mặt ngay",KÍCH ĐỘNG,,0.7076
Giường đặc biệt tận tâm ạ,SẠCH,,0.995
Cô lao công phải nói là thoáng mát nhé,SẠCH,,0.9342
Truy cập http://bet17.com nhận 100k,SPAM,,0.9678
đm Lễ tân ngu không tả được,CHỬI BỚI,,0.9796
Wifi đặc biệt nhanh nhẹn thực sự,SẠCH,,0.9929
Thái độ phục vụ trông thoáng mát nha,SẠCH,,0.9893
Giường đặc biệt ok!,SẠCH,,0.9952
Quán này thối như quần què,CHỬI BỚI,,0.786
Nước nóng trông sang chảnh lắm luôn,SẠCH,,0.9614
"Tuyển dụng việc nhẹ, ib zalo 0356045245",SPAM,,0.9997
Homestay quá là chuyên nghiệp :)),SẠCH,,0.9946
Cái chỗ này như bò,CHỬI BỚI,,0.8156
Cách làm ăn nhìn như shit,CHỬI BỚI,,0.8693
Tiện nghi vô cùng thơm tho ạ,SẠCH,,0.9949
Nhà vệ sinh nhìn xuất sắc lắm luôn,SẠCH,,0.9879
Nhà vệ sinh như shit,CHỬI BỚI,,0.9034
Bác bảo vệ thực sự hài lòng <3,SẠCH,,0.9942
Zalo 0510558820 để nhận quà,SPAM,,0.9777
"Tuyển dụng việc nhẹ, ib zalo 0449740721",SPAM,,0.9997
Con mèo nhà này ngoan quá,SẠCH,,0.7364
Bể bơi tương đối rộng rãi thực sự,SẠCH,,0.975
Wifi thối như lợn,CHỬI BỚI,,0.9152
Chủ shop chán như cc,CHỬI BỚI,,0.7694
Dịch vụ tệ như chó,CHỬI BỚI,,0.9647
Thằng quản lý tệ như l*n,CHỬI BỚI,,0.9881
Bác bảo vệ rất đẳng cấp nhé,SẠCH,,0.9772
óc chó Phục vụ biến đi,CHỬI BỚI,,0.8809
Khách sạn làm ăn như l*n,CHỬI BỚI,,0.8963
bố láo Bọn nhân viên biến đi,CHỬI BỚI,,0.9855
Cách làm ăn làm ăn như đầu bùi,CHỬI BỚI,,0.8863
Truy cập http://bet82.com xem hàng,SPAM,,0.9955
Nước nóng cực kỳ xịn sò ^^,SẠCH,,0.9743
ngu vãi Ship hàng dẹp tiệm đi,CHỬI BỚI,,0.9596
Bác bảo vệ thấy sang chảnh thực sự,SẠCH,,0.9844
Phục vụ ngu như shit,CHỬI BỚI,,0.9059
Truy cập http://vay12.com nhận khuyến mãi,SPAM,,0.9922
"Cách làm ăn tráo trở, tránh xa ngay",KÍCH ĐỘNG,,0.9358
óc chó Thái độ dẹp tiệm đi,CHỬI BỚI,,0.9363
"Quán này gian manh, đòi lại tiền ngay",KÍCH ĐỘNG,,0.7731
Khách sạn hơi bị nhiệt tình hihi,SẠCH,,0.9894
Ship hàng bẩn như bẹn,CHỬI BỚI,,0.9574
Món ăn tệ như quần què,CHỬI BỚI,,0.9314
Nhà vệ sinh làm ăn như cc,CHỬI BỚI,,0.7501
Bữa sáng trông chu đáo nha,SẠCH,,0.9947
Wifi làm ăn như cứt,CHỬI BỚI,,0.9444
"Tuyển dụng việc nhẹ, ib zalo 0387592841",SPAM,,0.9997
Điều hòa dở như rác rưởi,CHỬI BỚI,,0.5297
Bữa sáng tương đối chuyên nghiệp :)),SẠCH,,0.9943
Khách sạn nhìn như đống phân,CHỬI BỚI,,0.9622
Truy cập http://vay51.com nhận khuyến mãi,SPAM,,0.9918
Đồ ăn khá chill thực sự,SẠCH,,0.995
Con chó của chủ quán ngoan ghê,SẠCH,,0.8131
"Quán này tráo trở, đòi lại tiền ngay",KÍCH ĐỘNG,,0.6639
Giường hơi bị chill nhé,SẠCH,,0.9929
Wifi cực kỳ yên tĩnh <3,SẠCH,,0.9951
Quán này làm ăn như cc,CHỬI BỚI,,0.8595
Cách bài trí thấy xuất sắc <3,SẠCH,,0.996
"Lễ tân gian manh, đừng mua ngay",KÍCH ĐỘNG,,0.9765
Thái độ phục vụ phải nói là thơm tho <3,SẠCH,,0.995
"Tuyển dụng làm online, ib zalo 0433312384",SPAM,,0.9997
Call 0959132511 để nhận quà,SPAM,,0.9944
Cách làm ăn tệ như bò,CHỬI BỚI,,0.9497
Cái chỗ này như bẹn,CHỬI BỚI,,0.9284
bố láo Bọn nhân viên dẹp tiệm đi,CHỬI BỚI,,0.978
Cô lao công rất dễ thương hihi,SẠCH,,0.9888
Quán này thối như chó,CHỬI BỚI,,0.7165
Mọi thứ rất ấm cúng ^^,SẠCH,,0.9925
"Lễ tân gian manh, cẩn thận bị lừa ngay",KÍCH ĐỘNG,,0.4621
Thằng quản lý nhìn như shit,CHỬI BỚI,,0.9708
Khách sạn phải nói là ok hihi,SẠCH,,0.9925
tổ cha Bọn nhân viên ngu không tả được,CHỬI BỚI,,0.9891
Cách bài trí nhìn rộng rãi ạ,SẠCH,,0.9876
Cách bài trí trông chuyên nghiệp :)),SẠCH,,0.9939
Wifi khá tốt ạ,SẠCH,,0.9954
Tư vấn 0847243394 để nhận quà,SPAM,,0.9261
Anh chủ nhìn sạch sẽ lắm luôn,SẠCH,,0.9892
bố láo Nhà vệ sinh biến đi,CHỬI BỚI,,0.8928
Trải nghiệm cực kỳ dễ thương lắm luôn,SẠCH,,0.9937
Nước nóng quá là lung linh ^^,SẠCH,,0.9793
Mọi người báo công an cái chỗ này nhé,KÍCH ĐỘNG,,0.6757
"Điều hòa tráo trở, làm ăn bố láo ngay",KÍCH ĐỘNG,,0.5909
"Wifi lừa đảo, đừng mua ngay",KÍCH ĐỘNG,,0.821
Bác bảo vệ thấy đẹp hihi,SẠCH,,0.9923
Ban công cảm thấy chu đáo!,SẠCH,,0.9953
mẹ kiếp Điều hòa dẹp tiệm đi,CHỬI BỚI,,0.7719
Con cún của chủ quán cưng xỉu quá,SẠCH,,0.8464
Đồ ăn cực kỳ chill ^^,SẠCH,,0.9949
"Con mụ chủ lừa đảo, report ngay",KÍCH ĐỘNG,,0.972
Trải nghiệm trông chu đáo :)),SẠCH,,0.9941
Không gian hơi bị tốt!,SẠCH,,0.9838
View siêu dễ thương.,SẠCH,,0.9949
chó chết Nhà vệ sinh dẹp tiệm đi,CHỬI BỚI,,0.9553
Bác bảo vệ siêu ok :)),SẠCH,,0.9908
Homestay thực sự dễ thương ạ,SẠCH,,0.9954
"Cách làm ăn lừa đảo, làm ăn bố láo ngay",KÍCH ĐỘNG,,0.7825
Trải nghiệm vô cùng đẹp ^^,SẠCH,,0.9941
Bữa sáng phải nói là xịn sò nha,SẠCH,,0.9795
"Con mụ chủ tráo trở, báo công an ngay",KÍCH ĐỘNG,,0.9867
"Quán này gian manh, bóc phốt ngay",KÍCH ĐỘNG,,0.631
Khách sạn tương đối xịn sò nha,SẠCH,,0.9436
Truy cập http://vay16.com nhận 100k,SPAM,,0.9844
Giường cảm thấy tuyệt vời :)),SẠCH,,0.9955
"Chủ shop gian manh, đòi lại tiền ngay",KÍCH ĐỘNG,,0.494
Trải nghiệm siêu yên tĩnh thực sự,SẠCH,,0.9933
Ship hàng thối như hạch,CHỬI BỚI,,0.8929
View thực sự tuyệt vời nhé,SẠCH,,0.9955
Bác bảo vệ thấy chu đáo.,SẠCH,,0.9791
đm Wifi làm ăn chán đời,CHỬI BỚI,,0.963
Lễ tân nhìn như chó,CHỬI BỚI,,0.9301
Con cún của chủ quán thông minh lắm,SẠCH,,0.5262
Thái độ chảnh chó,CHỬI BỚI,,0.7292
"Quán này lừa đảo, dối trá ngay",KÍCH ĐỘNG,,0.7106
Thằng quản lý bẩn như hạch,CHỬI BỚI,,0.9919
Dịch vụ bẩn như đống phân,CHỬI BỚI,,0.9398
Cái chỗ này thối như c*c,CHỬI BỚI,,0.7382
Liên hệ 0830059324 để vay vốn,SPAM,,0.9965
Chị lễ tân đặc biệt đẳng cấp ạ,SẠCH,,0.9869
Nhà vệ sinh thấy đẹp nha,SẠCH,,0.994
Bữa sáng đặc biệt hài lòng thực sự,SẠCH,,0.9953
Thái độ phục vụ đặc biệt tận tâm.,SẠCH,,0.9061
Phục vụ nhìn như shit,CHỬI BỚI,,0.7499
Chủ shop phục vụ như c*c,CHỬI BỚI,,0.7979
Truy cập http://sex21.com nhận 100k,SPAM,,0.9598
Khách sạn rất thoáng mát!,SẠCH,,0.9903
"Tuyển dụng việc nhẹ, ib zalo 0631467085",SPAM,,0.9997
"Con mụ chủ gian manh, báo công an ngay",KÍCH ĐỘNG,,0.9826
vcl Món ăn ngu không tả được,CHỬI BỚI,,0.9597
Điều hòa vãi đái,CHỬI BỚI,,0.7289
Phòng ốc rất ấm cúng nhé,SẠCH,,0.9925
"Phục vụ gian manh, kiện ngay",KÍCH ĐỘNG,,0.8769
Thái độ phục vụ phải nói là đáng tiền nhé,SẠCH,,0.9646
Chị lễ tân cực kỳ chill nhé,SẠCH,,0.9938
Bữa sáng thực sự xuất sắc nha,SẠCH,,0.9954
Hotline 0964076608 để nhận quà,SPAM,,0.9762
Ib ngay 0944850023 để kết bạn,SPAM,,0.9873
Truy cập http://bet25.com nhận khuyến mãi,SPAM,,0.999
Dịch vụ quá là tốt thực sự,SẠCH,,0.9821
"Tuyển dụng làm online, ib zalo 0549036792",SPAM,,0.9997
đéo Thằng quản lý biến đi,CHỬI BỚI,,0.7743
Homestay đặc biệt rộng rãi thực sự,SẠCH,,0.9903
Đồ ăn phải nói là chill ^^,SẠCH,,0.9872
Hỗ trợ 0448758227 để kết bạn,SPAM,,0.7075
Homestay đặc biệt dễ thương <3,SẠCH,,0.9951
"Dịch vụ gian manh, đừng mua ngay",KÍCH ĐỘNG,,0.5917
Ban công trông xuất sắc <3,SẠCH,,0.9956
Hệ thống phục vụ như hạch,CHỬI BỚI,,0.6429
"Wifi gian manh, kiện ngay",KÍCH ĐỘNG,,0.9098
Truy cập http://sex58.com nhận khuyến mãi,SPAM,,0.9384
Tiện nghi quá là rộng rãi nhé,SẠCH,,0.9915
"Tuyển dụng việc nhẹ, ib zalo 0848248652",SPAM,,0.9997
Bể bơi tương đối ok :)),SẠCH,,0.9921
"Nhà vệ sinh tráo trở, cạch mặt ngay",KÍCH ĐỘNG,,0.8243
Vị trí khá xuất sắc ạ,SẠCH,,0.994
Mọi thứ nhìn đẹp nhé,SẠCH,,0.9953
vcl Thằng quản lý ngu không tả được,CHỬI BỚI,,0.9501
Dịch vụ nhìn như quần què,CHỬI BỚI,,0.9603
"Bọn nhân viên gian manh, treo đầu dê bán thịt chó ngay",KÍCH ĐỘNG,,0.9641
Cách bài trí quá là dễ thương nha,SẠCH,,0.9952
Con mụ chủ phục vụ như cc,CHỬI BỚI,,0.9493
Bác bảo vệ thực sự rộng rãi.,SẠCH,,0.859
Ib ngay 0397887259 để nhận quà,SPAM,,0.9895
View trông xịn sò nha,SẠCH,,0.8349
Alo 0467060597 để tư vấn,SPAM,,0.9708
"Phục vụ tráo trở, lừa đảo ngay",KÍCH ĐỘNG,,0.8982
"Món ăn tráo trở, cạch mặt ngay",KÍCH ĐỘNG,,0.8782
Thái độ phục vụ trông ok :)),SẠCH,,0.992
Tiện nghi rất chuyên nghiệp :)),SẠCH,,0.9938
Resort cực kỳ xuất sắc nha,SẠCH,,0.9954
Truy cập http://vay91.com nhận 100k,SPAM,,0.9879
"Phục vụ lừa đảo, lừa đảo ngay",KÍCH ĐỘNG,,0.8456
Giường khá xuất sắc ^^,SẠCH,,0.9906
Thái độ phục vụ rất chuyên nghiệp ạ,SẠCH,,0.9654
Vị trí siêu tiện lợi hihi,SẠCH,,0.9917
Nhà vệ sinh quá là dễ thương :)),SẠCH,,0.9952
Chủ shop tệ như l*n,CHỬI BỚI,,0.7913
Wifi bẩn như bẹn,CHỬI BỚI,,0.9573
"Phục vụ tráo trở, tẩy chay ngay",KÍCH ĐỘNG,,0.4528
Khách sạn nhìn như bò,CHỬI BỚI,,0.8604
Chị lễ tân đặc biệt chu đáo hihi,SẠCH,,0.9918
Bác bảo vệ tương đối sạch sẽ thực sự,SẠCH,,0.9909
Cái chỗ này hãm lờ,CHỬI BỚI,,0.5352
Điều hòa làm ăn như bẹn,CHỬI BỚI,,0.5511
Không gian thấy đẹp.,SẠCH,,0.9927
óc chó Thái độ làm ăn chán đời,CHỬI BỚI,,0.9803
Truy cập http://vay94.com nhận khuyến mãi,SPAM,,0.9927
Wifi rất tốt <3,SẠCH,,0.9957
tổ cha Chủ shop biến đi,CHỬI BỚI,,0.6856
Cách làm ăn ngu như l*n,CHỬI BỚI,,0.9372
Zalo 0550953067 để kết bạn,SPAM,,0.9979
Wifi phải nói là ngon!,SẠCH,,0.8532
Chủ quán hơi bị ngon hihi,SẠCH,,0.9569
Nhà vệ sinh siêu thơm tho!,SẠCH,,0.9929
Cách làm ăn bẩn như quần què,CHỬI BỚI,,0.9239
Nhân viên cực kỳ xuất sắc <3,SẠCH,,0.9718
Hotline 0884546393 để vay vốn,SPAM,,0.9946
Dịch vụ thối như chó,CHỬI BỚI,,0.9396
vcl Món ăn làm ăn chán đời,CHỬI BỚI,,0.9789
Mọi thứ hơi bị đẳng cấp ạ,SẠCH,,0.8948
đéo Bọn nhân viên dẹp tiệm đi,CHỬI BỚI,,0.8714
Bọn nhân viên phục vụ như hạch,CHỬI BỚI,,0.978
"Tuyển dụng việc nhẹ, ib zalo 0924921346",SPAM,,0.9997
"Tuyển dụng làm online, ib zalo 0790604709",SPAM,,0.9997
Con mụ chủ thối như rác rưởi,CHỬI BỚI,,0.9893
Cách bài trí siêu thân thiện!,SẠCH,,0.9885
Con mèo nhà này cưng xỉu ghê,SẠCH,,0.7651
Trải nghiệm vô cùng chill :)),SẠCH,,0.9959
Con mèo của chủ quán đáng yêu lắm,SẠCH,,0.9378
"Tuyển dụng làm online, ib zalo 0356440567",SPAM,,0.9997
Bữa sáng thực sự xịn sò nha,SẠCH,,0.9811
Vị trí rất ngon!,SẠCH,,0.9884
khốn nạn Điều hòa ngu không tả được,CHỬI BỚI,,0.546
Thái độ như hạch,CHỬI BỚI,,0.8138
Hotline 0570517234 để nhận quà,SPAM,,0.9797
Call 0339408798 để vay vốn,SPAM,,0.9854
Ship hàng thối hoắc,CHỬI BỚI,,0.9214
Trải nghiệm hơi bị xịn sò lắm luôn,SẠCH,,0.5831
Điều hòa phải nói là sang chảnh nhé,SẠCH,,0.9913
Nước nóng đặc biệt hài lòng ^^,SẠCH,,0.9944
óc chó Wifi làm ăn chán đời,CHỬI BỚI,,0.991
"Tuyển dụng việc nhẹ, ib zalo 0578263731",SPAM,,0.9997
"Tuyển dụng làm online, ib zalo 0534387709",SPAM,,0.9997
Bể bơi cảm thấy chuyên nghiệp thực sự,SẠCH,,0.9895
Chủ shop ngu như đầu bùi,CHỬI BỚI,,0.9849
Nhà vệ sinh làm ăn như quần què,CHỬI BỚI,,0.8853
mẹ kiếp Ship hàng dẹp tiệm đi,CHỬI BỚI,,0.8079
Không gian rất ok <3,SẠCH,,0.9958
Truy cập http://sex83.com nhận khuyến mãi,SPAM,,0.9697
Bác bảo vệ siêu yên tĩnh nhé,SẠCH,,0.9815
Wifi siêu thoáng mát nhé,SẠCH,,0.9941
"Tuyển dụng làm online, ib zalo 0885435035",SPAM,,0.9997
đm Lễ tân biến đi,CHỬI BỚI,,0.7986
Chủ quán siêu tận tâm.,SẠCH,,0.9872
Dịch vụ tương đối thơm tho!,SẠCH,,0.9873
Nhân viên đặc biệt ổn áp nha,SẠCH,,0.7481
Homestay phải nói là ấm cúng!,SẠCH,,0.9476
Ban công thực sự chill <3,SẠCH,,0.9959
Quán này bẩn như đống phân,CHỬI BỚI,,0.8191
Alo 0555810053 để tư vấn,SPAM,,0.9832
Điều hòa tương đối ok nha,SẠCH,,0.9914
Liên hệ 0857248593 để vay vốn,SPAM,,0.9987
Khách sạn phục vụ như hạch,CHỬI BỚI,,0.765
View trông tiện lợi ạ,SẠCH,,0.994
Trải nghiệm khá ngon ^^,SẠCH,,0.9914
Nhà vệ sinh cảm thấy yên tĩnh <3,SẠCH,,0.9941
"Wifi gian manh, tránh xa ngay",KÍCH ĐỘNG,,0.5013
Bác bảo vệ hơi bị nhiệt tình nhé,SẠCH,,0.9497
Chủ quán nhìn chu đáo <3,SẠCH,,0.9897
"Cách làm ăn tráo trở, dối trá ngay",KÍCH ĐỘNG,,0.6693
Bọn nhân viên chán như cứt,CHỬI BỚI,,0.9683
Thái độ phục vụ cực kỳ thơm tho.,SẠCH,,0.9569
"Bọn nhân viên tráo trở, cẩn thận bị lừa ngay",KÍCH ĐỘNG,,0.7539
Cái chỗ này như c*c,CHỬI BỚI,,0.593
Hệ thống tệ như quần què,CHỬI BỚI,,0.8807
Lễ tân phục vụ như hạch,CHỬI BỚI,,0.4844
CSKH ngu như bẹn,CHỬI BỚI,,0.9884
Quán này ngu như đầu bùi,CHỬI BỚI,,0.956
Bể bơi quá là rộng rãi :)),SẠCH,,0.9854
Call 0823920779 để kết bạn,SPAM,,0.9902
Con mụ chủ nhìn như l*n,CHỬI BỚI,,0.9611
Cách làm ăn chán như c*c,CHỬI BỚI,,0.9118
"Món ăn lừa đảo, gian dối ngay",KÍCH ĐỘNG,,0.9409
Không gian đặc biệt tốt lắm luôn,SẠCH,,0.9939
Cô lao công khá đẹp nha,SẠCH,,0.9903
Con mụ chủ tệ như bò,CHỬI BỚI,,0.9849
Chủ quán cực kỳ thân thiện nha,SẠCH,,0.988
"Tuyển dụng việc nhẹ, ib zalo 0680682782",SPAM,,0.9997
Đồ ăn rất yên tĩnh hihi,SẠCH,,0.9924
Truy cập http://sex70.com xem hàng,SPAM,,0.9405
Bọn nhân viên như lồn,CHỬI BỚI,,0.9786
"Thái độ gian manh, báo công an ngay",KÍCH ĐỘNG,,0.4938
Con mụ chủ tệ như bẹn,CHỬI BỚI,,0.9847
Con mèo của chủ quán dễ thương lắm,SẠCH,,0.9439
Lễ tân như chó,CHỬI BỚI,,0.9492
Điều hòa trông tận tâm :)),SẠCH,,0.9951
"Tuyển dụng việc nhẹ, ib zalo 0723492507",SPAM,,0.9997
Nước nóng đặc biệt lung linh ạ,SẠCH,,0.9945
Điều hòa phục vụ như cứt,CHỬI BỚI,,0.8794
"Tuyển dụng làm online, ib zalo 0560392058",SPAM,,0.9997
mẹ kiếp Chủ shop biến đi,CHỬI BỚI,,0.6154
Khách sạn bẩn như rác rưởi,CHỬI BỚI,,0.9032
Nhân viên thực sự xịn sò thực sự,SẠCH,,0.7924
Khách sạn tệ như chó,CHỬI BỚI,,0.9482
Mọi người gian dối cái quán này nhé,KÍCH ĐỘNG,,0.6272
tổ cha CSKH ngu không tả được,CHỬI BỚI,,0.9839
Cách bài trí cực kỳ đẳng cấp :)),SẠCH,,0.9917
"Bọn nhân viên gian manh, lừa đảo ngay",KÍCH ĐỘNG,,0.9866
Zalo 0688493842 để tư vấn,SPAM,,0.6597
Chủ quán siêu chu đáo ạ,SẠCH,,0.9917
Truy cập http://bet65.com xem hàng,SPAM,,0.9981
Bác bảo vệ phải nói là tốt!,SẠCH,,0.9249
Nhà vệ sinh làm ăn như đống phân,CHỬI BỚI,,0.9534
Truy cập http://bet52.com nhận 100k,SPAM,,0.9081
tiên sư Quán này làm ăn chán đời,CHỬI BỚI,,0.7937
Truy cập http://bet67.com nhận khuyến mãi,SPAM,,0.9983
Vị trí cực kỳ thân thiện nha,SẠCH,,0.9947
"Tuyển dụng việc nhẹ, ib zalo 0549573730",SPAM,,0.9997
"CSKH gian manh, báo công an ngay",KÍCH ĐỘNG,,0.8974
Bữa sáng siêu chill.,SẠCH,,0.9955
"Con mụ chủ lừa đảo, kiện ngay",KÍCH ĐỘNG,,0.9692
Resort siêu tiện lợi ạ,SẠCH,,0.9952
Thái độ phục vụ như quần què,CHỬI BỚI,,0.9304
Bọn nhân viên nhìn như chó,CHỬI BỚI,,0.874
"Con mụ chủ gian manh, cẩn thận bị lừa ngay",KÍCH ĐỘNG,,0.9885
Dịch vụ quá là đẹp nha,SẠCH,,0.9944
"Bọn nhân viên gian manh, tránh xa ngay",KÍCH ĐỘNG,,0.9863
đéo Hệ thống dẹp tiệm đi,CHỬI BỚI,,0.9762
Bể bơi rất tiện lợi ^^,SẠCH,,0.952
Chị lễ tân tương đối xịn sò ^^,SẠCH,,0.7822
"Cái chỗ này tráo trở, đòi lại tiền ngay",KÍCH ĐỘNG,,0.8322
Hệ thống phục vụ như cứt,CHỬI BỚI,,0.7592
Khách sạn làm ăn như cứt,CHỬI BỚI,,0.8975
Vị trí nhìn rộng rãi nha,SẠCH,,0.9868
CSKH dở như hạch,CHỬI BỚI,,0.9358
Chủ shop làm ăn như shit,CHỬI BỚI,,0.884
Tiện nghi đặc biệt ổn áp lắm luôn,SẠCH,,0.989
Thái độ phục vụ vô cùng tận tâm hihi,SẠCH,,0.9889
Alo 0552786521 để vay vốn,SPAM,,0.9943
Mọi người ơi còn phòng không?,SẠCH,,0.993
Giường tương đối ổn áp nha,SẠCH,,0.9909
Hotline 0791404471 để vay vốn,SPAM,,0.9947
Truy cập http://vay89.com nhận khuyến mãi,SPAM,,0.9929
Hệ thống tệ như hạch,CHỬI BỚI,,0.8461
Con mụ chủ thối như lợn,CHỬI BỚI,,0.9859
"Thái độ gian manh, đòi lại tiền ngay",KÍCH ĐỘNG,,0.7233
Bác bảo vệ quá là sạch sẽ <3,SẠCH,,0.9932
Dịch vụ vô cùng lung linh!,SẠCH,,0.9947
View nhìn sang chảnh <3,SẠCH,,0.9952
Truy cập http://soicau17.com nhận 100k,SPAM,,0.9856
Cách bài trí rất chu đáo ^^,SẠCH,,0.9879
Cách làm ăn dở như l*n,CHỬI BỚI,,0.85
Bác bảo vệ khá chu đáo ạ,SẠCH,,0.9747
Cái chỗ này làm ăn như cứt,CHỬI BỚI,,0.6269
Chủ quán quá là chuyên nghiệp nhé,SẠCH,,0.9895
"Hệ thống gian manh, bóc phốt ngay",KÍCH ĐỘNG,,0.5541
Phòng ốc trông thoáng mát nhé,SẠCH,,0.9902
Nhà vệ sinh phải nói là hài lòng nha,SẠCH,,0.993
"Phục vụ tráo trở, kiện ngay",KÍCH ĐỘNG,,0.7303
Chủ quán tương đối chuyên nghiệp hihi,SẠCH,,0.9898
Không gian khá dễ thương.,SẠCH,,0.9952
"Cái chỗ này gian manh, dối trá ngay",KÍCH ĐỘNG,,0.8122
mất dạy Nhà vệ sinh dẹp tiệm đi,CHỬI BỚI,,0.8892
Truy cập http://sex73.com xem hàng,SPAM,,0.9789
Bọn nhân viên thối như đống phân,CHỬI BỚI,,0.9875
Dịch vụ dở như shit,CHỬI BỚI,,0.9141
Thái độ phục vụ quá là thơm tho nha,SẠCH,,0.9934
View nhìn xuất sắc thực sự,SẠCH,,0.9955
Mọi thứ siêu tốt thực sự,SẠCH,,0.9957
Chủ shop láo toét,CHỬI BỚI,,0.6135
Mọi thứ nhìn tiện lợi ^^,SẠCH,,0.9879
"Tuyển dụng làm online, ib zalo 0756916965",SPAM,,0.9997
"Wifi tráo trở, bóc phốt ngay",KÍCH ĐỘNG,,0.5656
"Tuyển dụng việc nhẹ, ib zalo 0497985214",SPAM,,0.9997
Nhà vệ sinh hơi bị tiện lợi <3,SẠCH,,0.9871
"Hệ thống lừa đảo, report ngay",KÍCH ĐỘNG,,0.5073
Bác bảo vệ tương đối hài lòng <3,SẠCH,,0.9933
Truy cập http://vay99.com xem hàng,SPAM,,0.9892
Trải nghiệm rất ngon hihi,SẠCH,,0.9946
Bọn nhân viên ngu như rác rưởi,CHỬI BỚI,,0.9896
"Dịch vụ tráo trở, report ngay",KÍCH ĐỘNG,,0.9862
Nhà vệ sinh như đống phân,CHỬI BỚI,,0.9523
vcl Chủ shop ngu không tả được,CHỬI BỚI,,0.777
Bể bơi trông hài lòng nha,SẠCH,,0.9953
"Phục vụ lừa đảo, đừng mua ngay",KÍCH ĐỘNG,,0.543
Wifi ngu như chó,CHỬI BỚI,,0.8852
"Món ăn gian manh, treo đầu dê bán thịt chó ngay",KÍCH ĐỘNG,,0.8449
View rất tận tâm hihi,SẠCH,,0.9959
Dịch vụ nhìn như rác rưởi,CHỬI BỚI,,0.6425
Nhà vệ sinh đặc biệt chuyên nghiệp.,SẠCH,,0.9637
Ib ngay 0479964921 để nhận quà,SPAM,,0.9921
Điều hòa chán như quần què,CHỬI BỚI,,0.9422
Vị trí rất rộng rãi <3,SẠCH,,0.9935
Wifi bẩn như lợn,CHỬI BỚI,,0.94
Bác bảo vệ hơi bị ấm cúng thực sự,SẠCH,,0.9345
Homestay siêu xịn sò thực sự,SẠCH,,0.9391
Resort quá là ngon ^^,SẠCH,,0.9914
Anh chủ thấy nhanh nhẹn nha,SẠCH,,0.9771
Khách sạn ngu như rác rưởi,CHỬI BỚI,,0.5263
Nhà vệ sinh khá nhanh nhẹn nhé,SẠCH,,0.978
Alo 0631158618 để tư vấn,SPAM,,0.9806
Chủ quán thực sự rộng rãi lắm luôn,SẠCH,,0.9779
Cách làm ăn phục vụ như lợn,CHỬI BỚI,,0.6937
Phục vụ phục vụ như shit,CHỬI BỚI,,0.4984
"Hệ thống tráo trở, kiện ngay",KÍCH ĐỘNG,,0.9918
Zalo 0993132209 để nhận quà,SPAM,,0.936
Chủ shop làm ăn như chó,CHỬI BỚI,,0.8242
"Tuyển dụng việc nhẹ, ib zalo 0444616709",SPAM,,0.9997
Con mèo nhà này quấn người lắm,SẠCH,,0.5944
tiên sư Dịch vụ làm ăn chán đời,CHỬI BỚI,,0.9989
View trông chuyên nghiệp!,SẠCH,,0.994
"Món ăn tráo trở, treo đầu dê bán thịt chó ngay",KÍCH ĐỘNG,,0.5686
Phục vụ như hạch,CHỬI BỚI,,0.7368
Con mụ chủ nhìn như rác rưởi,CHỬI BỚI,,0.9857
"Tuyển dụng việc nhẹ, ib zalo 0972889694",SPAM,,0.9997
Quán này chán như cc,CHỬI BỚI,,0.9291
Nhân viên nhìn thân thiện <3,SẠCH,,0.9879
Mọi người lừa đảo cái lũ khốn này nhé,KÍCH ĐỘNG,,0.987
Không gian phải nói là ổn áp!,SẠCH,,0.972
Truy cập http://soicau40.com xem hàng,SPAM,,0.9848
tiên sư Bọn nhân viên biến đi,CHỬI BỚI,,0.7032
khốn nạn Thằng quản lý làm ăn chán đời,CHỬI BỚI,,0.9395
Tiện nghi tương đối thân thiện.,SẠCH,,0.9458
CSKH làm ăn như bò,CHỬI BỚI,,0.9804
Mọi thứ đặc biệt tốt :)),SẠCH,,0.9956
Cô lao công tương đối yên tĩnh <3,SẠCH,,0.9902
Nhân viên tương đối lung linh nha,SẠCH,,0.8623
"Tuyển dụng làm online, ib zalo 0412418609",SPAM,,0.9997
Con mụ chủ nhìn như bò,CHỬI BỚI,,0.9802
Nhà vệ sinh thấy nhiệt tình!,SẠCH,,0.9847
Ship hàng bẩn như đầu bùi,CHỬI BỚI,,0.8914
Anh em đừng bao giờ đến cái bọn lừa đảo này,KÍCH ĐỘNG,,0.9832
Khách sạn tương đối chuyên nghiệp ^^,SẠCH,,0.9782
Không gian hơi bị đẹp nha,SẠCH,,0.9938
vcl Bọn nhân viên biến đi,CHỬI BỚI,,0.8997
Truy cập http://sex62.com nhận 100k,SPAM,,0.9747
Resort thấy tốt <3,SẠCH,,0.9955
Homestay tương đối tuyệt vời nha,SẠCH,,0.9953
"Tuyển dụng việc nhẹ, ib zalo 0846629672",SPAM,,0.9997
"Tuyển dụng làm online, ib zalo 0711072962",SPAM,,0.9997
Cô lao công khá tận tâm lắm luôn,SẠCH,,0.9289
Bác bảo vệ cực kỳ nhiệt tình ^^,SẠCH,,0.9419
"Dịch vụ gian manh, gian dối ngay",KÍCH ĐỘNG,,0.9334
Trải nghiệm đặc biệt ngon ^^,SẠCH,,0.9824
bố láo Quán này làm ăn chán đời,CHỬI BỚI,,0.9829
Resort thấy tiện lợi hihi,SẠCH,,0.995
Mọi người report cái lũ khốn này nhé,KÍCH ĐỘNG,,0.9489
Con cún của chủ quán cưng xỉu lắm,SẠCH,,0.8461
"Tuyển dụng làm online, ib zalo 0676717488",SPAM,,0.9997
Phòng ốc thực sự thoáng mát ^^,SẠCH,,0.9886
Khách sạn dở như cc,CHỬI BỚI,,0.9511
Vị trí tương đối sạch sẽ ạ,SẠCH,,0.9838
Bác bảo vệ thấy sạch sẽ hihi,SẠCH,,0.9933
óc chó Thằng quản lý dẹp tiệm đi,CHỬI BỚI,,0.9905
Bọn nhân viên làm ăn như chó,CHỬI BỚI,,0.9541
Wifi khá yên tĩnh <3,SẠCH,,0.9953
Nhà vệ sinh thấy nhanh nhẹn nha,SẠCH,,0.9782
Truy cập http://sex17.com nhận 100k,SPAM,,0.967
Phòng ốc tương đối thoáng mát <3,SẠCH,,0.9935
Truy cập http://sex96.com nhận 100k,SPAM,,0.9717
Tiện nghi nhìn ngon nha,SẠCH,,0.9817
Nhắn tin 0568583195 để tư vấn,SPAM,,0.9768
Ban công nhìn dễ thương ^^,SẠCH,,0.9952
Chị lễ tân hơi bị sang chảnh!,SẠCH,,0.6472
Lễ tân tệ như đầu bùi,CHỬI BỚI,,0.6103
"Cách làm ăn tráo trở, tẩy chay ngay",KÍCH ĐỘNG,,0.5588
đéo Nhà vệ sinh ngu không tả được,CHỬI BỚI,,0.9077
Call 0582808766 để vay vốn,SPAM,,0.993
Điều hòa thấy tận tâm.,SẠCH,,0.9935
Thằng quản lý tệ như hạch,CHỬI BỚI,,0.9869
"Dịch vụ tráo trở, tẩy chay ngay",KÍCH ĐỘNG,,0.7204
Đồ ăn cực kỳ tiện lợi lắm luôn,SẠCH,,0.9934
"Hệ thống gian manh, tránh xa ngay",KÍCH ĐỘNG,,0.5204
Con cún nhà này ngoan lắm,SẠCH,,0.823
Điều hòa nhìn tận tâm hihi,SẠCH,,0.9943
Bọn nhân viên phục vụ như đầu bùi,CHỬI BỚI,,0.9786
"Tuyển dụng việc nhẹ, ib zalo 0531839812",SPAM,,0.9997
"Tuyển dụng làm online, ib zalo 0688176890",SPAM,,0.9997
Quán này dở như rác rưởi,CHỬI BỚI,,0.771
Dịch vụ nhìn như bò,CHỬI BỚI,,0.5296
Dịch vụ như lợn,CHỬI BỚI,,0.7955
Chủ shop nhìn như c*c,CHỬI BỚI,,0.8109
Bác bảo vệ tương đối ổn áp :)),SẠCH,,0.993
"Ship hàng lừa đảo, tránh xa ngay",KÍCH ĐỘNG,,0.5696
Hỗ trợ 0355073596 để tư vấn,SPAM,,0.8858
"Tuyển dụng việc nhẹ, ib zalo 0334116505",SPAM,,0.9997
Khách sạn vô cùng đẳng cấp.,SẠCH,,0.9905
Dịch vụ bẩn như bò,CHỬI BỚI,,0.744
CSKH như quần què,CHỬI BỚI,,0.6548
View thực sự đáng tiền hihi,SẠCH,,0.9938
Vị trí quá là ngon ạ,SẠCH,,0.9933
ngu vãi CSKH làm ăn chán đời,CHỬI BỚI,,0.8973
Lễ tân ngu như đầu bùi,CHỬI BỚI,,0.97
"Tuyển dụng làm online, ib zalo 0742626070",SPAM,,0.9997
Alo 0923140491 để vay vốn,SPAM,,0.9984
"Tuyển dụng làm online, ib zalo 0381303940",SPAM,,0.9996
Truy cập http://vay23.com xem hàng,SPAM,,0.9903
"Cái chỗ này lừa đảo, lừa đảo ngay",KÍCH ĐỘNG,,0.9305
Truy cập http://soicau16.com nhận khuyến mãi,SPAM,,0.9913
Chị lễ tân vô cùng đẳng cấp!,SẠCH,,0.9865
"Phục vụ lừa đảo, treo đầu dê bán thịt chó ngay",KÍCH ĐỘNG,,0.8834
mất dạy Nhà vệ sinh ngu không tả được,CHỬI BỚI,,0.9749
"Điều hòa lừa đảo, dối trá ngay",KÍCH ĐỘNG,,0.933
Giường tương đối thân thiện nha,SẠCH,,0.9945
Cách làm ăn như l*n,CHỬI BỚI,,0.8069
Cái chỗ này phục vụ như c*c,CHỬI BỚI,,0.8455
đéo Thằng quản lý ngu không tả được,CHỬI BỚI,,0.9781
Không gian tương đối đẹp nhé,SẠCH,,0.9937
Homestay rất tuyệt vời lắm luôn,SẠCH,,0.9955
Dịch vụ chán như đống phân,CHỬI BỚI,,0.9633
mẹ kiếp Thằng quản lý biến đi,CHỬI BỚI,,0.9779
Khách sạn bẩn như c*c,CHỬI BỚI,,0.7978
"Lễ tân gian manh, bóc phốt ngay",KÍCH ĐỘNG,,0.7781
Tiện nghi khá nhanh nhẹn :)),SẠCH,,0.9746
"Cách làm ăn lừa đảo, dối trá ngay",KÍCH ĐỘNG,,0.8548
View thực sự dễ thương ^^,SẠCH,,0.9957
Nước nóng thấy chuyên nghiệp.,SẠCH,,0.9721
bố láo Lễ tân làm ăn chán đời,CHỬI BỚI,,0.9696
khốn nạn Khách sạn dẹp tiệm đi,CHỬI BỚI,,0.9116
Tư vấn 0840810130 để vay vốn,SPAM,,0.999
Dịch vụ vô cùng chu đáo ^^,SẠCH,,0.9299
Chủ quán thấy nhiệt tình!,SẠCH,,0.9854
Truy cập http://sex66.com nhận khuyến mãi,SPAM,,0.9493
View phải nói là ấm cúng lắm luôn,SẠCH,,0.9942
chó chết Cái chỗ này dẹp tiệm đi,CHỬI BỚI,,0.8961
"Thái độ lừa đảo, tẩy chay ngay",KÍCH ĐỘNG,,0.8706
Phòng ốc tương đối chill nha,SẠCH,,0.9941
Tiện nghi thấy thoáng mát ^^,SẠCH,,0.9604
Vị trí khá đáng tiền lắm luôn,SẠCH,,0.9934
Chủ quán thấy ok lắm luôn,SẠCH,,0.9886
chó chết Quán này làm ăn chán đời,CHỬI BỚI,,0.5219
Cách bài trí rất ok :)),SẠCH,,0.996
đéo Chủ shop ngu không tả được,CHỬI BỚI,,0.6968
Tiện nghi vô cùng tận tâm :)),SẠCH,,0.9938
Ban công thực sự tận tâm nhé,SẠCH,,0.9959
"Hệ thống tráo trở, gian dối ngay",KÍCH ĐỘNG,,0.8459
Homestay rất tận tâm lắm luôn,SẠCH,,0.9934
Không gian hơi bị thân thiện thực sự,SẠCH,,0.9899
Nhân viên đặc biệt yên tĩnh ạ,SẠCH,,0.9896
Tiện nghi thấy tuyệt vời.,SẠCH,,0.9823
Nhân viên tương đối nhanh nhẹn ạ,SẠCH,,0.8773
View phải nói là yên tĩnh <3,SẠCH,,0.9955
chó chết Wifi dẹp tiệm đi,CHỬI BỚI,,0.95
"Tuyển dụng việc nhẹ, ib zalo 0782313492",SPAM,,0.9997
Cách bài trí thực sự ấm cúng :)),SẠCH,,0.9942
Thái độ như l*n,CHỬI BỚI,,0.5629
Nhà vệ sinh hơi bị nhanh nhẹn nha,SẠCH,,0.9601
Cô lao công thực sự tận tâm nha,SẠCH,,0.9702
CSKH tệ như hạch,CHỬI BỚI,,0.9595
Thằng quản lý làm ăn như bò,CHỬI BỚI,,0.9914
"Món ăn tráo trở, gian dối ngay",KÍCH ĐỘNG,,0.6115
View cảm thấy tốt nhé,SẠCH,,0.9954
Homestay quá là chu đáo hihi,SẠCH,,0.9937
Khách sạn khá chuyên nghiệp <3,SẠCH,,0.9948
Nhân viên siêu ok :)),SẠCH,,0.9551
Điều hòa trông tốt nha,SẠCH,,0.9958
Món ăn dở như rác rưởi,CHỬI BỚI,,0.874
Hỗ trợ 0515604531 để vay vốn,SPAM,,0.9975
Thằng quản lý ngu như rác rưởi,CHỬI BỚI,,0.9919
Phòng ốc thực sự sạch sẽ nha,SẠCH,,0.9916
Hệ thống bẩn như đống phân,CHỬI BỚI,,0.9219
Wifi như bẹn,CHỬI BỚI,,0.9613
khốn nạn Lễ tân dẹp tiệm đi,CHỬI BỚI,,0.8467
Nhân viên vô cùng đẳng cấp :)),SẠCH,,0.9952
Tư vấn 0747250486 để kết bạn,SPAM,,0.5831
Ban công hơi bị yên tĩnh.,SẠCH,,0.9543
Truy cập http://sex98.com nhận 100k,SPAM,,0.9745
Wifi nhìn như lợn,CHỬI BỚI,,0.7108
Ban công vô cùng chuyên nghiệp <3,SẠCH,,0.9959
ngu vãi Wifi ngu không tả được,CHỬI BỚI,,0.9021
Phòng ốc thấy ấm cúng lắm luôn,SẠCH,,0.9935
Wifi trông tuyệt vời nha,SẠCH,,0.996
"Tuyển dụng việc nhẹ, ib zalo 0669344886",SPAM,,0.9997
"Cách làm ăn gian manh, lừa đảo ngay",KÍCH ĐỘNG,,0.5063
mẹ kiếp Con mụ chủ làm ăn chán đời,CHỬI BỚI,,0.9631
"Khách sạn lừa đảo, tránh xa ngay",KÍCH ĐỘNG,,0.4661
View tương đối yên tĩnh ạ,SẠCH,,0.9941
Cách bài trí khá chu đáo.,SẠCH,,0.9885
Giường khá thoáng mát nhé,SẠCH,,0.9928
Phòng ốc rất dễ thương nhé,SẠCH,,0.9959
ngu vãi Hệ thống ngu không tả được,CHỬI BỚI,,0.6827
Cách làm ăn nhìn như l*n,CHỬI BỚI,,0.8641
Cô lao công rất ngon <3,SẠCH,,0.9928
Tư vấn 0398980558 để nhận quà,SPAM,,0.9043
"Ship hàng tráo trở, cẩn thận bị lừa ngay",KÍCH ĐỘNG,,0.5587
Wifi tương đối xịn sò thực sự,SẠCH,,0.9367
Vị trí quá là ngon ^^,SẠCH,,0.991
Cách bài trí cảm thấy lung linh ^^,SẠCH,,0.9919
Con mụ chủ phục vụ như hạch,CHỬI BỚI,,0.9879
Thái độ phục vụ đặc biệt tốt!,SẠCH,,0.9699
Điều hòa cực kỳ hài lòng lắm luôn,SẠCH,,0.9959
Cách bài trí tương đối hài lòng thực sự,SẠCH,,0.9947
Đồ ăn vô cùng ok.,SẠCH,,0.9945
Giường thấy lung linh nha,SẠCH,,0.9949
Ban công hơi bị ổn áp ^^,SẠCH,,0.9546
Đồ ăn quá là đẹp ^^,SẠCH,,0.9937
óc chó Wifi biến đi,CHỬI BỚI,,0.9828
Khách sạn phục vụ như đống phân,CHỬI BỚI,,0.9631
Cách bài trí thấy thơm tho thực sự,SẠCH,,0.9928
đéo Dịch vụ ngu không tả được,CHỬI BỚI,,0.8279
"Phục vụ lừa đảo, bóc phốt ngay",KÍCH ĐỘNG,,0.8565
Bữa sáng quá là tốt <3,SẠCH,,0.9957
Cách bài trí thực sự sang chảnh ạ,SẠCH,,0.9902
Cái chỗ này nhìn như cc,CHỬI BỚI,,0.8466
Lễ tân ngu như quần què,CHỬI BỚI,,0.9134
Truy cập http://bet77.com xem hàng,SPAM,,0.9961
Resort trông dễ thương!,SẠCH,,0.9942
Chủ shop ngu như c*c,CHỬI BỚI,,0.9601
Điều hòa nhìn ấm cúng ^^,SẠCH,,0.9919
Giường rất tận tâm.,SẠCH,,0.9896
Bữa sáng rất hài lòng lắm luôn,SẠCH,,0.9947
Trải nghiệm nhìn ngon lắm luôn,SẠCH,,0.9845
Trải nghiệm trông xuất sắc!,SẠCH,,0.9884
chó chết Dịch vụ ngu không tả được,CHỬI BỚI,,0.7455
Cái chỗ này chán như rác rưởi,CHỬI BỚI,,0.7204
Dịch vụ thối như cứt,CHỬI BỚI,,0.629
"Ship hàng gian manh, lừa đảo ngay",KÍCH ĐỘNG,,0.9152
Homestay phải nói là thân thiện nha,SẠCH,,0.9862
Call 0515261133 để tư vấn,SPAM,,0.9808
"Tuyển dụng việc nhẹ, ib zalo 0436818857",SPAM,,0.9997
"Điều hòa tráo trở, cạch mặt ngay",KÍCH ĐỘNG,,0.9847
vcl Lễ tân dẹp tiệm đi,CHỬI BỚI,,0.9752
Dịch vụ quá là tận tâm.,SẠCH,,0.9504
Cách làm ăn như lợn,CHỬI BỚI,,0.5226
mẹ kiếp Dịch vụ làm ăn chán đời,CHỬI BỚI,,0.8502
Lễ tân ngu như đống phân,CHỬI BỚI,,0.8839
"Tuyển dụng làm online, ib zalo 0343260763",SPAM,,0.9996
Món ăn chán như l*n,CHỬI BỚI,,0.9212
Vị trí rất xịn sò lắm luôn,SẠCH,,0.863
View phải nói là đẳng cấp ạ,SẠCH,,0.984
Tiện nghi siêu lung linh nha,SẠCH,,0.9947
đéo Khách sạn biến đi,CHỬI BỚI,,0.9779
Khách sạn phục vụ như bẹn,CHỬI BỚI,,0.9342
Mọi người đừng mua cái lũ khốn này nhé,KÍCH ĐỘNG,,0.9767
Con mụ chủ chán như cứt,CHỬI BỚI,,0.986
Thái độ thối như cứt,CHỬI BỚI,,0.7728
Tiện nghi phải nói là sạch sẽ :)),SẠCH,,0.9696
Chủ shop tệ như rác rưởi,CHỬI BỚI,,0.6484
Điều hòa bẩn như quần què,CHỬI BỚI,,0.9288
Lễ tân tệ như cứt,CHỬI BỚI,,0.5258
Thái độ phục vụ cực kỳ nhiệt tình <3,SẠCH,,0.9881
Con cún của chủ quán dễ thương ghê,SẠCH,,0.8715
Call 0385136313 để vay vốn,SPAM,,0.9927
Khách sạn thấy xuất sắc thực sự,SẠCH,,0.9841
View khá rộng rãi ạ,SẠCH,,0.9942
Hệ thống làm ăn như lợn,CHỬI BỚI,,0.8558
Món ăn dở như lợn,CHỬI BỚI,,0.5444
Dịch vụ siêu sang chảnh nha,SẠCH,,0.9946
"Phục vụ lừa đảo, làm ăn bố láo ngay",KÍCH ĐỘNG,,0.6882
Mọi thứ phải nói là ok thực sự,SẠCH,,0.996
Bữa sáng thực sự chill :)),SẠCH,,0.9959
mẹ kiếp Thái độ làm ăn chán đời,CHỬI BỚI,,0.8519
Chủ shop như đống phân,CHỬI BỚI,,0.876
Ban công cảm thấy ấm cúng thực sự,SẠCH,,0.9952
Wifi chảnh chó,CHỬI BỚI,,0.921
Homestay trông tuyệt vời <3,SẠCH,,0.9948
Vị trí siêu chu đáo lắm luôn,SẠCH,,0.9947
Mọi người report cái shop này nhé,KÍCH ĐỘNG,,0.9875
Điều hòa thấy sang chảnh.,SẠCH,,0.9953
Phòng ốc hơi bị chu đáo hihi,SẠCH,,0.9893
Quán này ngu như lợn,CHỬI BỚI,,0.7121
Giường cực kỳ chu đáo :)),SẠCH,,0.9957
Cả nhà tránh xa bọn này,KÍCH ĐỘNG,,0.9193
Chị lễ tân khá tuyệt vời nha,SẠCH,,0.9933
Lễ tân chán như hạch,CHỬI BỚI,,0.8454
Resort tương đối ấm cúng hihi,SẠCH,,0.9943
Call 0353521811 để vay vốn,SPAM,,0.9838
Phòng ốc thực sự chuyên nghiệp hihi,SẠCH,,0.9903
Lễ tân tệ như rác rưởi,CHỬI BỚI,,0.911
"Tuyển dụng việc nhẹ, ib zalo 0466716233",SPAM,,0.9997
mất dạy Thái độ biến đi,CHỬI BỚI,,0.497
Ban công thấy xuất sắc nha,SẠCH,,0.9943
Wifi trông rộng rãi hihi,SẠCH,,0.9903
mất dạy Thái độ ngu không tả được,CHỬI BỚI,,0.8663
Truy cập http://bet63.com nhận khuyến mãi,SPAM,,0.9984
Zalo 0796913876 để vay vốn,SPAM,,0.9995
Đồ ăn nhìn ngon lắm luôn,SẠCH,,0.9846
Phục vụ thối như chó,CHỬI BỚI,,0.9201
"Cách làm ăn lừa đảo, lừa đảo ngay",KÍCH ĐỘNG,,0.8174
Khách sạn thực sự ok!,SẠCH,,0.9924
Các bạn tẩy chay gấp shop này,KÍCH ĐỘNG,,0.7505
Bác bảo vệ quá là xịn sò ạ,SẠCH,,0.5339
Nhà vệ sinh cực kỳ đẳng cấp <3,SẠCH,,0.9944
óc chó Điều hòa ngu không tả được,CHỬI BỚI,,0.9917
Nhắn tin 0620159469 để tư vấn,SPAM,,0.9933
vcl Cách làm ăn làm ăn chán đời,CHỬI BỚI,,0.9784
ngu vãi CSKH biến đi,CHỬI BỚI,,0.9387
đéo Chủ shop dẹp tiệm đi,CHỬI BỚI,,0.9683
Nhân viên tương đối nhiệt tình nhé,SẠCH,,0.9248
Không gian siêu xuất sắc hihi,SẠCH,,0.9958
Hệ thống như cứt,CHỬI BỚI,,0.5452
Alo 0454154930 để nhận quà,SPAM,,0.9956
Alo 0580759032 để nhận quà,SPAM,,0.9945
Truy cập http://bet27.com nhận khuyến mãi,SPAM,,0.9988
Ship hàng làm ăn như bò,CHỬI BỚI,,0.5896
Homestay nhìn thân thiện!,SẠCH,,0.9871
chó chết Cách làm ăn biến đi,CHỬI BỚI,,0.6051
Khách sạn ngu như shit,CHỬI BỚI,,0.6962
Bữa sáng nhìn dễ thương nhé,SẠCH,,0.9954
Ship hàng chán như lợn,CHỬI BỚI,,0.8365
Món ăn phục vụ như bẹn,CHỬI BỚI,,0.853
mất dạy Lễ tân làm ăn chán đời,CHỬI BỚI,,0.7747
Mọi thứ nhìn chuyên nghiệp hihi,SẠCH,,0.995
Điều hòa bẩn như hạch,CHỬI BỚI,,0.7139
Món ăn chán như bò,CHỬI BỚI,,0.7965
"Dịch vụ gian manh, tẩy chay ngay",KÍCH ĐỘNG,,0.7332
"Tuyển dụng việc nhẹ, ib zalo 0830417682",SPAM,,0.9997
Dịch vụ ngu như hạch,CHỬI BỚI,,0.9521
Thái độ chán như bẹn,CHỬI BỚI,,0.9565
Nhà vệ sinh hơi bị lung linh nhé,SẠCH,,0.979
Bể bơi đặc biệt tiện lợi!,SẠCH,,0.9672
Hotline 0691261916 để tư vấn,SPAM,,0.9705
Cách bài trí trông ngon hihi,SẠCH,,0.988
"Điều hòa lừa đảo, gian dối ngay",KÍCH ĐỘNG,,0.938
Vị trí thấy ổn áp thực sự,SẠCH,,0.9936
Điều hòa quá là tuyệt vời hihi,SẠCH,,0.9954
Mọi thứ phải nói là hài lòng :)),SẠCH,,0.9959
óc chó Thái độ ngu không tả được,CHỬI BỚI,,0.9839
Con mèo của chủ quán hiền khô lắm,SẠCH,,0.914
Đồ ăn khá thoáng mát :)),SẠCH,,0.9924
Chủ quán rất thân thiện nha,SẠCH,,0.9892
"Thằng quản lý gian manh, dối trá ngay",KÍCH ĐỘNG,,0.9869
Zalo 0323586226 để tư vấn,SPAM,,0.7424
"Nhà vệ sinh lừa đảo, kiện ngay",KÍCH ĐỘNG,,0.7216
Nước nóng siêu tiện lợi nha,SẠCH,,0.9914
Shop ơi có ship không?,SẠCH,,0.995
Bữa sáng siêu rộng rãi ạ,SẠCH,,0.9943
Thằng quản lý chán như hạch,CHỬI BỚI,,0.9853
"Thằng quản lý tráo trở, tránh xa ngay",KÍCH ĐỘNG,,0.9834
Thái độ phục vụ trông lung linh thực sự,SẠCH,,0.9933
Cái chỗ này nhìn như l*n,CHỬI BỚI,,0.8961
Thái độ phục vụ nhìn đẳng cấp <3,SẠCH,,0.9889
Wifi đặc biệt đẹp!,SẠCH,,0.996
Chị lễ tân trông xuất sắc ^^,SẠCH,,0.993
"Khách sạn gian manh, báo công an ngay",KÍCH ĐỘNG,,0.6226
Chị lễ tân thực sự xuất sắc nha,SẠCH,,0.9927
Truy cập http://soicau13.com xem hàng,SPAM,,0.9887
"Tuyển dụng việc nhẹ, ib zalo 0861147366",SPAM,,0.9997
Thái độ như bẹn,CHỬI BỚI,,0.9222
Resort cảm thấy lung linh ^^,SẠCH,,0.9948
Truy cập http://sex75.com nhận 100k,SPAM,,0.972
Anh chủ vô cùng sạch sẽ lắm luôn,SẠCH,,0.986
Khách sạn chán như hạch,CHỬI BỚI,,0.8733
Không gian thấy xịn sò ạ,SẠCH,,0.9317
Truy cập http://sex58.com nhận 100k,SPAM,,0.9697
vcl CSKH dẹp tiệm đi,CHỬI BỚI,,0.9683
Phòng ốc vô cùng xuất sắc ^^,SẠCH,,0.9942
"Bọn nhân viên lừa đảo, đòi lại tiền ngay",KÍCH ĐỘNG,,0.5883
Cái chỗ này tệ như cứt,CHỬI BỚI,,0.6388
"Món ăn gian manh, lừa đảo ngay",KÍCH ĐỘNG,,0.915
Wifi quá là thơm tho <3,SẠCH,,0.996
đéo Lễ tân dẹp tiệm đi,CHỬI BỚI,,0.9761
Truy cập http://bet11.com xem hàng,SPAM,,0.9925
mẹ kiếp Lễ tân làm ăn chán đời,CHỬI BỚI,,0.7408
Ship hàng chán như chó,CHỬI BỚI,,0.9584
Chủ quán vô cùng chuyên nghiệp hihi,SẠCH,,0.9914
Chủ quán vô cùng rộng rãi nhé,SẠCH,,0.9861
Dịch vụ thực sự dễ thương!,SẠCH,,0.9897
Mọi thứ cảm thấy hài lòng nha,SẠCH,,0.9958
Phòng ốc quá là ấm cúng ^^,SẠCH,,0.9912
óc chó Món ăn biến đi,CHỬI BỚI,,0.9429
Nhà vệ sinh khá dễ thương!,SẠCH,,0.9947
Nhắn tin 0435534246 để tư vấn,SPAM,,0.9677
Điều hòa thối như l*n,CHỬI BỚI,,0.894
Zalo 0989478454 để nhận quà,SPAM,,0.6947
Tư vấn 0645314069 để kết bạn,SPAM,,0.8618
Hotline 0777545121 để tư vấn,SPAM,,0.9325
Nhà vệ sinh bẩn như cc,CHỬI BỚI,,0.9268
Phục vụ phục vụ như đống phân,CHỬI BỚI,,0.9232
Truy cập http://sex32.com nhận 100k,SPAM,,0.964
Dịch vụ trông ok lắm luôn,SẠCH,,0.9808
khốn nạn Cách làm ăn dẹp tiệm đi,CHỬI BỚI,,0.9405
"CSKH tráo trở, bóc phốt ngay",KÍCH ĐỘNG,,0.8884
Nước nóng quá là rộng rãi lắm luôn,SẠCH,,0.918
Liên hệ 0879926604 để kết bạn,SPAM,,0.9597
Truy cập http://vay95.com xem hàng,SPAM,,0.9926
"Con mụ chủ gian manh, bóc phốt ngay",KÍCH ĐỘNG,,0.9861
"Tuyển dụng việc nhẹ, ib zalo 0682175592",SPAM,,0.9997
"CSKH lừa đảo, report ngay",KÍCH ĐỘNG,,0.8502
Hotline 0481095788 để nhận quà,SPAM,,0.9827
Homestay hơi bị tuyệt vời nha,SẠCH,,0.9954
ngu vãi Quán này làm ăn chán đời,CHỬI BỚI,,0.6373
Truy cập http://sex51.com nhận khuyến mãi,SPAM,,0.9595
Con mụ chủ thối như cc,CHỬI BỚI,,0.9877
Món ăn tệ như đầu bùi,CHỬI BỚI,,0.5495
Homestay thấy tuyệt vời nha,SẠCH,,0.9953
Mọi thứ thực sự dễ thương thực sự,SẠCH,,0.9957
Cô lao công vô cùng lung linh :)),SẠCH,,0.99
Hệ thống ngu như bẹn,CHỬI BỚI,,0.8848
Homestay đặc biệt đẳng cấp nhé,SẠCH,,0.9905
tiên sư Món ăn biến đi,CHỬI BỚI,,0.9787
"Tuyển dụng làm online, ib zalo 0847502632",SPAM,,0.9996
Điều hòa nhìn đẳng cấp lắm luôn,SẠCH,,0.9936
"Wifi lừa đảo, bóc phốt ngay",KÍCH ĐỘNG,,0.9313
Truy cập http://soicau79.com nhận khuyến mãi,SPAM,,0.9915
Nhắn tin 0383890450 để nhận quà,SPAM,,0.9921
Wifi siêu ấm cúng nhé,SẠCH,,0.9948
Call 0391265501 để kết bạn,SPAM,,0.9873
Điều hòa thấy ngon <3,SẠCH,,0.9959
Khách sạn nhìn ổn áp ạ,SẠCH,,0.9945
"Tuyển dụng làm online, ib zalo 0596702220",SPAM,,0.9997
Đồ ăn cảm thấy chill nha,SẠCH,,0.9953
Phòng ốc quá là dễ thương hihi,SẠCH,,0.9957
"Wifi tráo trở, lừa đảo ngay",KÍCH ĐỘNG,,0.7663
Thái độ phục vụ khá nhanh nhẹn!,SẠCH,,0.8971
"Lễ tân gian manh, report ngay",KÍCH ĐỘNG,,0.9853
Quán này vãi đái,CHỬI BỚI,,0.9677
chó chết Thái độ ngu không tả được,CHỬI BỚI,,0.5484
Nhắn tin 0396312134 để nhận quà,SPAM,,0.9938
Dịch vụ tương đối nhanh nhẹn <3,SẠCH,,0.9761
Phục vụ phục vụ như bò,CHỬI BỚI,,0.4839
bố láo Bọn nhân viên làm ăn chán đời,CHỬI BỚI,,0.9894
Giường cảm thấy xuất sắc lắm luôn,SẠCH,,0.9924
Trải nghiệm cảm thấy xịn sò nha,SẠCH,,0.8948
Đồ ăn thực sự chuyên nghiệp ạ,SẠCH,,0.9954
Không gian tương đối thân thiện.,SẠCH,,0.9873
Quán này phục vụ như chó,CHỬI BỚI,,0.8115
Con chó của chủ quán ngoan quá,SẠCH,,0.9614
Nhắn tin 0459367006 để tư vấn,SPAM,,0.9709
Không gian tương đối rộng rãi <3,SẠCH,,0.995
"Thằng quản lý gian manh, đòi lại tiền ngay",KÍCH ĐỘNG,,0.9845
Tiện nghi thực sự sang chảnh lắm luôn,SẠCH,,0.9919
Nước nóng rất tận tâm <3,SẠCH,,0.9911
Mọi thứ đặc biệt nhanh nhẹn ^^,SẠCH,,0.9794
Quán này tệ như lợn,CHỬI BỚI,,0.7789
Truy cập http://soicau60.com nhận 100k,SPAM,,0.9796
Wifi cảm thấy tiện lợi!,SẠCH,,0.9935
"Thằng quản lý lừa đảo, dối trá ngay",KÍCH ĐỘNG,,0.9752
Truy cập http://vay10.com xem hàng,SPAM,,0.9905
Cô lao công quá là dễ thương :)),SẠCH,,0.9909
Mọi thứ cảm thấy chu đáo hihi,SẠCH,,0.9956
Vị trí siêu ok lắm luôn,SẠCH,,0.9953
Khách sạn dở như l*n,CHỬI BỚI,,0.9186
đéo Khách sạn làm ăn chán đời,CHỬI BỚI,,0.9703
Hotline 0974874037 để nhận quà,SPAM,,0.9875
Nhân viên khá xuất sắc!,SẠCH,,0.9862
Quán này bẩn như đầu bùi,CHỬI BỚI,,0.5172
Thằng quản lý như lồn,CHỬI BỚI,,0.985
Quán này thối hoắc,CHỬI BỚI,,0.5904
Con chó của chủ quán cưng xỉu lắm,SẠCH,,0.9871
Wifi láo toét,CHỬI BỚI,,0.9362
Truy cập http://soicau10.com nhận 100k,SPAM,,0.9841
"Tuyển dụng việc nhẹ, ib zalo 0918085067",SPAM,,0.9997
"Tuyển dụng làm online, ib zalo 0769934884",SPAM,,0.9996
Phòng ốc cảm thấy ok nhé,SẠCH,,0.9947
bố láo Quán này biến đi,CHỬI BỚI,,0.9319
Nhân viên vô cùng sang chảnh ^^,SẠCH,,0.992
Truy cập http://soicau19.com xem hàng,SPAM,,0.9885
"Tuyển dụng việc nhẹ, ib zalo 0658429797",SPAM,,0.9997
"Con mụ chủ lừa đảo, dối trá ngay",KÍCH ĐỘNG,,0.9832
Chủ quán nhìn sang chảnh <3,SẠCH,,0.9799
Nhân viên vô cùng đẳng cấp thực sự,SẠCH,,0.9905
tiên sư Ship hàng dẹp tiệm đi,CHỬI BỚI,,0.9643
Ban công tương đối tốt <3,SẠCH,,0.9959
Khách sạn vô cùng rộng rãi <3,SẠCH,,0.9946
Dịch vụ nhìn ấm cúng ^^,SẠCH,,0.9771
Cách bài trí tương đối sạch sẽ nha,SẠCH,,0.9902
Resort siêu sạch sẽ nhé,SẠCH,,0.9941
Hệ thống như cặc,CHỬI BỚI,,0.9643
CSKH như c*c,CHỬI BỚI,,0.6662
Lễ tân nhìn như hạch,CHỬI BỚI,,0.6749
Chủ quán cảm thấy đẹp nhé,SẠCH,,0.99
Homestay tương đối thoáng mát!,SẠCH,,0.9872
Chủ shop phục vụ như chó,CHỬI BỚI,,0.8575
Bọn nhân viên bẩn như cc,CHỬI BỚI,,0.9884
Cách bài trí đặc biệt xịn sò!,SẠCH,,0.5107
"Tuyển dụng việc nhẹ, ib zalo 0838985368",SPAM,,0.9997
bố láo Quán này ngu không tả được,CHỬI BỚI,,0.99
"Tuyển dụng làm online, ib zalo 0987230100",SPAM,,0.9997
"Thái độ tráo trở, tẩy chay ngay",KÍCH ĐỘNG,,0.4545
Cô lao công thấy lung linh ạ,SẠCH,,0.9912
"Dịch vụ gian manh, đòi lại tiền ngay",KÍCH ĐỘNG,,0.9072
Khách sạn khá đẹp.,SẠCH,,0.9922
Wifi thấy sang chảnh!,SẠCH,,0.9919
"Thằng quản lý lừa đảo, làm ăn bố láo ngay",KÍCH ĐỘNG,,0.9884
Truy cập http://bet31.com nhận 100k,SPAM,,0.9184
Homestay phải nói là chuyên nghiệp hihi,SẠCH,,0.9901
khốn nạn Bọn nhân viên làm ăn chán đời,CHỬI BỚI,,0.9175
mất dạy Hệ thống ngu không tả được,CHỬI BỚI,,0.9661
Hotline 0758429578 để kết bạn,SPAM,,0.9652
Mọi thứ vô cùng tốt <3,SẠCH,,0.9953
Wifi tệ như cứt,CHỬI BỚI,,0.8427
Tiện nghi hơi bị thân thiện :)),SẠCH,,0.9752
đéo CSKH dẹp tiệm đi,CHỬI BỚI,,0.9021
Truy cập http://soicau81.com nhận 100k,SPAM,,0.9873
Homestay trông đẹp lắm luôn,SẠCH,,0.9935
Con chó của chủ quán hiền khô lắm,SẠCH,,0.9638
Giường khá ấm cúng.,SẠCH,,0.9867
đm Khách sạn làm ăn chán đời,CHỬI BỚI,,0.8492
Ban công trông thân thiện ^^,SẠCH,,0.9932
"Con mụ chủ tráo trở, gian dối ngay",KÍCH ĐỘNG,,0.9847
"Cái chỗ này tráo trở, tẩy chay ngay",KÍCH ĐỘNG,,0.8842
Ship hàng chán như shit,CHỬI BỚI,,0.9353
Thái độ phục vụ nhìn đẳng cấp nha,SẠCH,,0.9813
Anh chủ thực sự xịn sò hihi,SẠCH,,0.767
Vị trí thực sự ok ^^,SẠCH,,0.993
đéo Quán này biến đi,CHỬI BỚI,,0.956
Con chó của chủ quán đáng yêu lắm,SẠCH,,0.4056
Nhà vệ sinh khá hài lòng :)),SẠCH,,0.9947
Liên hệ 0419805180 để tư vấn,SPAM,,0.8952
"Tuyển dụng làm online, ib zalo 0588459233",SPAM,,0.9997
Lễ tân như cặc,CHỬI BỚI,,0.9571
Bác bảo vệ trông tận tâm thực sự,SẠCH,,0.9714
Nhân viên siêu sang chảnh lắm luôn,SẠCH,,0.9938
Khách sạn thấy tuyệt vời!,SẠCH,,0.9937
Thái độ phục vụ trông sang chảnh ạ,SẠCH,,0.9814
Nhà vệ sinh láo toét,CHỬI BỚI,,0.5635
"Cái chỗ này lừa đảo, dối trá ngay",KÍCH ĐỘNG,,0.9256
Resort phải nói là xịn sò ạ,SẠCH,,0.9091
Các bạn tránh xa lũ khốn này,KÍCH ĐỘNG,,0.9389
Resort rất lung linh!,SẠCH,,0.994
bố láo Lễ tân biến đi,CHỬI BỚI,,0.841
Cách bài trí đặc biệt đẳng cấp hihi,SẠCH,,0.9819
Cái chỗ này làm ăn như bẹn,CHỬI BỚI,,0.708
mất dạy Thằng quản lý biến đi,CHỬI BỚI,,0.9811
Mọi thứ phải nói là rộng rãi :)),SẠCH,,0.9922
Không gian hơi bị thơm tho nhé,SẠCH,,0.9956
Khách sạn vãi đái,CHỬI BỚI,,0.9706
Vị trí siêu thân thiện!,SẠCH,,0.9926
Trải nghiệm nhìn tuyệt vời <3,SẠCH,,0.9958
đm Con mụ chủ dẹp tiệm đi,CHỬI BỚI,,0.951
Zalo 0315425952 để kết bạn,SPAM,,0.8755
Bữa sáng thấy tận tâm lắm luôn,SẠCH,,0.9927
Bể bơi siêu dễ thương!,SẠCH,,0.9931
Truy cập http://vay21.com xem hàng,SPAM,,0.9874
Con mụ chủ chán như đầu bùi,CHỬI BỚI,,0.9852
"Tuyển dụng làm online, ib zalo 0765758579",SPAM,,0.9997
"Tuyển dụng làm online, ib zalo 0686964619",SPAM,,0.9997
Ship hàng nhìn như cứt,CHỬI BỚI,,0.8831
Ship hàng nhìn như bò,CHỬI BỚI,,0.8527
Trải nghiệm hơi bị ổn áp :)),SẠCH,,0.9947
"Quán này tráo trở, report ngay",KÍCH ĐỘNG,,0.843
Dịch vụ ngu như l*n,CHỬI BỚI,,0.8101
"Tuyển dụng làm online, ib zalo 0930492194",SPAM,,0.9997
Cách làm ăn bẩn như cc,CHỬI BỚI,,0.8786
đéo Quán này dẹp tiệm đi,CHỬI BỚI,,0.9398
Không gian khá nhanh nhẹn.,SẠCH,,0.9594
Mọi người treo đầu dê bán thịt chó cái quán này nhé,KÍCH ĐỘNG,,0.8174
"Tuyển dụng việc nhẹ, ib zalo 0645070493",SPAM,,0.9997
Wifi nhìn nhiệt tình ^^,SẠCH,,0.995
Vị trí thấy đẹp!,SẠCH,,0.9925
Dịch vụ làm ăn như đầu bùi,CHỬI BỚI,,0.882
Ship hàng như đống phân,CHỬI BỚI,,0.9665
Phục vụ như cứt,CHỬI BỚI,,0.8823
Quán này bẩn thỉu,CHỬI BỚI,,0.5038
"Tuyển dụng việc nhẹ, ib zalo 0441791253",SPAM,,0.9997
Món ăn làm ăn như rác rưởi,CHỬI BỚI,,0.8191
Phòng ốc cảm thấy đẳng cấp :)),SẠCH,,0.9921
"Phục vụ gian manh, bóc phốt ngay",KÍCH ĐỘNG,,0.8741
Anh chủ trông xịn sò hihi,SẠCH,,0.5493
Thái độ làm ăn như đống phân,CHỬI BỚI,,0.9261
Alo 0672405738 để nhận quà,SPAM,,0.9947
Đồ ăn thấy lung linh!,SẠCH,,0.9855
Cô lao công quá là đáng tiền :)),SẠCH,,0.9913
Ship hàng ngu như chó,CHỬI BỚI,,0.944
Dịch vụ hơi bị ổn áp lắm luôn,SẠCH,,0.947
CSKH bẩn như bẹn,CHỬI BỚI,,0.9566
Giường tương đối chu đáo!,SẠCH,,0.9837
Tiện nghi nhìn đẹp <3,SẠCH,,0.9929
khốn nạn Dịch vụ biến đi,CHỬI BỚI,,0.7959
Trải nghiệm cực kỳ đẹp nha,SẠCH,,0.995
Thái độ phục vụ cực kỳ sạch sẽ nhé,SẠCH,,0.9823
tổ cha Điều hòa làm ăn chán đời,CHỬI BỚI,,0.6961
Cái chỗ này chán như chó,CHỬI BỚI,,0.7496
Điều hòa như hạch,CHỬI BỚI,,0.7411
mẹ kiếp Thằng quản lý làm ăn chán đời,CHỬI BỚI,,0.9835
mẹ kiếp CSKH dẹp tiệm đi,CHỬI BỚI,,0.8962
"Tuyển dụng làm online, ib zalo 0563803716",SPAM,,0.9996
Con mụ chủ như hạch,CHỬI BỚI,,0.9836
Truy cập http://sex83.com xem hàng,SPAM,,0.9827
Vị trí siêu tiện lợi ạ,SẠCH,,0.99
Vị trí cảm thấy xịn sò <3,SẠCH,,0.9514
Nước nóng vô cùng thơm tho ^^,SẠCH,,0.9941
Anh chủ nhìn đáng tiền.,SẠCH,,0.9723
Nhà vệ sinh phục vụ như quần què,CHỬI BỚI,,0.6911
Khách sạn ngu như đống phân,CHỬI BỚI,,0.5245
Quán này như cứt,CHỬI BỚI,,0.7434
Wifi cảm thấy tiện lợi nhé,SẠCH,,0.9942
Vị trí hơi bị tuyệt vời.,SẠCH,,0.9889
Resort tương đối hài lòng nhé,SẠCH,,0.9958
Hỗ trợ 0560711563 để tư vấn,SPAM,,0.9385
Cô lao công thấy chill ^^,SẠCH,,0.9901
Mọi người cạch mặt cái chỗ này nhé,KÍCH ĐỘNG,,0.823
Nhà vệ sinh siêu xuất sắc thực sự,SẠCH,,0.9904
Phòng ốc đặc biệt lung linh!,SẠCH,,0.9934
Alo 0463640335 để vay vốn,SPAM,,0.9884
Khách sạn thực sự thân thiện lắm luôn,SẠCH,,0.9947
Thằng quản lý tệ như shit,CHỬI BỚI,,0.9689
Hệ thống phục vụ như bò,CHỬI BỚI,,0.9059
Dịch vụ trông sạch sẽ thực sự,SẠCH,,0.859
Con mụ chủ thối như quần què,CHỬI BỚI,,0.9876
Truy cập http://soicau53.com nhận 100k,SPAM,,0.9795
Tiện nghi thực sự ngon nhé,SẠCH,,0.9917
Nhân viên siêu chill :)),SẠCH,,0.7706
Liên hệ 0690756577 để vay vốn,SPAM,,0.9986
Phòng ốc hơi bị tận tâm :)),SẠCH,,0.9879
vcl Khách sạn ngu không tả được,CHỬI BỚI,,0.9607
Truy cập http://vay76.com nhận 100k,SPAM,,0.9853
Cái chỗ này dơ dáy,CHỬI BỚI,,0.7295
"Nhà vệ sinh gian manh, báo công an ngay",KÍCH ĐỘNG,,0.6533
"Khách sạn gian manh, dối trá ngay",KÍCH ĐỘNG,,0.9083
Truy cập http://sex28.com xem hàng,SPAM,,0.9538
Homestay siêu ngon hihi,SẠCH,,0.9881
"Thái độ tráo trở, report ngay",KÍCH ĐỘNG,,0.7523
Resort quá là chuyên nghiệp ạ,SẠCH,,0.9955
"Hệ thống gian manh, treo đầu dê bán thịt chó ngay",KÍCH ĐỘNG,,0.5862
Truy cập http://bet39.com nhận khuyến mãi,SPAM,,0.9984
Cách bài trí cảm thấy dễ thương lắm luôn,SẠCH,,0.9953
Quán này chán như đầu bùi,CHỬI BỚI,,0.8397
Anh chủ hơi bị thơm tho <3,SẠCH,,0.9947
Truy cập http://vay57.com nhận khuyến mãi,SPAM,,0.9906
Nhân viên thực sự rộng rãi ^^,SẠCH,,0.7503
Homestay siêu nhanh nhẹn <3,SẠCH,,0.9943
Truy cập http://vay68.com xem hàng,SPAM,,0.9912
vcl Bọn nhân viên dẹp tiệm đi,CHỬI BỚI,,0.9588
"CSKH lừa đảo, cạch mặt ngay",KÍCH ĐỘNG,,0.9317
Truy cập http://soicau50.com xem hàng,SPAM,,0.9865
Nhắn tin 0373996181 để vay vốn,SPAM,,0.9605
Khách sạn thối như đống phân,CHỬI BỚI,,0.9484
"Nhà vệ sinh tráo trở, bóc phốt ngay",KÍCH ĐỘNG,,0.6932
Điều hòa rất đẹp :)),SẠCH,,0.9955
Không gian thấy chuyên nghiệp ^^,SẠCH,,0.9732
Mọi người đừng mua cái quán này nhé,KÍCH ĐỘNG,,0.7281
Ban công tương đối ngon <3,SẠCH,,0.9947
Trải nghiệm đặc biệt chu đáo :)),SẠCH,,0.9948
Con mụ chủ ngu như rác rưởi,CHỬI BỚI,,0.9898
Cách làm ăn ngu như hạch,CHỬI BỚI,,0.9535
Giường phải nói là đẳng cấp ạ,SẠCH,,0.8965
CSKH bẩn như hạch,CHỬI BỚI,,0.9873
Bữa sáng trông yên tĩnh.,SẠCH,,0.9864
Bữa sáng siêu chill <3,SẠCH,,0.9959
Call 0598759219 để nhận quà,SPAM,,0.9949
Tư vấn 0613215887 để nhận quà,SPAM,,0.96
Nhân viên thực sự yên tĩnh nhé,SẠCH,,0.8008
Giường cảm thấy yên tĩnh lắm luôn,SẠCH,,0.9932
đm Món ăn làm ăn chán đời,CHỬI BỚI,,0.9543
Con chó nhà này lanh lợi quá,SẠCH,,0.9868
khốn nạn Cách làm ăn ngu không tả được,CHỬI BỚI,,0.8499
Zalo 0965901730 để kết bạn,SPAM,,0.9953
Đồ ăn trông dễ thương ạ,SẠCH,,0.9914
Chị lễ tân khá chuyên nghiệp lắm luôn,SẠCH,,0.9842
Trải nghiệm quá là đẳng cấp hihi,SẠCH,,0.9841
"Tuyển dụng việc nhẹ, ib zalo 0373581476",SPAM,,0.9997
Quán này nhìn như bẹn,CHỬI BỚI,,0.8602
View đặc biệt chu đáo :)),SẠCH,,0.9959
"Tuyển dụng làm online, ib zalo 0473785705",SPAM,,0.9997
Nhắn tin 0781337206 để nhận quà,SPAM,,0.9932
Tư vấn 0893959820 để kết bạn,SPAM,,0.5113
óc chó Thằng quản lý ngu không tả được,CHỬI BỚI,,0.9916
Không gian quá là lung linh nha,SẠCH,,0.9947
Zalo 0996432389 để tư vấn,SPAM,,0.5754
đéo Con mụ chủ ngu không tả được,CHỬI BỚI,,0.9812
bố láo Thằng quản lý làm ăn chán đời,CHỬI BỚI,,0.9907
Giường rất tốt lắm luôn,SẠCH,,0.9953
Không gian cực kỳ sang chảnh nhé,SẠCH,,0.9939
Lễ tân tệ như hạch,CHỬI BỚI,,0.7005
Trải nghiệm thấy ấm cúng!,SẠCH,,0.9847
"Dịch vụ lừa đảo, report ngay",KÍCH ĐỘNG,,0.9904
"Tuyển dụng việc nhẹ, ib zalo 0880149536",SPAM,,0.9997
Điều hòa phục vụ như c*c,CHỬI BỚI,,0.972
Không gian quá là ổn áp ^^,SẠCH,,0.9861
Cách bài trí rất thơm tho thực sự,SẠCH,,0.9957
Hệ thống thối như rác rưởi,CHỬI BỚI,,0.912
đm Wifi ngu không tả được,CHỬI BỚI,,0.9176
Hệ thống như hạch,CHỬI BỚI,,0.5871
Thái độ tệ như l*n,CHỬI BỚI,,0.5393
Ban công quá là thoáng mát nhé,SẠCH,,0.9952
đéo Bọn nhân viên làm ăn chán đời,CHỬI BỚI,,0.5409
"CSKH lừa đảo, dối trá ngay",KÍCH ĐỘNG,,0.8878
"Tuyển dụng làm online, ib zalo 0335134091",SPAM,,0.9997
bố láo Điều hòa biến đi,CHỬI BỚI,,0.4754
Khách sạn rất ấm cúng ạ,SẠCH,,0.9937
Dịch vụ thối như lợn,CHỬI BỚI,,0.9269
Thái độ ngu như cứt,CHỬI BỚI,,0.8659
Thái độ phục vụ cảm thấy chu đáo!,SẠCH,,0.9558
Cô lao công thấy ok.,SẠCH,,0.9917
Nhà vệ sinh thấy đẳng cấp thực sự,SẠCH,,0.9511
Resort cực kỳ ấm cúng nha,SẠCH,,0.9938
Mọi thứ quá là ổn áp ^^,SẠCH,,0.9936
Con mèo nhà này dễ thương lắm,SẠCH,,0.8582
View cảm thấy chill nha,SẠCH,,0.9959
Bữa sáng trông tiện lợi :)),SẠCH,,0.9938
Không gian tương đối ngon :)),SẠCH,,0.9927
"Dịch vụ gian manh, báo công an ngay",KÍCH ĐỘNG,,0.5662
Đồ ăn khá tiện lợi <3,SẠCH,,0.9951
Đồ ăn thấy ok nhé,SẠCH,,0.9929
tổ cha Khách sạn biến đi,CHỬI BỚI,,0.8238
Quán này phục vụ như lợn,CHỬI BỚI,,0.5342
Nhà vệ sinh phục vụ như chó,CHỬI BỚI,,0.9139
Truy cập http://vay31.com nhận 100k,SPAM,,0.9851
đm Thái độ dẹp tiệm đi,CHỬI BỚI,,0.9271
Homestay trông đẹp ạ,SẠCH,,0.9894
chó chết Khách sạn biến đi,CHỬI BỚI,,0.9059
Truy cập http://sex74.com xem hàng,SPAM,,0.9791
Món ăn phục vụ như quần què,CHỬI BỚI,,0.6037
Chị lễ tân hơi bị hài lòng nha,SẠCH,,0.9938
Hệ thống thối như shit,CHỬI BỚI,,0.5533
Phòng ốc vô cùng yên tĩnh nhé,SẠCH,,0.9921
Anh chủ đặc biệt dễ thương lắm luôn,SẠCH,,0.9894
Đồ ăn thấy ấm cúng ạ,SẠCH,,0.9907
Resort thực sự thân thiện thực sự,SẠCH,,0.9953
Khách sạn nhìn chuyên nghiệp!,SẠCH,,0.9915
Khách sạn thực sự tận tâm nhé,SẠCH,,0.9845
Cách bài trí siêu sang chảnh lắm luôn,SẠCH,,0.9906
Mọi thứ nhìn đẹp :)),SẠCH,,0.9959
Món ăn như rác rưởi,CHỬI BỚI,,0.725
Truy cập http://soicau68.com nhận 100k,SPAM,,0.9829
Cả nhà tẩy chay gấp bọn này,KÍCH ĐỘNG,,0.9611
Quán này ngu như cứt,CHỬI BỚI,,0.9336
Thái độ bẩn như bò,CHỬI BỚI,,0.9526
Con chó nhà này quấn người ghê,SẠCH,,0.8816
Không gian cảm thấy đẹp nhé,SẠCH,,0.9941
Homestay đặc biệt nhiệt tình :)),SẠCH,,0.9953
mất dạy Phục vụ biến đi,CHỬI BỚI,,0.429
ngu vãi Điều hòa biến đi,CHỬI BỚI,,0.975
Con mụ chủ làm ăn như cc,CHỬI BỚI,,0.9868
Quán này như cc,CHỬI BỚI,,0.924
Bác bảo vệ siêu nhiệt tình!,SẠCH,,0.9627
Truy cập http://soicau69.com nhận 100k,SPAM,,0.9825
tiên sư Chủ shop ngu không tả được,CHỬI BỚI,,0.9818
Lễ tân phục vụ như quần què,CHỬI BỚI,,0.6051
mẹ kiếp Khách sạn ngu không tả được,CHỬI BỚI,,0.947
Thái độ như rác rưởi,CHỬI BỚI,,0.9088
Truy cập http://vay82.com nhận 100k,SPAM,,0.986
Chị lễ tân tương đối đẹp ạ,SẠCH,,0.991
Wifi khá đáng tiền hihi,SẠCH,,0.9959
"Chủ shop gian manh, tẩy chay ngay",KÍCH ĐỘNG,,0.9409
Con cún nhà này cưng xỉu lắm,SẠCH,,0.83
Phục vụ tệ như cc,CHỬI BỚI,,0.887
tổ cha CSKH biến đi,CHỬI BỚI,,0.9466
Đồ ăn nhìn thoáng mát thực sự,SẠCH,,0.9914
Chị lễ tân hơi bị rộng rãi thực sự,SẠCH,,0.9731
Truy cập http://sex99.com xem hàng,SPAM,,0.9476
"Tuyển dụng làm online, ib zalo 0555817639",SPAM,,0.9997
Mọi thứ rất thơm tho lắm luôn,SẠCH,,0.996
Ship hàng phục vụ như đầu bùi,CHỬI BỚI,,0.6053
Wifi vãi đái,CHỬI BỚI,,0.9383
Anh chủ thực sự xuất sắc nhé,SẠCH,,0.992
vcl Khách sạn dẹp tiệm đi,CHỬI BỚI,,0.9796
Bể bơi thấy chill nha,SẠCH,,0.9949
Ship hàng tệ như đống phân,CHỬI BỚI,,0.9664
óc chó Bọn nhân viên ngu không tả được,CHỬI BỚI,,0.9912
Truy cập http://bet34.com nhận khuyến mãi,SPAM,,0.9984
Cô lao công rất tận tâm.,SẠCH,,0.932
Cái chỗ này nhìn như rác rưởi,CHỬI BỚI,,0.7659
Liên hệ 0848116040 để tư vấn,SPAM,,0.9342
Khách sạn dở như quần què,CHỬI BỚI,,0.9353
Ship hàng chán như c*c,CHỬI BỚI,,0.9676
Cô lao công thấy lung linh :)),SẠCH,,0.9901
Mọi thứ quá là xịn sò :)),SẠCH,,0.6814
Con chó nhà này hiền khô ghê,SẠCH,,0.9368
Bữa sáng đặc biệt sạch sẽ nha,SẠCH,,0.995
tiên sư Quán này ngu không tả được,CHỬI BỚI,,0.9891
Wifi trông thơm tho ạ,SẠCH,,0.9956
Thái độ bẩn như đầu bùi,CHỬI BỚI,,0.912
Dịch vụ láo toét,CHỬI BỚI,,0.9363
Truy cập http://soicau81.com xem hàng,SPAM,,0.9914
"Chủ shop lừa đảo, tránh xa ngay",KÍCH ĐỘNG,,0.6117
Mọi người treo đầu dê bán thịt chó cái cái bọn lừa đảo này nhé,KÍCH ĐỘNG,,0.9644
"Quán này gian manh, report ngay",KÍCH ĐỘNG,,0.4052
đm Cách làm ăn làm ăn chán đời,CHỬI BỚI,,0.9166
Wifi siêu đẳng cấp ^^,SẠCH,,0.9898
Bác bảo vệ phải nói là ok nha,SẠCH,,0.9878
Điều hòa nhìn như đống phân,CHỬI BỚI,,0.9259
tiên sư CSKH biến đi,CHỬI BỚI,,0.8526
Mọi thứ phải nói là chuyên nghiệp nhé,SẠCH,,0.9938
Cách bài trí thực sự chuyên nghiệp nhé,SẠCH,,0.9942
Lễ tân dở như đống phân,CHỬI BỚI,,0.9389
"Hệ thống tráo trở, đừng mua ngay",KÍCH ĐỘNG,,0.8332
"Tuyển dụng việc nhẹ, ib zalo 0997375356",SPAM,,0.9997
Ban công khá chill.,SẠCH,,0.9957
Cô lao công khá đẹp ^^,SẠCH,,0.991
Khách sạn thực sự sạch sẽ nhé,SẠCH,,0.9901
Giường nhìn thơm tho ạ,SẠCH,,0.9944
Đồ ăn phải nói là tiện lợi.,SẠCH,,0.8593
"Tuyển dụng việc nhẹ, ib zalo 0866304951",SPAM,,0.9997
Wifi tương đối tiện lợi ^^,SẠCH,,0.9905
"Tuyển dụng việc nhẹ, ib zalo 0554657946",SPAM,,0.9997
Resort cực kỳ rộng rãi <3,SẠCH,,0.995
Hệ thống thối như đống phân,CHỬI BỚI,,0.9051
Nhân viên thấy tận tâm ^^,SẠCH,,0.6352
Nhân viên vô cùng đáng tiền <3,SẠCH,,0.9898
Phòng ốc trông nhiệt tình <3,SẠCH,,0.9944
Ban công cảm thấy sạch sẽ <3,SẠCH,,0.9957
Ban công trông chuyên nghiệp <3,SẠCH,,0.9956
Nhân viên siêu tiện lợi nha,SẠCH,,0.9922
Đồ ăn siêu thơm tho nhé,SẠCH,,0.9952
"Cái chỗ này gian manh, đừng mua ngay",KÍCH ĐỘNG,,0.6355
Cách bài trí hơi bị hài lòng ạ,SẠCH,,0.9921
Phục vụ tệ như quần què,CHỬI BỚI,,0.9531
Con mụ chủ làm ăn như đầu bùi,CHỬI BỚI,,0.9875
Dịch vụ ngu như lợn,CHỬI BỚI,,0.6544
Phục vụ làm ăn như cc,CHỬI BỚI,,0.9673
Chị lễ tân thấy nhanh nhẹn ^^,SẠCH,,0.9664
Wifi thực sự ngon!,SẠCH,,0.992
Đồ ăn hơi bị dễ thương :)),SẠCH,,0.9881
Tiện nghi quá là lung linh ạ,SẠCH,,0.9931
Bọn nhân viên như lợn,CHỬI BỚI,,0.9601
Resort trông ok hihi,SẠCH,,0.9954
"Tuyển dụng việc nhẹ, ib zalo 0624403801",SPAM,,0.9997
đéo Hệ thống biến đi,CHỬI BỚI,,0.9822
đéo Cách làm ăn ngu không tả được,CHỬI BỚI,,0.6446
Bữa sáng nhìn thơm tho <3,SẠCH,,0.9948
đéo Con mụ chủ làm ăn chán đời,CHỬI BỚI,,0.9113
Homestay thực sự yên tĩnh ^^,SẠCH,,0.9928
Alo 0730054562 để vay vốn,SPAM,,0.9977
bố láo Dịch vụ dẹp tiệm đi,CHỬI BỚI,,0.5562
View thấy dễ thương nha,SẠCH,,0.996
Dịch vụ phục vụ như quần què,CHỬI BỚI,,0.4986
"Tuyển dụng việc nhẹ, ib zalo 0488314930",SPAM,,0.9997
Thái độ nhìn như hạch,CHỬI BỚI,,0.7526
"Tuyển dụng làm online, ib zalo 0426802932",SPAM,,0.9997
Dịch vụ phải nói là ổn áp nha,SẠCH,,0.9919
Đồ ăn siêu chu đáo nhé,SẠCH,,0.9942
Ship hàng làm ăn như đầu bùi,CHỬI BỚI,,0.8766
Chị lễ tân trông thoáng mát.,SẠCH,,0.9887
"Cái chỗ này tráo trở, report ngay",KÍCH ĐỘNG,,0.7115
Hệ thống như bẹn,CHỬI BỚI,,0.9675
Tư vấn 0837140383 để kết bạn,SPAM,,0.7227
"Chủ shop tráo trở, treo đầu dê bán thịt chó ngay",KÍCH ĐỘNG,,0.6946
Nước nóng cảm thấy tuyệt vời lắm luôn,SẠCH,,0.9933
"Nhà vệ sinh gian manh, làm ăn bố láo ngay",KÍCH ĐỘNG,,0.8774
Cô lao công hơi bị nhiệt tình.,SẠCH,,0.9147
Con mụ chủ tệ như chó,CHỬI BỚI,,0.9843
Cái chỗ này thối như cc,CHỬI BỚI,,0.7382
chó chết Món ăn biến đi,CHỬI BỚI,,0.8841
Món ăn nhìn như c*c,CHỬI BỚI,,0.9836
"Tuyển dụng việc nhẹ, ib zalo 0396117095",SPAM,,0.9997
"Điều hòa gian manh, lừa đảo ngay",KÍCH ĐỘNG,,0.9143
"Wifi gian manh, bóc phốt ngay",KÍCH ĐỘNG,,0.8918
Bữa sáng siêu chuyên nghiệp <3,SẠCH,,0.9955
Thằng quản lý ngu như shit,CHỬI BỚI,,0.9907
Nhà vệ sinh hơi bị nhiệt tình.,SẠCH,,0.8762
Dịch vụ tệ như l*n,CHỬI BỚI,,0.9143
Ban công phải nói là thân thiện nha,SẠCH,,0.9938
Nhân viên hơi bị tốt ạ,SẠCH,,0.9855
Giường rất nhiệt tình ^^,SẠCH,,0.9908
Bể bơi vô cùng thân thiện lắm luôn,SẠCH,,0.9898
Chủ shop bẩn như cc,CHỬI BỚI,,0.8425
Chủ quán rất xuất sắc ạ,SẠCH,,0.9862
chó chết CSKH làm ăn chán đời,CHỬI BỚI,,0.9224
"Tuyển dụng việc nhẹ, ib zalo 0770444465",SPAM,,0.9997
CSKH dở như chó,CHỬI BỚI,,0.9058
"Chủ shop tráo trở, đòi lại tiền ngay",KÍCH ĐỘNG,,0.5413
Điều hòa đặc biệt nhiệt tình ^^,SẠCH,,0.9938
Ban công đặc biệt ngon nhé,SẠCH,,0.9947
"Nhà vệ sinh tráo trở, làm ăn bố láo ngay",KÍCH ĐỘNG,,0.6857
CSKH phục vụ như hạch,CHỬI BỚI,,0.615
Thái độ ngu như rác rưởi,CHỬI BỚI,,0.5118
Ban công thấy thơm tho ạ,SẠCH,,0.9958
Dịch vụ đặc biệt sang chảnh.,SẠCH,,0.992
"CSKH lừa đảo, đòi lại tiền ngay",KÍCH ĐỘNG,,0.7597
Khách sạn dở như cứt,CHỬI BỚI,,0.8706
Ib ngay 0578847018 để tư vấn,SPAM,,0.9931
Nhà vệ sinh cực kỳ ngon!,SẠCH,,0.9902
Nhân viên hơi bị xịn sò ạ,SẠCH,,0.6966
Wifi khá lung linh.,SẠCH,,0.9955
Shop ơi mấy giờ mở cửa?,SẠCH,,0.9946
Thái độ ngu như chó,CHỬI BỚI,,0.8785
Bữa sáng quá là xuất sắc ^^,SẠCH,,0.9951
Alo 0672043377 để kết bạn,SPAM,,0.9916
tổ cha Con mụ chủ làm ăn chán đời,CHỬI BỚI,,0.957
Bể bơi khá đẹp ^^,SẠCH,,0.987
Bữa sáng tương đối sang chảnh <3,SẠCH,,0.9953
Vị trí thấy dễ thương <3,SẠCH,,0.9954
Chị lễ tân rất sạch sẽ nhé,SẠCH,,0.9923
"Tuyển dụng việc nhẹ, ib zalo 0821764800",SPAM,,0.9997
Bữa sáng đặc biệt đẳng cấp <3,SẠCH,,0.9949
Lễ tân làm ăn như quần què,CHỬI BỚI,,0.6804
Homestay đặc biệt xịn sò ^^,SẠCH,,0.6926
chó chết Khách sạn ngu không tả được,CHỬI BỚI,,0.8436
Phục vụ tệ như shit,CHỬI BỚI,,0.8233
Đồ ăn thực sự ấm cúng nha,SẠCH,,0.9945
đm Lễ tân dẹp tiệm đi,CHỬI BỚI,,0.9289
Con mèo nhà này lanh lợi ghê,SẠCH,,0.3953
Anh chủ rất ok.,SẠCH,,0.9944
Truy cập http://sex14.com xem hàng,SPAM,,0.9733
Chủ quán rất lung linh!,SẠCH,,0.9806
Bác bảo vệ siêu ok!,SẠCH,,0.9832
Ib ngay 0497785489 để vay vốn,SPAM,,0.999
"Ship hàng gian manh, treo đầu dê bán thịt chó ngay",KÍCH ĐỘNG,,0.8915
Bọn nhân viên như đống phân,CHỬI BỚI,,0.9592
Cách làm ăn dở như c*c,CHỬI BỚI,,0.9289
bố láo Cái chỗ này ngu không tả được,CHỬI BỚI,,0.9854
Nhà vệ sinh thối như đống phân,CHỬI BỚI,,0.9522
Thái độ ngu như cc,CHỬI BỚI,,0.9581
"Tuyển dụng làm online, ib zalo 0683448441",SPAM,,0.9997
Zalo 0469570620 để tư vấn,SPAM,,0.5694
Mọi thứ khá ngon lắm luôn,SẠCH,,0.995
Nhà vệ sinh thối như quần què,CHỬI BỚI,,0.9265
Mọi người bóc phốt cái bọn này nhé,KÍCH ĐỘNG,,0.9891
Nhà vệ sinh thấy hài lòng lắm luôn,SẠCH,,0.9911
"Tuyển dụng làm online, ib zalo 0579175783",SPAM,,0.9997
Cái chỗ này dở như rác rưởi,CHỬI BỚI,,0.6917
"Tuyển dụng làm online, ib zalo 0973269848",SPAM,,0.9996
khốn nạn Cái chỗ này làm ăn chán đời,CHỬI BỚI,,0.8558
Tiện nghi rất ổn áp!,SẠCH,,0.9903
Thái độ phục vụ đặc biệt nhiệt tình!,SẠCH,,0.9474
Ib ngay 0632678986 để vay vốn,SPAM,,0.9991
"Dịch vụ lừa đảo, bóc phốt ngay",KÍCH ĐỘNG,,0.9866
Homestay cảm thấy tận tâm ^^,SẠCH,,0.9889
Bể bơi hơi bị tốt lắm luôn,SẠCH,,0.9704
"CSKH tráo trở, report ngay",KÍCH ĐỘNG,,0.5711
vcl Hệ thống dẹp tiệm đi,CHỬI BỚI,,0.9775
"Lễ tân tráo trở, lừa đảo ngay",KÍCH ĐỘNG,,0.8381
Dịch vụ cực kỳ thân thiện hihi,SẠCH,,0.9898
Cô lao công cực kỳ thơm tho.,SẠCH,,0.9919
Truy cập http://bet73.com xem hàng,SPAM,,0.9957
tiên sư Nhà vệ sinh dẹp tiệm đi,CHỬI BỚI,,0.8274
Giường cảm thấy thân thiện ^^,SẠCH,,0.9911
Dịch vụ quá là xuất sắc.,SẠCH,,0.9902
"Tuyển dụng làm online, ib zalo 0963441218",SPAM,,0.9997
Mọi người gian dối cái lũ khốn này nhé,KÍCH ĐỘNG,,0.9872
Khách sạn nhìn như cc,CHỬI BỚI,,0.9707
Ban công rất chuyên nghiệp!,SẠCH,,0.9955
Bác bảo vệ đặc biệt sạch sẽ ^^,SẠCH,,0.9825
Khách sạn như đầu bùi,CHỬI BỚI,,0.8841
khốn nạn Phục vụ dẹp tiệm đi,CHỬI BỚI,,0.7852
Bọn nhân viên như bẹn,CHỬI BỚI,,0.9799
Chị lễ tân quá là tiện lợi ạ,SẠCH,,0.9941
Điều hòa tệ như cc,CHỬI BỚI,,0.9409
Truy cập http://soicau40.com nhận 100k,SPAM,,0.9791
"Món ăn lừa đảo, cạch mặt ngay",KÍCH ĐỘNG,,0.9408
Call 0751923682 để vay vốn,SPAM,,0.9921
Bể bơi quá là chu đáo!,SẠCH,,0.9845
Cách bài trí khá lung linh <3,SẠCH,,0.9957
Zalo 0725643670 để kết bạn,SPAM,,0.9829
khốn nạn Ship hàng biến đi,CHỬI BỚI,,0.8336
CSKH tệ như shit,CHỬI BỚI,,0.6317
Nước nóng hơi bị nhanh nhẹn ạ,SẠCH,,0.9587
Wifi tệ như quần què,CHỬI BỚI,,0.9523
Bữa sáng thấy sang chảnh lắm luôn,SẠCH,,0.9931
Chị lễ tân phải nói là hài lòng nhé,SẠCH,,0.9943
Ban công nhìn thân thiện nhé,SẠCH,,0.9939
Điều hòa rất ấm cúng :)),SẠCH,,0.9949
"Hệ thống lừa đảo, cẩn thận bị lừa ngay",KÍCH ĐỘNG,,0.681
Không gian siêu thân thiện ạ,SẠCH,,0.9946
Anh chủ tương đối chu đáo lắm luôn,SẠCH,,0.9658
Cái chỗ này dở như chó,CHỬI BỚI,,0.7492
Khách sạn bẩn thỉu,CHỬI BỚI,,0.7274
Con mèo nhà này thông minh ghê,SẠCH,,0.6486
ngu vãi Thằng quản lý biến đi,CHỬI BỚI,,0.9654
Nước nóng khá sang chảnh nhé,SẠCH,,0.991
Trải nghiệm thấy ok ^^,SẠCH,,0.9897
Anh em đừng bao giờ đến shop này,KÍCH ĐỘNG,,0.9924
Dịch vụ cực kỳ chill.,SẠCH,,0.9923
Thằng quản lý phục vụ như đống phân,CHỬI BỚI,,0.9724
Con mụ chủ bẩn như quần què,CHỬI BỚI,,0.9871
Call 0370396849 để vay vốn,SPAM,,0.9926
Resort nhìn tuyệt vời ^^,SẠCH,,0.9948
"Tuyển dụng việc nhẹ, ib zalo 0487160952",SPAM,,0.9997
Nhân viên khá sạch sẽ nha,SẠCH,,0.9782
Thái độ phục vụ như đầu bùi,CHỬI BỚI,,0.4745
Chủ quán đặc biệt hài lòng.,SẠCH,,0.9904
Nước nóng quá là đẳng cấp.,SẠCH,,0.8837
Khách sạn đặc biệt thoáng mát :)),SẠCH,,0.994
"Quán này tráo trở, làm ăn bố láo ngay",KÍCH ĐỘNG,,0.9015
Dịch vụ như hạch,CHỬI BỚI,,0.8586
Quán này chán như c*c,CHỬI BỚI,,0.9291
Giường quá là ngon nha,SẠCH,,0.9937
Nước nóng phải nói là thân thiện <3,SẠCH,,0.9662
"Tuyển dụng làm online, ib zalo 0388569570",SPAM,,0.9997
Hỗ trợ 0330424721 để kết bạn,SPAM,,0.5565
Món ăn như lồn,CHỬI BỚI,,0.9583
Liên hệ 0758649085 để vay vốn,SPAM,,0.999
Giường nhìn đáng tiền <3,SẠCH,,0.9908
Ship hàng làm ăn như cứt,CHỬI BỚI,,0.9226
Bữa sáng đặc biệt ngon thực sự,SẠCH,,0.994
View rất xịn sò lắm luôn,SẠCH,,0.9765
"Bọn nhân viên gian manh, cẩn thận bị lừa ngay",KÍCH ĐỘNG,,0.9799
Giường cực kỳ ấm cúng thực sự,SẠCH,,0.9952
Zalo 0829160629 để kết bạn,SPAM,,0.9909
Dịch vụ cực kỳ chill nhé,SẠCH,,0.9934
Dịch vụ quá là đẹp hihi,SẠCH,,0.9943
Bác bảo vệ rất rộng rãi!,SẠCH,,0.9136
Truy cập http://sex84.com nhận khuyến mãi,SPAM,,0.9651
Resort tương đối chu đáo nhé,SẠCH,,0.9937
Nhắn tin 0920737717 để tư vấn,SPAM,,0.9668
Cách làm ăn vãi đái,CHỬI BỚI,,0.9685
"Wifi gian manh, gian dối ngay",KÍCH ĐỘNG,,0.9394
Dịch vụ siêu ổn áp.,SẠCH,,0.8514
Lễ tân tệ như cc,CHỬI BỚI,,0.8021
Homestay cực kỳ tận tâm thực sự,SẠCH,,0.9887
Đồ ăn đặc biệt nhiệt tình nhé,SẠCH,,0.9952
Cái chỗ này nhìn như bẹn,CHỬI BỚI,,0.914
Anh chủ tương đối ngon ạ,SẠCH,,0.9934
Ban công khá ấm cúng nhé,SẠCH,,0.994
Chị lễ tân thực sự thơm tho nhé,SẠCH,,0.9956
Đồ ăn hơi bị tiện lợi nha,SẠCH,,0.9766
"CSKH lừa đảo, bóc phốt ngay",KÍCH ĐỘNG,,0.9191
Điều hòa cảm thấy hài lòng <3,SẠCH,,0.9958
Dịch vụ vô cùng ấm cúng thực sự,SẠCH,,0.9913
"Quán này gian manh, lừa đảo ngay",KÍCH ĐỘNG,,0.5441
Không gian quá là chu đáo ^^,SẠCH,,0.9888
Wifi rất ấm cúng ^^,SẠCH,,0.9941
Điều hòa nhìn nhiệt tình hihi,SẠCH,,0.9957
Truy cập http://vay52.com nhận khuyến mãi,SPAM,,0.9911
Đồ ăn cảm thấy nhiệt tình nhé,SẠCH,,0.9933
Giường vô cùng lung linh <3,SẠCH,,0.9954
Resort trông xịn sò ^^,SẠCH,,0.4766
"Khách sạn lừa đảo, làm ăn bố láo ngay",KÍCH ĐỘNG,,0.8157
Không gian thấy ổn áp ạ,SẠCH,,0.9955
Quán này thối như cứt,CHỬI BỚI,,0.5042
Nhân viên siêu chill ạ,SẠCH,,0.9604
Nhà vệ sinh nhìn như bò,CHỬI BỚI,,0.6249
Đồ ăn vô cùng tiện lợi thực sự,SẠCH,,0.9934
Truy cập http://sex74.com nhận khuyến mãi,SPAM,,0.9632
Bác bảo vệ đặc biệt xuất sắc <3,SẠCH,,0.977
Ib ngay 0433886352 để vay vốn,SPAM,,0.9984
Nhà vệ sinh cực kỳ tiện lợi nha,SẠCH,,0.9917
Khách sạn cực kỳ ổn áp nha,SẠCH,,0.9912
Bác bảo vệ vô cùng tuyệt vời <3,SẠCH,,0.9928
Wifi tệ như c*c,CHỬI BỚI,,0.9508
Truy cập http://sex85.com nhận 100k,SPAM,,0.9752
Tiện nghi phải nói là tận tâm thực sự,SẠCH,,0.9341
Anh chủ thấy nhanh nhẹn ạ,SẠCH,,0.9764
Bọn nhân viên nhìn như hạch,CHỬI BỚI,,0.9567
"Tuyển dụng làm online, ib zalo 0476653840",SPAM,,0.9997
Resort cực kỳ thân thiện nha,SẠCH,,0.9946
Thằng quản lý như quần què,CHỬI BỚI,,0.9922
Ship hàng làm ăn như rác rưởi,CHỬI BỚI,,0.8588
Phục vụ chán như đống phân,CHỬI BỚI,,0.9599
Chủ shop thối như cc,CHỬI BỚI,,0.7126
Trải nghiệm cảm thấy đẹp :)),SẠCH,,0.9953
"Điều hòa gian manh, kiện ngay",KÍCH ĐỘNG,,0.975
"Phục vụ lừa đảo, cẩn thận bị lừa ngay",KÍCH ĐỘNG,,0.7221
Homestay cực kỳ sang chảnh <3,SẠCH,,0.9956
"Chủ shop gian manh, báo công an ngay",KÍCH ĐỘNG,,0.8588
Khách sạn chán như cc,CHỬI BỚI,,0.9455
mất dạy Khách sạn làm ăn chán đời,CHỬI BỚI,,0.8031
Giường vô cùng thân thiện ạ,SẠCH,,0.9958
Quán này nhìn như bò,CHỬI BỚI,,0.6884
View tương đối rộng rãi lắm luôn,SẠCH,,0.9927
Thái độ nhìn như đống phân,CHỬI BỚI,,0.9512
Con mụ chủ phục vụ như quần què,CHỬI BỚI,,0.9461
"Tuyển dụng làm online, ib zalo 0722210834",SPAM,,0.9996
vcl Thái độ ngu không tả được,CHỬI BỚI,,0.926
bố láo Ship hàng biến đi,CHỬI BỚI,,0.7535
Homestay cực kỳ hài lòng nhé,SẠCH,,0.9944
Khách sạn quá là ổn áp ^^,SẠCH,,0.9913
Thằng quản lý bẩn như rác rưởi,CHỬI BỚI,,0.986
Chủ quán quá là xuất sắc ạ,SẠCH,,0.9879
Khách sạn cực kỳ yên tĩnh!,SẠCH,,0.9848
Resort vô cùng đẳng cấp <3,SẠCH,,0.9953
Liên hệ 0836322930 để tư vấn,SPAM,,0.8476
Nước nóng siêu đẹp.,SẠCH,,0.9938
Nhắn tin 0889402951 để vay vốn,SPAM,,0.9747
Mọi người lừa đảo cái bọn này nhé,KÍCH ĐỘNG,,0.9881
Bác bảo vệ hơi bị dễ thương!,SẠCH,,0.9437
Truy cập http://sex89.com xem hàng,SPAM,,0.9769
Phòng ốc đặc biệt đáng tiền nha,SẠCH,,0.9907
Resort tương đối chu đáo ạ,SẠCH,,0.9949
Cả nhà đừng bao giờ đến bọn này,KÍCH ĐỘNG,,0.7796
"Ship hàng tráo trở, tránh xa ngay",KÍCH ĐỘNG,,0.7617
đéo Cái chỗ này biến đi,CHỬI BỚI,,0.9767
"Chủ shop tráo trở, lừa đảo ngay",KÍCH ĐỘNG,,0.7742
Chủ shop tệ như bò,CHỬI BỚI,,0.9125
Con chó của chủ quán đáng yêu quá,SẠCH,,0.3373
"Wifi tráo trở, đừng mua ngay",KÍCH ĐỘNG,,0.993
Anh chủ trông ấm cúng.,SẠCH,,0.9225
Chị lễ tân cực kỳ rộng rãi ạ,SẠCH,,0.9905
Cái chỗ này chảnh chó,CHỬI BỚI,,0.6427
Thái độ phục vụ thấy tốt lắm luôn,SẠCH,,0.9689
Bọn nhân viên làm ăn như lợn,CHỬI BỚI,,0.9734
Quán này bẩn như chó,CHỬI BỚI,,0.6639
"Tuyển dụng làm online, ib zalo 0670209121",SPAM,,0.9997
Điều hòa phải nói là tuyệt vời.,SẠCH,,0.9948
Trải nghiệm cảm thấy chuyên nghiệp ạ,SẠCH,,0.9939
Cách bài trí cực kỳ lung linh nha,SẠCH,,0.9943
"Cách làm ăn lừa đảo, treo đầu dê bán thịt chó ngay",KÍCH ĐỘNG,,0.8614
Hỗ trợ 0512175134 để vay vốn,SPAM,,0.9992
óc chó CSKH dẹp tiệm đi,CHỬI BỚI,,0.9861
Chủ shop tệ như hạch,CHỬI BỚI,,0.4844
Phòng ốc siêu tuyệt vời ^^,SẠCH,,0.9914
Nước nóng quá là thơm tho.,SẠCH,,0.986
Khách sạn nhìn như quần què,CHỬI BỚI,,0.9229
"Tuyển dụng việc nhẹ, ib zalo 0679833743",SPAM,,0.9997
Cách bài trí vô cùng nhanh nhẹn thực sự,SẠCH,,0.9885
tổ cha Ship hàng ngu không tả được,CHỬI BỚI,,0.986
Wifi chán như đống phân,CHỬI BỚI,,0.9536
Bọn nhân viên dở như bò,CHỬI BỚI,,0.9908
"Tuyển dụng làm online, ib zalo 0728031036",SPAM,,0.9997
Cô lao công phải nói là tuyệt vời lắm luôn,SẠCH,,0.9802
chó chết Ship hàng ngu không tả được,CHỬI BỚI,,0.8587
Khách sạn chán như chó,CHỬI BỚI,,0.9559
Call 0714564315 để tư vấn,SPAM,,0.973
Mọi người làm ăn bố láo cái quán này nhé,KÍCH ĐỘNG,,0.9714
Con mèo nhà này cưng xỉu lắm,SẠCH,,0.8846
Bác bảo vệ cảm thấy thoáng mát nhé,SẠCH,,0.9938
CSKH ngu như lợn,CHỬI BỚI,,0.9852
đéo Nhà vệ sinh làm ăn chán đời,CHỬI BỚI,,0.9773
Chủ quán vô cùng chuyên nghiệp nhé,SẠCH,,0.9895
"Tuyển dụng làm online, ib zalo 0963072713",SPAM,,0.9997
Bọn nhân viên làm ăn như c*c,CHỬI BỚI,,0.9803
Nhà vệ sinh cảm thấy ngon :)),SẠCH,,0.9916
Hỗ trợ 0441975431 để vay vốn,SPAM,,0.9993
Khách sạn cực kỳ nhiệt tình ^^,SẠCH,,0.9866
Vị trí khá rộng rãi thực sự,SẠCH,,0.9847
Con mụ chủ làm ăn như bẹn,CHỬI BỚI,,0.9826
Nhân viên thực sự sang chảnh ạ,SẠCH,,0.9939
Giường quá là yên tĩnh :)),SẠCH,,0.9955
"Khách sạn gian manh, cạch mặt ngay",KÍCH ĐỘNG,,0.5791
Bể bơi cực kỳ chuyên nghiệp <3,SẠCH,,0.9926
Tư vấn 0440648240 để kết bạn,SPAM,,0.7884
Chủ quán quá là nhanh nhẹn nha,SẠCH,,0.9835
"Tuyển dụng làm online, ib zalo 0868036684",SPAM,,0.9997
mất dạy Dịch vụ ngu không tả được,CHỬI BỚI,,0.8955
Lễ tân ngu như chó,CHỬI BỚI,,0.6081
Mọi thứ phải nói là thoáng mát <3,SẠCH,,0.9958
"Cách làm ăn tráo trở, report ngay",KÍCH ĐỘNG,,0.9847
khốn nạn Quán này làm ăn chán đời,CHỬI BỚI,,0.5168
chó chết Phục vụ dẹp tiệm đi,CHỬI BỚI,,0.9166
Ib ngay 0499708292 để kết bạn,SPAM,,0.9919
Hệ thống bẩn như shit,CHỬI BỚI,,0.8134
Mọi người làm ăn bố láo cái chỗ này nhé,KÍCH ĐỘNG,,0.9659
Homestay vô cùng lung linh!,SẠCH,,0.9938
Nước nóng nhìn yên tĩnh hihi,SẠCH,,0.9899
Call 0367172751 để nhận quà,SPAM,,0.9938
Con mụ chủ hãm lờ,CHỬI BỚI,,0.9831
Lễ tân làm ăn như đống phân,CHỬI BỚI,,0.9701
"Món ăn tráo trở, bóc phốt ngay",KÍCH ĐỘNG,,0.8225
Truy cập http://sex38.com nhận 100k,SPAM,,0.963
Nhà vệ sinh trông yên tĩnh thực sự,SẠCH,,0.9805
ngu vãi Phục vụ dẹp tiệm đi,CHỬI BỚI,,0.9314
Cách bài trí thấy đẳng cấp!,SẠCH,,0.9237
Chủ shop nhìn như chó,CHỬI BỚI,,0.7835
Ib ngay 0327241106 để nhận quà,SPAM,,0.9844
Chủ quán đặc biệt chu đáo nha,SẠCH,,0.9863
Nhà vệ sinh bẩn như lợn,CHỬI BỚI,,0.9216
View phải nói là tuyệt vời :)),SẠCH,,0.9961
"Cách làm ăn tráo trở, đừng mua ngay",KÍCH ĐỘNG,,0.612
Con cún của chủ quán lanh lợi quá,SẠCH,,0.5591
Bác bảo vệ phải nói là sạch sẽ!,SẠCH,,0.8155
Wifi cực kỳ đẹp ạ,SẠCH,,0.9957
Bể bơi thực sự tuyệt vời.,SẠCH,,0.9901
Trải nghiệm tương đối lung linh.,SẠCH,,0.9923
Cái chỗ này làm ăn như hạch,CHỬI BỚI,,0.5562
mất dạy Quán này biến đi,CHỬI BỚI,,0.8226
tiên sư Món ăn làm ăn chán đời,CHỬI BỚI,,0.7251
Khách sạn làm ăn như shit,CHỬI BỚI,,0.9475
"Phục vụ tráo trở, bóc phốt ngay",KÍCH ĐỘNG,,0.7992
Truy cập http://bet44.com xem hàng,SPAM,,0.995
Chủ quán quá là đáng tiền hihi,SẠCH,,0.9867
mẹ kiếp Bọn nhân viên làm ăn chán đời,CHỬI BỚI,,0.9757
Mọi người bóc phốt cái quán này nhé,KÍCH ĐỘNG,,0.7506
Đồ ăn đặc biệt dễ thương hihi,SẠCH,,0.9947
Bể bơi siêu chill lắm luôn,SẠCH,,0.9948
Ship hàng phục vụ như hạch,CHỬI BỚI,,0.6664
Hệ thống phục vụ như c*c,CHỬI BỚI,,0.9396
Mọi thứ cảm thấy lung linh!,SẠCH,,0.9952
vcl Dịch vụ biến đi,CHỬI BỚI,,0.9761
Truy cập http://soicau82.com nhận 100k,SPAM,,0.9851
Điều hòa tệ như chó,CHỬI BỚI,,0.919
Hệ thống như l*n,CHỬI BỚI,,0.7888
Lễ tân như quần què,CHỬI BỚI,,0.8922
đm Điều hòa biến đi,CHỬI BỚI,,0.8542
CSKH thối như lợn,CHỬI BỚI,,0.8556
ngu vãi Dịch vụ biến đi,CHỬI BỚI,,0.9392
Cái chỗ này thối như l*n,CHỬI BỚI,,0.6994
"Tuyển dụng việc nhẹ, ib zalo 0496784546",SPAM,,0.9997
Anh em đừng bao giờ đến bọn này,KÍCH ĐỘNG,,0.6322
đéo Điều hòa dẹp tiệm đi,CHỬI BỚI,,0.9831
Truy cập http://vay52.com xem hàng,SPAM,,0.9872
Khách sạn khá tốt ạ,SẠCH,,0.9947
Điều hòa dở như quần què,CHỬI BỚI,,0.8242
Mọi người cạch mặt cái quán này nhé,KÍCH ĐỘNG,,0.5478
Dịch vụ chán như rác rưởi,CHỬI BỚI,,0.9131
"Món ăn gian manh, báo công an ngay",KÍCH ĐỘNG,,0.8489
mẹ kiếp Dịch vụ ngu không tả được,CHỬI BỚI,,0.9452
"Bọn nhân viên tráo trở, gian dối ngay",KÍCH ĐỘNG,,0.8455
Điều hòa tệ như bò,CHỬI BỚI,,0.9352
Bữa sáng trông đáng tiền!,SẠCH,,0.9858
Chị lễ tân tương đối chill nhé,SẠCH,,0.991
View siêu sang chảnh ^^,SẠCH,,0.9941
Bữa sáng khá dễ thương ạ,SẠCH,,0.9958
"Nhà vệ sinh lừa đảo, gian dối ngay",KÍCH ĐỘNG,,0.9257
"Cách làm ăn gian manh, cạch mặt ngay",KÍCH ĐỘNG,,0.4738
Không gian tương đối xịn sò thực sự,SẠCH,,0.7071
"Wifi gian manh, report ngay",KÍCH ĐỘNG,,0.8772
"Tuyển dụng việc nhẹ, ib zalo 0466400406",SPAM,,0.9997
"Chủ shop lừa đảo, report ngay",KÍCH ĐỘNG,,0.4787
Homestay tương đối thân thiện ^^,SẠCH,,0.9866
Mọi thứ phải nói là đẹp thực sự,SẠCH,,0.9962
Dịch vụ hơi bị tuyệt vời lắm luôn,SẠCH,,0.9938
Nhà vệ sinh vãi đái,CHỬI BỚI,,0.9693
Bọn nhân viên như cc,CHỬI BỚI,,0.9838
Ban công cảm thấy nhanh nhẹn nha,SẠCH,,0.9943
Đồ ăn khá lung linh nhé,SẠCH,,0.9951
Chủ quán cực kỳ đáng tiền :)),SẠCH,,0.9924
mất dạy Ship hàng biến đi,CHỬI BỚI,,0.4459
Wifi quá là thoáng mát thực sự,SẠCH,,0.9958
Điều hòa nhìn như cứt,CHỬI BỚI,,0.7461
Bữa sáng khá đáng tiền thực sự,SẠCH,,0.9951
Tiện nghi cảm thấy ngon hihi,SẠCH,,0.9876
Call 0550403564 để tư vấn,SPAM,,0.9773
Con chó của chủ quán cưng xỉu ghê,SẠCH,,0.9751
bố láo Cách làm ăn làm ăn chán đời,CHỬI BỚI,,0.9484
Nhà vệ sinh rất thơm tho <3,SẠCH,,0.9948
"Tuyển dụng làm online, ib zalo 0629298990",SPAM,,0.9997
Quán này nhìn như shit,CHỬI BỚI,,0.6897
Ban công vô cùng xịn sò nhé,SẠCH,,0.9013
Nhắn tin 0582318888 để tư vấn,SPAM,,0.9613
Không gian cảm thấy ấm cúng thực sự,SẠCH,,0.9893
"Quán này lừa đảo, report ngay",KÍCH ĐỘNG,,0.4485
Quán này như rác rưởi,CHỬI BỚI,,0.8539
"Nhà vệ sinh tráo trở, gian dối ngay",KÍCH ĐỘNG,,0.9142
Thái độ phục vụ trông ấm cúng.,SẠCH,,0.9322
Hệ thống tệ như shit,CHỬI BỚI,,0.7275
Thái độ ngu như shit,CHỬI BỚI,,0.8113
Không gian đặc biệt thoáng mát :)),SẠCH,,0.9943
Chủ shop phục vụ như l*n,CHỬI BỚI,,0.6437
Bác bảo vệ vô cùng đáng tiền nhé,SẠCH,,0.9939
Phòng ốc tương đối ấm cúng nhé,SẠCH,,0.9818
Nhắn tin 0984872904 để tư vấn,SPAM,,0.9715
Phòng ốc tương đối ổn áp nha,SẠCH,,0.7032
"Cái chỗ này gian manh, report ngay",KÍCH ĐỘNG,,0.4872
mẹ kiếp Cách làm ăn làm ăn chán đời,CHỬI BỚI,,0.8267
Bữa sáng phải nói là tận tâm ạ,SẠCH,,0.9942
Truy cập http://sex28.com nhận 100k,SPAM,,0.9551
Khách sạn hơi bị thân thiện!,SẠCH,,0.9694
Cách bài trí rất tốt!,SẠCH,,0.9952
Phục vụ chán như bẹn,CHỬI BỚI,,0.9648
Resort đặc biệt yên tĩnh ạ,SẠCH,,0.9951
Zalo 0319728833 để tư vấn,SPAM,,0.6962
Nước nóng siêu lung linh <3,SẠCH,,0.9954
Wifi khá thoáng mát nhé,SẠCH,,0.9948
Mọi thứ hơi bị nhiệt tình nha,SẠCH,,0.9946
Phục vụ chảnh chó,CHỬI BỚI,,0.8978
Quán này tệ như rác rưởi,CHỬI BỚI,,0.7838
Ban công siêu sạch sẽ hihi,SẠCH,,0.9952
Ship hàng tệ như chó,CHỬI BỚI,,0.9368
Mọi thứ nhìn tốt hihi,SẠCH,,0.996
Zalo 0857588615 để vay vốn,SPAM,,0.9994
Khách sạn phải nói là thoáng mát :)),SẠCH,,0.9868
Cái chỗ này dở như lợn,CHỬI BỚI,,0.7866
Truy cập http://soicau51.com xem hàng,SPAM,,0.9876
Truy cập http://sex77.com nhận khuyến mãi,SPAM,,0.9209
Con chó nhà này lanh lợi ghê,SẠCH,,0.9695
Bọn nhân viên phục vụ như chó,CHỬI BỚI,,0.8812
Món ăn bẩn như quần què,CHỬI BỚI,,0.9241
Chị lễ tân đặc biệt nhanh nhẹn lắm luôn,SẠCH,,0.96
Nhắn tin 0581881328 để tư vấn,SPAM,,0.974
"Hệ thống tráo trở, bóc phốt ngay",KÍCH ĐỘNG,,0.4852
Bữa sáng vô cùng hài lòng ạ,SẠCH,,0.9954
Phòng ốc tương đối ổn áp hihi,SẠCH,,0.9915
Ban công quá là ấm cúng ^^,SẠCH,,0.9935
Cô lao công siêu lung linh.,SẠCH,,0.8021
Nhắn tin 0827281490 để nhận quà,SPAM,,0.9903
mất dạy Bọn nhân viên biến đi,CHỬI BỚI,,0.9508
Trải nghiệm đặc biệt ấm cúng nhé,SẠCH,,0.9916
CSKH thối hoắc,CHỬI BỚI,,0.9693
Bữa sáng quá là ấm cúng!,SẠCH,,0.9928
"Món ăn tráo trở, lừa đảo ngay",KÍCH ĐỘNG,,0.8735
óc chó Lễ tân dẹp tiệm đi,CHỬI BỚI,,0.9573
"Cách làm ăn tráo trở, cạch mặt ngay",KÍCH ĐỘNG,,0.9085
mất dạy Điều hòa biến đi,CHỬI BỚI,,0.5005
Giường rất nhanh nhẹn :)),SẠCH,,0.9906
Giường cực kỳ tuyệt vời <3,SẠCH,,0.9955
Alo 0656677809 để nhận quà,SPAM,,0.9957
Cô lao công quá là tốt!,SẠCH,,0.9904
"Dịch vụ gian manh, lừa đảo ngay",KÍCH ĐỘNG,,0.8908
Call 0493161870 để vay vốn,SPAM,,0.9915
"Phục vụ gian manh, cạch mặt ngay",KÍCH ĐỘNG,,0.8108
Truy cập http://vay37.com nhận 100k,SPAM,,0.9854
Cách bài trí vô cùng đẹp hihi,SẠCH,,0.9958
vcl CSKH biến đi,CHỬI BỚI,,0.9105
Phục vụ vãi đái,CHỬI BỚI,,0.9536
Con mèo nhà này đáng yêu ghê,SẠCH,,0.9565
"Hệ thống lừa đảo, kiện ngay",KÍCH ĐỘNG,,0.4683
Lễ tân phục vụ như cứt,CHỬI BỚI,,0.8063
Mọi thứ phải nói là lung linh ạ,SẠCH,,0.9957
"Tuyển dụng việc nhẹ, ib zalo 0553386431",SPAM,,0.9997
Bữa sáng vô cùng ngon :)),SẠCH,,0.995
Nhân viên vô cùng tốt thực sự,SẠCH,,0.9614
Bể bơi cảm thấy lung linh nhé,SẠCH,,0.9933
Lễ tân dở như quần què,CHỬI BỚI,,0.7632
"Tuyển dụng việc nhẹ, ib zalo 0648406805",SPAM,,0.9997
"Tuyển dụng làm online, ib zalo 0342126952",SPAM,,0.9997
Thằng quản lý chán như cứt,CHỬI BỚI,,0.9847
Hỗ trợ 0590253113 để vay vốn,SPAM,,0.9957
Đồ ăn hơi bị hài lòng nha,SẠCH,,0.9922
Nhà vệ sinh thấy ổn áp hihi,SẠCH,,0.9935
"Điều hòa gian manh, làm ăn bố láo ngay",KÍCH ĐỘNG,,0.5356
Chị lễ tân nhìn thân thiện nha,SẠCH,,0.9865
"Khách sạn gian manh, tẩy chay ngay",KÍCH ĐỘNG,,0.5898
đéo Món ăn biến đi,CHỬI BỚI,,0.9834
tiên sư Quán này biến đi,CHỬI BỚI,,0.8472
Thái độ phục vụ cảm thấy ok :)),SẠCH,,0.9926
Thái độ vãi đái,CHỬI BỚI,,0.9747
tổ cha Quán này ngu không tả được,CHỬI BỚI,,0.9888
Dịch vụ siêu hài lòng.,SẠCH,,0.9667
Đồ ăn đặc biệt xịn sò thực sự,SẠCH,,0.982
Nhân viên quá là chuyên nghiệp ^^,SẠCH,,0.9893
Con chó của chủ quán dễ thương ghê,SẠCH,,0.5278
Lễ tân như c*c,CHỬI BỚI,,0.8977
Truy cập http://sex54.com nhận 100k,SPAM,,0.9568
vcl Hệ thống ngu không tả được,CHỬI BỚI,,0.9213
Ship hàng vãi đái,CHỬI BỚI,,0.9418
"Tuyển dụng làm online, ib zalo 0723858335",SPAM,,0.9996
Chủ shop nhìn như rác rưởi,CHỬI BỚI,,0.3527
View cảm thấy đẹp!,SẠCH,,0.9947
Hotline 0648867118 để tư vấn,SPAM,,0.9175
Không gian cảm thấy ok.,SẠCH,,0.9929
"Hệ thống gian manh, dối trá ngay",KÍCH ĐỘNG,,0.74
Bác bảo vệ hơi bị hài lòng nha,SẠCH,,0.9834
đéo Lễ tân ngu không tả được,CHỬI BỚI,,0.5882
Món ăn thối như cứt,CHỬI BỚI,,0.7395
mất dạy Thằng quản lý ngu không tả được,CHỬI BỚI,,0.9918
Khách sạn hơi bị rộng rãi nha,SẠCH,,0.959
Nước nóng hơi bị xịn sò nhé,SẠCH,,0.7057
Thái độ làm ăn như chó,CHỬI BỚI,,0.9308
Vị trí trông sang chảnh ạ,SẠCH,,0.9906
Phòng ốc đặc biệt đẹp nhé,SẠCH,,0.9933
Vị trí cảm thấy chuyên nghiệp nhé,SẠCH,,0.9927
đéo Phục vụ làm ăn chán đời,CHỬI BỚI,,0.9692
mẹ kiếp Lễ tân ngu không tả được,CHỬI BỚI,,0.9806
Dịch vụ cực kỳ đẹp lắm luôn,SẠCH,,0.9831
Zalo 0742215235 để kết bạn,SPAM,,0.786
Điều hòa hơi bị yên tĩnh lắm luôn,SẠCH,,0.9843
Khách sạn ngu như l*n,CHỬI BỚI,,0.7483
Thái độ thối như bẹn,CHỬI BỚI,,0.8218
Nước nóng hơi bị lung linh nha,SẠCH,,0.9705
Truy cập http://bet44.com nhận khuyến mãi,SPAM,,0.9984
Điều hòa khá rộng rãi.,SẠCH,,0.9836
View quá là xịn sò ^^,SẠCH,,0.9574
Dịch vụ quá là thơm tho :)),SẠCH,,0.9957
vcl Dịch vụ ngu không tả được,CHỬI BỚI,,0.9531
ngu vãi Ship hàng biến đi,CHỬI BỚI,,0.9154
Cái chỗ này ngu như hạch,CHỬI BỚI,,0.9319
Anh chủ phải nói là tuyệt vời :)),SẠCH,,0.9935
Ban công vô cùng hài lòng ^^,SẠCH,,0.9958
Điều hòa dở như shit,CHỬI BỚI,,0.7735
vcl Thái độ biến đi,CHỬI BỚI,,0.9812
Dịch vụ ngu như đầu bùi,CHỬI BỚI,,0.8995
ngu vãi Thái độ dẹp tiệm đi,CHỬI BỚI,,0.9245
Anh chủ cảm thấy nhanh nhẹn hihi,SẠCH,,0.9908
Phục vụ ngu như cứt,CHỬI BỚI,,0.6717
Wifi ngu như bẹn,CHỬI BỚI,,0.5366
Không gian hơi bị thân thiện nha,SẠCH,,0.9908
Wifi chán như c*c,CHỬI BỚI,,0.9758
Khách sạn khá tận tâm :)),SẠCH,,0.9928
Truy cập http://sex36.com nhận khuyến mãi,SPAM,,0.9597
"Nhà vệ sinh lừa đảo, lừa đảo ngay",KÍCH ĐỘNG,,0.825
Món ăn ngu như bò,CHỬI BỚI,,0.9297
"Con mụ chủ lừa đảo, báo công an ngay",KÍCH ĐỘNG,,0.9825
Không gian nhìn tuyệt vời.,SẠCH,,0.9929
Vị trí hơi bị ok ạ,SẠCH,,0.9753
Tư vấn 0423308671 để nhận quà,SPAM,,0.9779
ngu vãi Lễ tân dẹp tiệm đi,CHỬI BỚI,,0.9343
Bữa sáng thấy yên tĩnh lắm luôn,SẠCH,,0.9934
tổ cha Lễ tân ngu không tả được,CHỬI BỚI,,0.9888
Dịch vụ bẩn như cứt,CHỬI BỚI,,0.7217
chó chết Ship hàng dẹp tiệm đi,CHỬI BỚI,,0.9586
"Tuyển dụng việc nhẹ, ib zalo 0858229657",SPAM,,0.9997
"Tuyển dụng làm online, ib zalo 0992921411",SPAM,,0.9997
Các bạn tẩy chay gấp bọn này,KÍCH ĐỘNG,,0.9437
"Tuyển dụng làm online, ib zalo 0361125269",SPAM,,0.9996
"Nhà vệ sinh tráo trở, đừng mua ngay",KÍCH ĐỘNG,,0.963
Trải nghiệm hơi bị tiện lợi nha,SẠCH,,0.9888
Wifi quá là tuyệt vời thực sự,SẠCH,,0.9959
Đồ ăn thực sự hài lòng lắm luôn,SẠCH,,0.9944
Thái độ dở như lợn,CHỬI BỚI,,0.877
Cho mình hỏi giá bao nhiêu?,SẠCH,,0.9879
Điều hòa tệ như đầu bùi,CHỬI BỚI,,0.6659
Ship hàng tệ như đầu bùi,CHỬI BỚI,,0.7405
Bọn nhân viên dở như chó,CHỬI BỚI,,0.9824
"Wifi lừa đảo, tránh xa ngay",KÍCH ĐỘNG,,0.506
Nhà vệ sinh phục vụ như c*c,CHỬI BỚI,,0.9716
"Tuyển dụng việc nhẹ, ib zalo 0574453478",SPAM,,0.9997
mất dạy Chủ shop làm ăn chán đời,CHỬI BỚI,,0.8086
"Tuyển dụng làm online, ib zalo 0933451329",SPAM,,0.9996
Mọi thứ trông tận tâm <3,SẠCH,,0.9954
Điều hòa cực kỳ đẹp ạ,SẠCH,,0.9951
Không gian siêu dễ thương nha,SẠCH,,0.9959
Cái chỗ này chán như quần què,CHỬI BỚI,,0.84
Anh chủ nhìn tận tâm.,SẠCH,,0.9279
"Ship hàng lừa đảo, dối trá ngay",KÍCH ĐỘNG,,0.9138
Đồ ăn vô cùng thoáng mát lắm luôn,SẠCH,,0.9929
ngu vãi Dịch vụ ngu không tả được,CHỬI BỚI,,0.9157
tổ cha Ship hàng dẹp tiệm đi,CHỬI BỚI,,0.5688
Nhà vệ sinh bẩn như rác rưởi,CHỬI BỚI,,0.8787
Resort rất xuất sắc nhé,SẠCH,,0.9956
Resort đặc biệt tận tâm.,SẠCH,,0.9939
Thái độ phục vụ như shit,CHỬI BỚI,,0.7317
Mọi thứ siêu đáng tiền thực sự,SẠCH,,0.9648
Điều hòa cực kỳ ổn áp nha,SẠCH,,0.9943
mẹ kiếp Khách sạn biến đi,CHỬI BỚI,,0.7998
Truy cập http://soicau88.com nhận khuyến mãi,SPAM,,0.9879
Bọn nhân viên tệ như lợn,CHỬI BỚI,,0.9563
Cách bài trí trông yên tĩnh.,SẠCH,,0.9582
ngu vãi Cách làm ăn làm ăn chán đời,CHỬI BỚI,,0.9215
"Dịch vụ lừa đảo, kiện ngay",KÍCH ĐỘNG,,0.9946
Con mụ chủ thối như c*c,CHỬI BỚI,,0.9877
"Tuyển dụng việc nhẹ, ib zalo 0514434228",SPAM,,0.9997
Con mèo nhà này thông minh lắm,SẠCH,,0.8277
Điều hòa rất thơm tho.,SẠCH,,0.9955
Thằng quản lý phục vụ như bò,CHỬI BỚI,,0.9907
mẹ kiếp Nhà vệ sinh dẹp tiệm đi,CHỬI BỚI,,0.7565
"Món ăn tráo trở, report ngay",KÍCH ĐỘNG,,0.9928
Chủ shop chán như c*c,CHỬI BỚI,,0.7694
chó chết Cách làm ăn dẹp tiệm đi,CHỬI BỚI,,0.8839
ngu vãi Cái chỗ này ngu không tả được,CHỬI BỚI,,0.8634
Dịch vụ rất đẹp!,SẠCH,,0.9724
Resort đặc biệt nhiệt tình lắm luôn,SẠCH,,0.9949
vcl Ship hàng làm ăn chán đời,CHỬI BỚI,,0.98
"Tuyển dụng việc nhẹ, ib zalo 0637458034",SPAM,,0.9997
"Wifi tráo trở, tẩy chay ngay",KÍCH ĐỘNG,,0.4671
chó chết Bọn nhân viên ngu không tả được,CHỬI BỚI,,0.9855
Khách sạn trông yên tĩnh.,SẠCH,,0.969
Ship hàng nhìn như cc,CHỬI BỚI,,0.9726
"Hệ thống gian manh, cạch mặt ngay",KÍCH ĐỘNG,,0.6427
Anh chủ cảm thấy chuyên nghiệp ^^,SẠCH,,0.9919
"Nhà vệ sinh lừa đảo, báo công an ngay",KÍCH ĐỘNG,,0.7323
CSKH bẩn như c*c,CHỬI BỚI,,0.9755
Bác bảo vệ thấy ấm cúng!,SẠCH,,0.9753
Nhân viên quá là tiện lợi nhé,SẠCH,,0.9913
Tiện nghi thấy chill nhé,SẠCH,,0.9826
Con mụ chủ dở như rác rưởi,CHỬI BỚI,,0.987
Cô lao công trông xịn sò :)),SẠCH,,0.7942
ngu vãi Lễ tân ngu không tả được,CHỬI BỚI,,0.5759
Lễ tân thối như chó,CHỬI BỚI,,0.8973
"Cách làm ăn lừa đảo, tránh xa ngay",KÍCH ĐỘNG,,0.6694
Nhắn tin 0793377004 để tư vấn,SPAM,,0.9663
Phòng ốc phải nói là chu đáo :)),SẠCH,,0.9911
Nhà vệ sinh đặc biệt nhiệt tình lắm luôn,SẠCH,,0.9858
Homestay vô cùng xịn sò <3,SẠCH,,0.6505
Chị lễ tân quá là dễ thương <3,SẠCH,,0.9939
"Khách sạn gian manh, tránh xa ngay",KÍCH ĐỘNG,,0.6196
Mọi người report cái chỗ này nhé,KÍCH ĐỘNG,,0.9309
Chủ quán quá là sạch sẽ ^^,SẠCH,,0.9747
Wifi dở như đầu bùi,CHỬI BỚI,,0.8218
Nhân viên phải nói là hài lòng hihi,SẠCH,,0.9912
Bọn nhân viên thối như hạch,CHỬI BỚI,,0.9898
Nhân viên vô cùng đẳng cấp ạ,SẠCH,,0.9941
Ship hàng như lồn,CHỬI BỚI,,0.9399
Truy cập http://sex95.com nhận 100k,SPAM,,0.9725
Đồ ăn phải nói là rộng rãi ^^,SẠCH,,0.8157
Chủ quán khá nhiệt tình thực sự,SẠCH,,0.9871
Phòng ốc siêu sang chảnh hihi,SẠCH,,0.9935
Quán này như c*c,CHỬI BỚI,,0.924
chó chết Hệ thống làm ăn chán đời,CHỬI BỚI,,0.6769
Cách bài trí quá là thơm tho nha,SẠCH,,0.9958
"Chủ shop gian manh, kiện ngay",KÍCH ĐỘNG,,0.9649
đm Thái độ ngu không tả được,CHỬI BỚI,,0.7916
"Tuyển dụng làm online, ib zalo 0785974907",SPAM,,0.9997
tiên sư Phục vụ dẹp tiệm đi,CHỬI BỚI,,0.9248
ngu vãi Món ăn biến đi,CHỬI BỚI,,0.9704
Món ăn thối như cc,CHỬI BỚI,,0.9702
Không gian cực kỳ sạch sẽ ạ,SẠCH,,0.9946
Resort đặc biệt yên tĩnh lắm luôn,SẠCH,,0.9938
Phòng ốc cảm thấy nhanh nhẹn lắm luôn,SẠCH,,0.9913
Cách làm ăn chán như hạch,CHỬI BỚI,,0.8509
Ban công khá tốt hihi,SẠCH,,0.996
Truy cập http://bet79.com nhận 100k,SPAM,,0.9815
Truy cập http://soicau63.com xem hàng,SPAM,,0.9892
đm Món ăn dẹp tiệm đi,CHỬI BỚI,,0.9749
Điều hòa siêu sạch sẽ thực sự,SẠCH,,0.9917
Con cún nhà này thông minh quá,SẠCH,,0.9305
Bữa sáng vô cùng ok.,SẠCH,,0.9952
Ban công quá là ấm cúng ạ,SẠCH,,0.9948
Khách sạn làm ăn như quần què,CHỬI BỚI,,0.9063
Lễ tân dở như c*c,CHỬI BỚI,,0.921
Bể bơi thực sự rộng rãi ^^,SẠCH,,0.9472
bố láo Cách làm ăn dẹp tiệm đi,CHỬI BỚI,,0.9552
tổ cha Wifi làm ăn chán đời,CHỬI BỚI,,0.9279
Đồ ăn vô cùng tận tâm ạ,SẠCH,,0.9957
Truy cập http://vay30.com nhận khuyến mãi,SPAM,,0.9894
Bể bơi quá là đẳng cấp ạ,SẠCH,,0.9903
Khách sạn đặc biệt thoáng mát ^^,SẠCH,,0.9857
"Wifi lừa đảo, treo đầu dê bán thịt chó ngay",KÍCH ĐỘNG,,0.9427
Hệ thống thối hoắc,CHỬI BỚI,,0.8277
Bác bảo vệ siêu hài lòng <3,SẠCH,,0.9935
Cô lao công quá là chu đáo :)),SẠCH,,0.9702
CSKH thối như đống phân,CHỬI BỚI,,0.9241
Ban công trông rộng rãi nha,SẠCH,,0.9923
"Ship hàng tráo trở, kiện ngay",KÍCH ĐỘNG,,0.9338
Resort hơi bị tốt nha,SẠCH,,0.9948
"Cái chỗ này tráo trở, dối trá ngay",KÍCH ĐỘNG,,0.812
"Tuyển dụng việc nhẹ, ib zalo 0770048639",SPAM,,0.9997
Phục vụ làm ăn như bò,CHỬI BỚI,,0.8784
"Tuyển dụng việc nhẹ, ib zalo 0693291182",SPAM,,0.9997
"Lễ tân lừa đảo, dối trá ngay",KÍCH ĐỘNG,,0.931
"Khách sạn tráo trở, đòi lại tiền ngay",KÍCH ĐỘNG,,0.5332
Bữa sáng siêu tận tâm nhé,SẠCH,,0.9953
Nhân viên cảm thấy đáng tiền.,SẠCH,,0.6041
Chủ shop làm ăn như c*c,CHỬI BỚI,,0.5117
Ban công cảm thấy sạch sẽ hihi,SẠCH,,0.9957
Không gian cảm thấy rộng rãi ^^,SẠCH,,0.9772
View thấy sạch sẽ ^^,SẠCH,,0.9945
Bọn nhân viên dở như đống phân,CHỬI BỚI,,0.9814
Truy cập http://bet94.com nhận khuyến mãi,SPAM,,0.9985
Dịch vụ phải nói là chuyên nghiệp ạ,SẠCH,,0.9896
ngu vãi Điều hòa làm ăn chán đời,CHỬI BỚI,,0.9508
vcl Khách sạn làm ăn chán đời,CHỬI BỚI,,0.9808
Con cún nhà này dễ thương ghê,SẠCH,,0.9769
Truy cập http://vay58.com nhận 100k,SPAM,,0.985
Nước nóng thực sự tốt lắm luôn,SẠCH,,0.9917
Truy cập http://bet89.com nhận 100k,SPAM,,0.8849
vcl Lễ tân làm ăn chán đời,CHỬI BỚI,,0.9772
Truy cập http://soicau83.com nhận 100k,SPAM,,0.986
Món ăn phục vụ như c*c,CHỬI BỚI,,0.9754
Chị lễ tân phải nói là xuất sắc hihi,SẠCH,,0.9921
Con mụ chủ như c*c,CHỬI BỚI,,0.98
Không gian quá là sang chảnh hihi,SẠCH,,0.9938
Resort rất nhanh nhẹn <3,SẠCH,,0.9945
Bữa sáng phải nói là yên tĩnh thực sự,SẠCH,,0.9945
Nhà vệ sinh chán như hạch,CHỬI BỚI,,0.9037
Cái chỗ này phục vụ như rác rưởi,CHỬI BỚI,,0.86
Thằng quản lý tệ như cứt,CHỬI BỚI,,0.9869
Chủ shop phục vụ như đầu bùi,CHỬI BỚI,,0.5128
Phục vụ thối như cc,CHỬI BỚI,,0.9299
Cô lao công trông chill lắm luôn,SẠCH,,0.9791
Mọi thứ siêu rộng rãi :)),SẠCH,,0.9932
Trải nghiệm siêu sang chảnh nha,SẠCH,,0.9947
Ib ngay 0962211416 để tư vấn,SPAM,,0.9857
óc chó Quán này dẹp tiệm đi,CHỬI BỚI,,0.9836
Ship hàng chán như cc,CHỬI BỚI,,0.9676
Bể bơi siêu xuất sắc thực sự,SẠCH,,0.9947
Chủ shop chán như cứt,CHỬI BỚI,,0.6198
"Wifi lừa đảo, dối trá ngay",KÍCH ĐỘNG,,0.9296
Giường rất hài lòng thực sự,SẠCH,,0.9946
"Món ăn lừa đảo, lừa đảo ngay",KÍCH ĐỘNG,,0.9129
Phòng ốc thấy dễ thương thực sự,SẠCH,,0.995
Anh chủ thấy ấm cúng ^^,SẠCH,,0.9881
bố láo Ship hàng ngu không tả được,CHỬI BỚI,,0.9826
Thái độ bẩn như cc,CHỬI BỚI,,0.7593
"Thằng quản lý tráo trở, gian dối ngay",KÍCH ĐỘNG,,0.9723
"Tuyển dụng làm online, ib zalo 0933455848",SPAM,,0.9996
Truy cập http://soicau91.com nhận khuyến mãi,SPAM,,0.9918
"Tuyển dụng làm online, ib zalo 0542093131",SPAM,,0.9997
"Quán này gian manh, tẩy chay ngay",KÍCH ĐỘNG,,0.7135
Bể bơi siêu đáng tiền ạ,SẠCH,,0.9944
Chị lễ tân phải nói là đẹp thực sự,SẠCH,,0.9929
Cô lao công cảm thấy tốt ^^,SẠCH,,0.9921
Cô lao công cảm thấy yên tĩnh ^^,SẠCH,,0.9858
"Lễ tân lừa đảo, cạch mặt ngay",KÍCH ĐỘNG,,0.9668
Không gian thấy tận tâm nhé,SẠCH,,0.9811
Hotline 0642165183 để kết bạn,SPAM,,0.983
Call 0881248184 để tư vấn,SPAM,,0.9758
Anh chủ cực kỳ hài lòng nha,SẠCH,,0.995
Ib ngay 0337274915 để vay vốn,SPAM,,0.9983
Mọi thứ trông ok thực sự,SẠCH,,0.9957
Zalo 0857048081 để nhận quà,SPAM,,0.6116
View rất chuyên nghiệp nhé,SẠCH,,0.996
"Chủ shop lừa đảo, cẩn thận bị lừa ngay",KÍCH ĐỘNG,,0.6481
Phòng ốc đặc biệt xuất sắc lắm luôn,SẠCH,,0.9934
Phòng ốc tương đối nhiệt tình <3,SẠCH,,0.9949
Chị lễ tân cảm thấy đẳng cấp lắm luôn,SẠCH,,0.995
Cách làm ăn như shit,CHỬI BỚI,,0.9
Nhà vệ sinh khá tốt!,SẠCH,,0.9897
ngu vãi Thái độ biến đi,CHỬI BỚI,,0.8853
Thái độ phục vụ rất tận tâm thực sự,SẠCH,,0.9002
Thái độ ngu như hạch,CHỬI BỚI,,0.9571
Mọi thứ nhìn ok lắm luôn,SẠCH,,0.9958
Nhà vệ sinh cảm thấy thân thiện.,SẠCH,,0.9902
"Tuyển dụng làm online, ib zalo 0779270664",SPAM,,0.9997
Đồ ăn nhìn xịn sò :)),SẠCH,,0.9364
"Điều hòa gian manh, dối trá ngay",KÍCH ĐỘNG,,0.8872
Ib ngay 0948048715 để vay vốn,SPAM,,0.9989
"Tuyển dụng làm online, ib zalo 0485183041",SPAM,,0.9997
"Tuyển dụng làm online, ib zalo 0613005636",SPAM,,0.9997
"Tuyển dụng làm online, ib zalo 0589508193",SPAM,,0.9997
Resort vô cùng yên tĩnh lắm luôn,SẠCH,,0.9944
Giường cảm thấy tốt lắm luôn,SẠCH,,0.9937
Wifi hơi bị tận tâm ^^,SẠCH,,0.973
Truy cập http://sex15.com nhận khuyến mãi,SPAM,,0.9536
Điều hòa trông sang chảnh!,SẠCH,,0.9948
Anh em tẩy chay gấp chỗ này,KÍCH ĐỘNG,,0.9116
Homestay nhìn dễ thương ạ,SẠCH,,0.9953
"Bọn nhân viên tráo trở, báo công an ngay",KÍCH ĐỘNG,,0.9148
Dịch vụ khá yên tĩnh hihi,SẠCH,,0.9909
Thái độ phục vụ thấy thoáng mát thực sự,SẠCH,,0.9818
Wifi dở như hạch,CHỬI BỚI,,0.7534
Trải nghiệm quá là nhiệt tình hihi,SẠCH,,0.9958
"Tuyển dụng làm online, ib zalo 0449739919",SPAM,,0.9996
"Tuyển dụng làm online, ib zalo 0848697413",SPAM,,0.9997
"Cái chỗ này tráo trở, tránh xa ngay",KÍCH ĐỘNG,,0.5003
Dịch vụ cực kỳ đáng tiền lắm luôn,SẠCH,,0.9572
Thằng quản lý ngu như bẹn,CHỬI BỚI,,0.9918
"Tuyển dụng việc nhẹ, ib zalo 0929902600",SPAM,,0.9997
"Quán này tráo trở, treo đầu dê bán thịt chó ngay",KÍCH ĐỘNG,,0.6137
Đồ ăn rất chill nhé,SẠCH,,0.9957
Khách sạn thối như lợn,CHỬI BỚI,,0.9193
chó chết Điều hòa ngu không tả được,CHỬI BỚI,,0.5685
Truy cập http://vay24.com xem hàng,SPAM,,0.9663
Truy cập http://sex31.com xem hàng,SPAM,,0.9687
Thái độ phục vụ nhìn ấm cúng ạ,SẠCH,,0.976
Anh chủ đặc biệt sạch sẽ hihi,SẠCH,,0.9934
"Thái độ gian manh, làm ăn bố láo ngay",KÍCH ĐỘNG,,0.7115
Giường vô cùng đáng tiền nhé,SẠCH,,0.9954
ngu vãi Bọn nhân viên làm ăn chán đời,CHỬI BỚI,,0.9295
Tiện nghi đặc biệt rộng rãi <3,SẠCH,,0.9912
Dịch vụ thối như l*n,CHỬI BỚI,,0.7206
Khách sạn khá tiện lợi lắm luôn,SẠCH,,0.9928
"Thằng quản lý gian manh, tẩy chay ngay",KÍCH ĐỘNG,,0.9903
Bọn nhân viên bẩn như l*n,CHỬI BỚI,,0.9912
"Phục vụ gian manh, làm ăn bố láo ngay",KÍCH ĐỘNG,,0.7025
Nhà vệ sinh quá là ấm cúng nhé,SẠCH,,0.99
Truy cập http://soicau60.com xem hàng,SPAM,,0.9859
"CSKH tráo trở, cẩn thận bị lừa ngay",KÍCH ĐỘNG,,0.9335
"Tuyển dụng làm online, ib zalo 0979027804",SPAM,,0.9997
Món ăn nhìn như hạch,CHỬI BỚI,,0.677
Bọn nhân viên dở như đầu bùi,CHỬI BỚI,,0.9901
Homestay cực kỳ nhiệt tình.,SẠCH,,0.9918
"Điều hòa tráo trở, tẩy chay ngay",KÍCH ĐỘNG,,0.7391
"Tuyển dụng làm online, ib zalo 0413906211",SPAM,,0.9997
Ship hàng chán như rác rưởi,CHỬI BỚI,,0.8274
Vị trí vô cùng hài lòng ^^,SẠCH,,0.9934
"Cái chỗ này tráo trở, bóc phốt ngay",KÍCH ĐỘNG,,0.6429
Thái độ phục vụ trông hài lòng <3,SẠCH,,0.9939
tổ cha Phục vụ biến đi,CHỬI BỚI,,0.5618
Cô lao công cực kỳ rộng rãi thực sự,SẠCH,,0.9761
Wifi thực sự rộng rãi ^^,SẠCH,,0.9895
Món ăn phục vụ như đống phân,CHỬI BỚI,,0.7052
Alo 0419487244 để tư vấn,SPAM,,0.9918
Nhân viên thực sự hài lòng nha,SẠCH,,0.9003
"Thằng quản lý lừa đảo, kiện ngay",KÍCH ĐỘNG,,0.9756
Đồ ăn hơi bị thoáng mát <3,SẠCH,,0.9831
"Thằng quản lý lừa đảo, bóc phốt ngay",KÍCH ĐỘNG,,0.9778
bố láo Chủ shop dẹp tiệm đi,CHỬI BỚI,,0.8905
Chủ quán thấy thơm tho :)),SẠCH,,0.9923
View trông lung linh :)),SẠCH,,0.9945
Chủ quán khá nhanh nhẹn nha,SẠCH,,0.9658
Dịch vụ nhìn nhiệt tình nha,SẠCH,,0.9739
"Tuyển dụng việc nhẹ, ib zalo 0578176766",SPAM,,0.9997
Con chó của chủ quán đáng yêu ghê,SẠCH,,0.4882
vcl Món ăn biến đi,CHỬI BỚI,,0.9779
Alo 0699748884 để vay vốn,SPAM,,0.9912
Truy cập http://sex87.com nhận 100k,SPAM,,0.977
"Cái chỗ này lừa đảo, đòi lại tiền ngay",KÍCH ĐỘNG,,0.914
"Tuyển dụng làm online, ib zalo 0635317394",SPAM,,0.9997
khốn nạn Quán này dẹp tiệm đi,CHỬI BỚI,,0.8248
Cả nhà đừng bao giờ đến cái bọn lừa đảo này,KÍCH ĐỘNG,,0.9845
vcl Wifi biến đi,CHỬI BỚI,,0.9714
mẹ kiếp Nhà vệ sinh ngu không tả được,CHỬI BỚI,,0.8928
Truy cập http://sex33.com nhận khuyến mãi,SPAM,,0.9695
"Tuyển dụng việc nhẹ, ib zalo 0344115465",SPAM,,0.9997
"Ship hàng lừa đảo, cẩn thận bị lừa ngay",KÍCH ĐỘNG,,0.5164
Đồ ăn phải nói là đáng tiền nha,SẠCH,,0.9324
Bác bảo vệ hơi bị ấm cúng nhé,SẠCH,,0.9294
Điều hòa thực sự nhiệt tình!,SẠCH,,0.9957
Tiện nghi thấy ổn áp lắm luôn,SẠCH,,0.9914
"Khách sạn tráo trở, bóc phốt ngay",KÍCH ĐỘNG,,0.8618
Cả nhà đừng bao giờ đến shop này,KÍCH ĐỘNG,,0.9871
Nhà vệ sinh dở như l*n,CHỬI BỚI,,0.9058
Nhắn tin 0993964865 để vay vốn,SPAM,,0.9848
"Ship hàng lừa đảo, lừa đảo ngay",KÍCH ĐỘNG,,0.8881
mẹ kiếp Quán này ngu không tả được,CHỬI BỚI,,0.9699
Liên hệ 0541795754 để nhận quà,SPAM,,0.9831
ngu vãi Chủ shop biến đi,CHỬI BỚI,,0.5237
Phòng ốc rất rộng rãi ^^,SẠCH,,0.9736
tiên sư Bọn nhân viên làm ăn chán đời,CHỬI BỚI,,0.907
Truy cập http://bet50.com xem hàng,SPAM,,0.9972
mẹ kiếp Cái chỗ này dẹp tiệm đi,CHỬI BỚI,,0.5688
Món ăn làm ăn như quần què,CHỬI BỚI,,0.8675
Đồ ăn tương đối sang chảnh <3,SẠCH,,0.9948
Bác bảo vệ đặc biệt nhanh nhẹn.,SẠCH,,0.9055
"Tuyển dụng việc nhẹ, ib zalo 0677611881",SPAM,,0.9997
tổ cha Hệ thống dẹp tiệm đi,CHỬI BỚI,,0.7163
khốn nạn Con mụ chủ dẹp tiệm đi,CHỬI BỚI,,0.9207
Truy cập http://bet41.com nhận khuyến mãi,SPAM,,0.9968
Anh chủ rất chu đáo nhé,SẠCH,,0.9838
Phòng ốc siêu tuyệt vời.,SẠCH,,0.9948
Resort siêu sang chảnh <3,SẠCH,,0.9948
Ib ngay 0556279497 để tư vấn,SPAM,,0.9862
"Tuyển dụng việc nhẹ, ib zalo 0797462283",SPAM,,0.9997
Dịch vụ như chó,CHỬI BỚI,,0.9597
bố láo Lễ tân dẹp tiệm đi,CHỬI BỚI,,0.7722
"Tuyển dụng làm online, ib zalo 0328273460",SPAM,,0.9996
CSKH thối như rác rưởi,CHỬI BỚI,,0.8635
Nhân viên cực kỳ tiện lợi nha,SẠCH,,0.9952
"Ship hàng lừa đảo, gian dối ngay",KÍCH ĐỘNG,,0.9372
"Quán này gian manh, tránh xa ngay",KÍCH ĐỘNG,,0.449
Homestay đặc biệt chill thực sự,SẠCH,,0.9901
"Khách sạn lừa đảo, cạch mặt ngay",KÍCH ĐỘNG,,0.8606
Ship hàng tệ như hạch,CHỬI BỚI,,0.725
Giường hơi bị hài lòng nha,SẠCH,,0.995
tiên sư Chủ shop dẹp tiệm đi,CHỬI BỚI,,0.9548
Cái chỗ này bẩn thỉu,CHỬI BỚI,,0.7138
Phòng ốc cực kỳ dễ thương ạ,SẠCH,,0.9952
Resort thực sự tận tâm ạ,SẠCH,,0.9957
Nhà vệ sinh cảm thấy ấm cúng <3,SẠCH,,0.9929
Nhắn tin 0410225899 để vay vốn,SPAM,,0.985
Anh em đừng bao giờ đến chỗ này,KÍCH ĐỘNG,,0.9882
Vị trí thực sự chuyên nghiệp lắm luôn,SẠCH,,0.9939
"Thằng quản lý lừa đảo, tránh xa ngay",KÍCH ĐỘNG,,0.9816
Khách sạn làm ăn như đầu bùi,CHỬI BỚI,,0.9274
Chị lễ tân thực sự ok lắm luôn,SẠCH,,0.9944
Con mụ chủ bẩn như c*c,CHỬI BỚI,,0.9846
Bữa sáng trông tiện lợi!,SẠCH,,0.9899
Truy cập http://bet64.com nhận khuyến mãi,SPAM,,0.9987
Homestay vô cùng thoáng mát :)),SẠCH,,0.9954
Wifi nhìn như bẹn,CHỬI BỚI,,0.9263
Thái độ phục vụ cực kỳ xuất sắc thực sự,SẠCH,,0.9758
Điều hòa như cặc,CHỬI BỚI,,0.9234
Quán này thối như cc,CHỬI BỚI,,0.6762
Anh chủ siêu thơm tho nhé,SẠCH,,0.9948
Cách làm ăn làm ăn như đống phân,CHỬI BỚI,,0.9658
Bể bơi thực sự ok hihi,SẠCH,,0.9943
Bể bơi tương đối ổn áp nha,SẠCH,,0.9886
"Wifi tráo trở, tránh xa ngay",KÍCH ĐỘNG,,0.9581
Nhân viên thấy yên tĩnh!,SẠCH,,0.9876
Chủ quán trông thân thiện thực sự,SẠCH,,0.9897
Cô lao công tương đối đẹp ^^,SẠCH,,0.9846
Vị trí vô cùng tiện lợi lắm luôn,SẠCH,,0.9879
Thái độ phục vụ nhìn thân thiện lắm luôn,SẠCH,,0.9776
Homestay khá sang chảnh hihi,SẠCH,,0.9947
Chủ shop nhìn như đầu bùi,CHỬI BỚI,,0.6411
ngu vãi Món ăn ngu không tả được,CHỬI BỚI,,0.9338
Anh chủ hơi bị tận tâm hihi,SẠCH,,0.9779
óc chó Nhà vệ sinh làm ăn chán đời,CHỬI BỚI,,0.9876
mẹ kiếp Ship hàng làm ăn chán đời,CHỬI BỚI,,0.8632
Thái độ phục vụ quá là dễ thương.,SẠCH,,0.9921
"Món ăn tráo trở, tẩy chay ngay",KÍCH ĐỘNG,,0.5084
Đồ ăn vô cùng thoáng mát thực sự,SẠCH,,0.9949
Khách sạn quá là dễ thương nhé,SẠCH,,0.9957
Mọi người tránh xa cái chỗ này nhé,KÍCH ĐỘNG,,0.938
Dịch vụ ngu như rác rưởi,CHỬI BỚI,,0.5218
Hỗ trợ 0738541703 để nhận quà,SPAM,,0.8677
Lễ tân làm ăn như shit,CHỬI BỚI,,0.9435
Không gian phải nói là sang chảnh!,SẠCH,,0.8718
CSKH dở như quần què,CHỬI BỚI,,0.9685
Mọi thứ phải nói là nhiệt tình nhé,SẠCH,,0.9955
"Bọn nhân viên tráo trở, đừng mua ngay",KÍCH ĐỘNG,,0.9528
Điều hòa tệ như l*n,CHỬI BỚI,,0.6783
Điều hòa ngu như bò,CHỬI BỚI,,0.8755
Con chó của chủ quán quấn người quá,SẠCH,,0.8558
Món ăn bẩn như l*n,CHỬI BỚI,,0.8942
Ban công thực sự ok :)),SẠCH,,0.9959
Giường phải nói là yên tĩnh <3,SẠCH,,0.9948
Vị trí đặc biệt sang chảnh hihi,SẠCH,,0.9921
Cả nhà tẩy chay gấp chỗ này,KÍCH ĐỘNG,,0.6147
Truy cập http://sex20.com xem hàng,SPAM,,0.9603
Bọn nhân viên thối như cứt,CHỬI BỚI,,0.9893
Bể bơi đặc biệt tuyệt vời lắm luôn,SẠCH,,0.9925
Vị trí thực sự tiện lợi :)),SẠCH,,0.9931
Khách sạn thực sự thơm tho nhé,SẠCH,,0.993
Ship hàng tệ như bẹn,CHỬI BỚI,,0.9464
Bọn nhân viên dở như hạch,CHỬI BỚI,,0.9855
Truy cập http://bet63.com nhận 100k,SPAM,,0.9327
Trải nghiệm quá là yên tĩnh nhé,SẠCH,,0.994
Nhân viên cực kỳ nhanh nhẹn lắm luôn,SẠCH,,0.8441
"Dịch vụ gian manh, cẩn thận bị lừa ngay",KÍCH ĐỘNG,,0.7895
ngu vãi Điều hòa ngu không tả được,CHỬI BỚI,,0.885
Chủ shop chán như lợn,CHỬI BỚI,,0.8208
Tiện nghi nhìn xuất sắc hihi,SẠCH,,0.988
vcl Con mụ chủ dẹp tiệm đi,CHỬI BỚI,,0.9153
Truy cập http://soicau21.com nhận khuyến mãi,SPAM,,0.9892
Điều hòa hơi bị tận tâm nhé,SẠCH,,0.9926
"Thằng quản lý tráo trở, dối trá ngay",KÍCH ĐỘNG,,0.9614
CSKH như lợn,CHỬI BỚI,,0.6979
Anh chủ trông xịn sò :)),SẠCH,,0.4936
Lễ tân láo toét,CHỬI BỚI,,0.799
Trải nghiệm khá tuyệt vời thực sự,SẠCH,,0.9941
Mọi thứ nhìn tuyệt vời!,SẠCH,,0.9958
tổ cha Cách làm ăn làm ăn chán đời,CHỬI BỚI,,0.8794
tổ cha Wifi ngu không tả được,CHỬI BỚI,,0.9899
Nhà vệ sinh khá ngon hihi,SẠCH,,0.992
Homestay nhìn đáng tiền ạ,SẠCH,,0.9903
vcl Thái độ dẹp tiệm đi,CHỬI BỚI,,0.9794
"Phục vụ tráo trở, dối trá ngay",KÍCH ĐỘNG,,0.9114
Món ăn tệ như c*c,CHỬI BỚI,,0.9699
Điều hòa làm ăn như l*n,CHỬI BỚI,,0.8161
Cô lao công phải nói là chu đáo!,SẠCH,,0.8107
Khách sạn thấy thơm tho ạ,SẠCH,,0.9943
Thằng quản lý ngu như cứt,CHỬI BỚI,,0.9925
Dịch vụ chán như lợn,CHỬI BỚI,,0.9427
Mọi người report cái quán này nhé,KÍCH ĐỘNG,,0.98
Bể bơi vô cùng ấm cúng <3,SẠCH,,0.9932
Bữa sáng cực kỳ nhiệt tình thực sự,SẠCH,,0.9956
Truy cập http://sex45.com nhận 100k,SPAM,,0.9665
"Tuyển dụng làm online, ib zalo 0527487756",SPAM,,0.9997
đm Dịch vụ biến đi,CHỬI BỚI,,0.9496
Không gian siêu chill nhé,SẠCH,,0.9955
Hệ thống bẩn thỉu,CHỬI BỚI,,0.7927
Phòng ốc thực sự ổn áp ^^,SẠCH,,0.5016
Thái độ phục vụ thấy rộng rãi.,SẠCH,,0.943
đm Chủ shop làm ăn chán đời,CHỬI BỚI,,0.508
Phòng ốc hơi bị tuyệt vời.,SẠCH,,0.9848
Bác bảo vệ thực sự chill :)),SẠCH,,0.9902
Cách bài trí đặc biệt chill lắm luôn,SẠCH,,0.9943
Nhân viên quá là đẳng cấp lắm luôn,SẠCH,,0.9951
Dịch vụ thối như đầu bùi,CHỬI BỚI,,0.8301
"Tuyển dụng việc nhẹ, ib zalo 0970742566",SPAM,,0.9997
"Tuyển dụng làm online, ib zalo 0722814923",SPAM,,0.9997
Ship hàng phục vụ như l*n,CHỬI BỚI,,0.7037
Nhà vệ sinh ngu như bò,CHỬI BỚI,,0.9782
Tiện nghi nhìn chu đáo.,SẠCH,,0.9434
Nhắn tin 0575085770 để vay vốn,SPAM,,0.9843
Khách sạn trông yên tĩnh lắm luôn,SẠCH,,0.985
Giường hơi bị xuất sắc ^^,SẠCH,,0.9728
"Tuyển dụng việc nhẹ, ib zalo 0695367488",SPAM,,0.9997
Khách sạn nhìn ấm cúng <3,SẠCH,,0.9926
Ship hàng như quần què,CHỬI BỚI,,0.8659
Truy cập http://bet98.com nhận 100k,SPAM,,0.9655
Thái độ phục vụ rất tiện lợi nhé,SẠCH,,0.9609
mẹ kiếp Khách sạn dẹp tiệm đi,CHỬI BỚI,,0.8664
Homestay hơi bị đẳng cấp lắm luôn,SẠCH,,0.8971
Đồ ăn cảm thấy chuyên nghiệp nha,SẠCH,,0.9947
Thằng quản lý chán như c*c,CHỬI BỚI,,0.9905
Homestay cực kỳ chill nha,SẠCH,,0.9954
Quán này ngu như đống phân,CHỬI BỚI,,0.9109
Resort phải nói là yên tĩnh thực sự,SẠCH,,0.9942
"Tuyển dụng việc nhẹ, ib zalo 0649088793",SPAM,,0.9997
Con mụ chủ thối như chó,CHỬI BỚI,,0.9889
Ban công tương đối rộng rãi nhé,SẠCH,,0.992
Vị trí quá là sạch sẽ!,SẠCH,,0.989
Anh chủ hơi bị ok ^^,SẠCH,,0.985
View phải nói là nhanh nhẹn <3,SẠCH,,0.9934
Ib ngay 0569502743 để kết bạn,SPAM,,0.9927
Truy cập http://vay74.com nhận 100k,SPAM,,0.9852
Cái chỗ này phục vụ như chó,CHỬI BỚI,,0.8567
đm Quán này biến đi,CHỬI BỚI,,0.8318
Truy cập http://bet98.com nhận khuyến mãi,SPAM,,0.9986
Bác bảo vệ đặc biệt đáng tiền.,SẠCH,,0.9635
Điều hòa nhìn yên tĩnh hihi,SẠCH,,0.9953
Thái độ làm ăn như hạch,CHỬI BỚI,,0.821
Cách bài trí phải nói là ok :)),SẠCH,,0.9952
"Chủ shop tráo trở, dối trá ngay",KÍCH ĐỘNG,,0.676
Phục vụ chán như shit,CHỬI BỚI,,0.9112
Nước nóng nhìn ổn áp thực sự,SẠCH,,0.9946
Hỗ trợ 0714036924 để vay vốn,SPAM,,0.9992
Truy cập http://bet17.com nhận khuyến mãi,SPAM,,0.9984
Nhà vệ sinh cực kỳ xuất sắc ^^,SẠCH,,0.9877
Wifi đặc biệt ok.,SẠCH,,0.9956
Bữa sáng thấy ok.,SẠCH,,0.994
Thái độ phục vụ rất đáng tiền thực sự,SẠCH,,0.9568
Ban công tương đối thân thiện!,SẠCH,,0.9957
Cách bài trí khá xuất sắc ạ,SẠCH,,0.9938
Nhà vệ sinh cực kỳ thơm tho <3,SẠCH,,0.9949
Call 0389532299 để nhận quà,SPAM,,0.9925
"Khách sạn gian manh, report ngay",KÍCH ĐỘNG,,0.4819
Truy cập http://bet77.com nhận khuyến mãi,SPAM,,0.9986
Món ăn bẩn như bẹn,CHỬI BỚI,,0.7724
Nhà vệ sinh trông lung linh :)),SẠCH,,0.9936
CSKH ngu như quần què,CHỬI BỚI,,0.9899
Homestay vô cùng dễ thương!,SẠCH,,0.9953
View thực sự chu đáo ^^,SẠCH,,0.9944
Bọn nhân viên làm ăn như đầu bùi,CHỬI BỚI,,0.989
mất dạy Wifi làm ăn chán đời,CHỬI BỚI,,0.9223
Đồ ăn cảm thấy chu đáo ạ,SẠCH,,0.9927
Tư vấn 0314634878 để tư vấn,SPAM,,0.8196
Con mèo nhà này quấn người ghê,SẠCH,,0.3775
Wifi trông yên tĩnh hihi,SẠCH,,0.994
Ban công cảm thấy chu đáo hihi,SẠCH,,0.9958
Quán này dở như c*c,CHỬI BỚI,,0.8836
"Tuyển dụng việc nhẹ, ib zalo 0464768906",SPAM,,0.9997
Khách sạn thấy ok :)),SẠCH,,0.9936
Cái chỗ này như lồn,CHỬI BỚI,,0.7838
vcl Con mụ chủ làm ăn chán đời,CHỬI BỚI,,0.8387
ngu vãi Thằng quản lý làm ăn chán đời,CHỬI BỚI,,0.9695
Ban công đặc biệt sạch sẽ <3,SẠCH,,0.9957
Cô lao công tương đối tận tâm nha,SẠCH,,0.9796
Đồ ăn tương đối sang chảnh hihi,SẠCH,,0.9917
vcl Wifi làm ăn chán đời,CHỬI BỚI,,0.9804
Ban công siêu ngon hihi,SẠCH,,0.9944
Anh chủ thực sự đẹp nhé,SẠCH,,0.9934
Dịch vụ phục vụ như chó,CHỬI BỚI,,0.933
tổ cha Cái chỗ này dẹp tiệm đi,CHỬI BỚI,,0.4852
"Cái chỗ này gian manh, đòi lại tiền ngay",KÍCH ĐỘNG,,0.7142
Tiện nghi đặc biệt đẳng cấp <3,SẠCH,,0.9871
Nhà vệ sinh siêu đẹp nhé,SẠCH,,0.9918
"Chủ shop tráo trở, cạch mặt ngay",KÍCH ĐỘNG,,0.6616
Truy cập http://vay46.com xem hàng,SPAM,,0.9914
Nhân viên đặc biệt xuất sắc :)),SẠCH,,0.9932
Truy cập http://bet29.com xem hàng,SPAM,,0.9981
Món ăn như cặc,CHỬI BỚI,,0.9348
Khách sạn dở như rác rưởi,CHỬI BỚI,,0.883
"Nhà vệ sinh tráo trở, lừa đảo ngay",KÍCH ĐỘNG,,0.7817
Ship hàng thối như bẹn,CHỬI BỚI,,0.959
ngu vãi Món ăn dẹp tiệm đi,CHỬI BỚI,,0.9644
Zalo 0864287848 để vay vốn,SPAM,,0.9995
Mọi thứ nhìn rộng rãi ạ,SẠCH,,0.9929
"Tuyển dụng làm online, ib zalo 0342142138",SPAM,,0.9997
"Tuyển dụng làm online, ib zalo 0951313151",SPAM,,0.9996
Trải nghiệm hơi bị tiện lợi <3,SẠCH,,0.9925
Resort vô cùng xuất sắc nha,SẠCH,,0.9957
Nhà vệ sinh chán như rác rưởi,CHỬI BỚI,,0.8678
Dịch vụ rất chu đáo lắm luôn,SẠCH,,0.945
Hỗ trợ 0995771581 để vay vốn,SPAM,,0.9982
Đồ ăn thấy tiện lợi.,SẠCH,,0.9723
Wifi cảm thấy đáng tiền ^^,SẠCH,,0.9943
"Ship hàng gian manh, làm ăn bố láo ngay",KÍCH ĐỘNG,,0.6002
Truy cập http://bet14.com nhận khuyến mãi,SPAM,,0.9982
"Bọn nhân viên gian manh, đòi lại tiền ngay",KÍCH ĐỘNG,,0.975
"Dịch vụ tráo trở, treo đầu dê bán thịt chó ngay",KÍCH ĐỘNG,,0.9022
CSKH phục vụ như cứt,CHỬI BỚI,,0.8715
Dịch vụ dở như cc,CHỬI BỚI,,0.9582
Chị lễ tân vô cùng chu đáo.,SẠCH,,0.9733
Chủ quán khá đẹp hihi,SẠCH,,0.9928
Vị trí cảm thấy chu đáo thực sự,SẠCH,,0.9912
Nước nóng nhìn xịn sò <3,SẠCH,,0.9754
óc chó Nhà vệ sinh dẹp tiệm đi,CHỬI BỚI,,0.8906
Không gian cảm thấy ngon nhé,SẠCH,,0.9891
CSKH làm ăn như hạch,CHỬI BỚI,,0.9287
Tư vấn 0977968783 để kết bạn,SPAM,,0.5088
Anh chủ thực sự đáng tiền nha,SẠCH,,0.9949
Điều hòa ngu như quần què,CHỬI BỚI,,0.8568
Mọi người treo đầu dê bán thịt chó cái bọn này nhé,KÍCH ĐỘNG,,0.9676
Nước nóng rất sạch sẽ nhé,SẠCH,,0.9787
Ban công cảm thấy rộng rãi nha,SẠCH,,0.9954
Cách làm ăn láo toét,CHỬI BỚI,,0.4985
Chị lễ tân nhìn nhiệt tình lắm luôn,SẠCH,,0.9811
View vô cùng ấm cúng :)),SẠCH,,0.9951
Nhà vệ sinh dở như lợn,CHỬI BỚI,,0.9236
Chị lễ tân cực kỳ chuyên nghiệp thực sự,SẠCH,,0.9926
Anh chủ cực kỳ hài lòng.,SẠCH,,0.9937
Con mụ chủ thối như đống phân,CHỬI BỚI,,0.989
"Cách làm ăn lừa đảo, cẩn thận bị lừa ngay",KÍCH ĐỘNG,,0.4253
Trải nghiệm khá xịn sò!,SẠCH,,0.479
Cách làm ăn dơ dáy,CHỬI BỚI,,0.8506
CSKH thối như hạch,CHỬI BỚI,,0.9832
"Tuyển dụng làm online, ib zalo 0558461931",SPAM,,0.9996
Không gian cảm thấy đẳng cấp ạ,SẠCH,,0.9767
"Chủ shop lừa đảo, tẩy chay ngay",KÍCH ĐỘNG,,0.6249
Nhắn tin 0389371617 để vay vốn,SPAM,,0.9904
CSKH thối như c*c,CHỬI BỚI,,0.9625
Nhà vệ sinh thối như c*c,CHỬI BỚI,,0.7225
Mọi thứ trông xuất sắc <3,SẠCH,,0.996
Chị lễ tân rất dễ thương!,SẠCH,,0.99
Alo 0835557110 để vay vốn,SPAM,,0.9986
Ban công siêu đẳng cấp ạ,SẠCH,,0.9954
"Tuyển dụng làm online, ib zalo 0335109379",SPAM,,0.9997
mẹ kiếp Bọn nhân viên biến đi,CHỬI BỚI,,0.944
Thái độ láo toét,CHỬI BỚI,,0.5744
Mọi thứ thực sự yên tĩnh hihi,SẠCH,,0.9943
Hệ thống như shit,CHỬI BỚI,,0.8871
Đồ ăn nhìn xịn sò nhé,SẠCH,,0.9134
Truy cập http://vay79.com xem hàng,SPAM,,0.9916
Dịch vụ tương đối nhiệt tình nhé,SẠCH,,0.9496
Nhà vệ sinh dở như đống phân,CHỬI BỚI,,0.9551
Nhà vệ sinh cảm thấy thân thiện thực sự,SẠCH,,0.991
"Tuyển dụng việc nhẹ, ib zalo 0729151864",SPAM,,0.9997
Món ăn dở như cứt,CHỬI BỚI,,0.9198
"Tuyển dụng việc nhẹ, ib zalo 0540057554",SPAM,,0.9997
Alo 0718422231 để vay vốn,SPAM,,0.9894
Anh chủ quá là tiện lợi!,SẠCH,,0.9877
mẹ kiếp Điều hòa ngu không tả được,CHỬI BỚI,,0.9708
Anh chủ siêu chuyên nghiệp nha,SẠCH,,0.9852
"Con mụ chủ lừa đảo, cạch mặt ngay",KÍCH ĐỘNG,,0.9844
Bọn nhân viên phục vụ như bẹn,CHỬI BỚI,,0.944
tổ cha Con mụ chủ dẹp tiệm đi,CHỬI BỚI,,0.8152
Nhà vệ sinh siêu rộng rãi :)),SẠCH,,0.9908
Ban công hơi bị nhiệt tình nha,SẠCH,,0.9883
Khách sạn dở như lợn,CHỬI BỚI,,0.9164
Giường siêu nhanh nhẹn hihi,SẠCH,,0.9933
"Hệ thống tráo trở, dối trá ngay",KÍCH ĐỘNG,,0.7948
Truy cập http://soicau82.com xem hàng,SPAM,,0.9898
óc chó Ship hàng dẹp tiệm đi,CHỬI BỚI,,0.8323
Call 0968668164 để kết bạn,SPAM,,0.9927
Cái chỗ này chán như cứt,CHỬI BỚI,,0.7713
Dịch vụ nhìn sang chảnh thực sự,SẠCH,,0.9909
bố láo Phục vụ biến đi,CHỬI BỚI,,0.9288
Bể bơi cảm thấy thơm tho nha,SẠCH,,0.9945
Cái chỗ này làm ăn như rác rưởi,CHỬI BỚI,,0.8399
Thái độ phục vụ quá là chu đáo :)),SẠCH,,0.992
Khách sạn thấy ok nha,SẠCH,,0.993
chó chết Con mụ chủ ngu không tả được,CHỬI BỚI,,0.9871
Phòng ốc siêu thân thiện nhé,SẠCH,,0.9925
Điều hòa phục vụ như quần què,CHỬI BỚI,,0.6939
Homestay hơi bị tiện lợi!,SẠCH,,0.9655
"Quán này lừa đảo, lừa đảo ngay",KÍCH ĐỘNG,,0.7009
đm CSKH ngu không tả được,CHỬI BỚI,,0.9896
Resort rất ok ^^,SẠCH,,0.9955
Trải nghiệm quá là tuyệt vời!,SẠCH,,0.9948
Cách bài trí phải nói là ấm cúng!,SẠCH,,0.8846
Nước nóng trông đáng tiền :)),SẠCH,,0.9179
CSKH nhìn như rác rưởi,CHỬI BỚI,,0.7203
Tiện nghi tương đối sạch sẽ!,SẠCH,,0.9664
Ban công trông hài lòng :)),SẠCH,,0.9956
Mọi thứ siêu rộng rãi nha,SẠCH,,0.9938
Hotline 0338220725 để nhận quà,SPAM,,0.9127
Thái độ phục vụ vô cùng thân thiện!,SẠCH,,0.9579
khốn nạn Chủ shop dẹp tiệm đi,CHỬI BỚI,,0.8612
Thái độ thối như quần què,CHỬI BỚI,,0.5813
Anh chủ nhìn nhanh nhẹn nha,SẠCH,,0.955
Truy cập http://bet99.com nhận khuyến mãi,SPAM,,0.9987
Cách bài trí đặc biệt tiện lợi.,SẠCH,,0.9722
Wifi thấy nhiệt tình :)),SẠCH,,0.9961
Chủ quán nhìn lung linh nha,SẠCH,,0.9884
Nhà vệ sinh như lồn,CHỬI BỚI,,0.8717
Chủ quán hơi bị xuất sắc thực sự,SẠCH,,0.955
Dịch vụ dở như chó,CHỬI BỚI,,0.9596
Nhắn tin 0394703934 để tư vấn,SPAM,,0.9667
Giường thực sự tiện lợi nhé,SẠCH,,0.9928
"Tuyển dụng việc nhẹ, ib zalo 0957602356",SPAM,,0.9997
Thái độ phục vụ tương đối chuyên nghiệp hihi,SẠCH,,0.9885
Quán này nhìn như rác rưởi,CHỬI BỚI,,0.6669
Khách sạn hơi bị sạch sẽ hihi,SẠCH,,0.9811
Quán này chán như bò,CHỬI BỚI,,0.6417
"Món ăn lừa đảo, báo công an ngay",KÍCH ĐỘNG,,0.6746
View hơi bị xuất sắc :)),SẠCH,,0.9947
"Hệ thống gian manh, gian dối ngay",KÍCH ĐỘNG,,0.896
mẹ kiếp Hệ thống làm ăn chán đời,CHỬI BỚI,,0.7174
Bữa sáng vô cùng tuyệt vời nhé,SẠCH,,0.9955
Ship hàng làm ăn như đống phân,CHỬI BỚI,,0.9654
Truy cập http://vay22.com xem hàng,SPAM,,0.9875
Hỗ trợ 0773120059 để vay vốn,SPAM,,0.9991
Khách sạn tương đối yên tĩnh thực sự,SẠCH,,0.9892
"Tuyển dụng làm online, ib zalo 0978614935",SPAM,,0.9996
Cách bài trí quá là ổn áp nha,SẠCH,,0.9952
Ban công cảm thấy chu đáo.,SẠCH,,0.9954
bố láo Nhà vệ sinh ngu không tả được,CHỬI BỚI,,0.9907
Nhân viên quá là sang chảnh thực sự,SẠCH,,0.9952
Chủ quán cực kỳ sạch sẽ ạ,SẠCH,,0.9847
Thằng quản lý phục vụ như quần què,CHỬI BỚI,,0.99
Resort cực kỳ ok ^^,SẠCH,,0.9955
chó chết Cái chỗ này ngu không tả được,CHỬI BỚI,,0.5156
Cách bài trí phải nói là ổn áp!,SẠCH,,0.9745
Dịch vụ hơi bị ok thực sự,SẠCH,,0.9686
"Tuyển dụng việc nhẹ, ib zalo 0612568253",SPAM,,0.9997
Phòng ốc đặc biệt ngon thực sự,SẠCH,,0.9885
View đặc biệt nhanh nhẹn.,SẠCH,,0.9898
Chủ shop nhìn như bẹn,CHỬI BỚI,,0.8037
mất dạy Ship hàng dẹp tiệm đi,CHỬI BỚI,,0.8333
Bác bảo vệ hơi bị sang chảnh.,SẠCH,,0.5688
Bác bảo vệ vô cùng nhanh nhẹn lắm luôn,SẠCH,,0.9247
Wifi phục vụ như l*n,CHỬI BỚI,,0.6962
Homestay nhìn dễ thương lắm luôn,SẠCH,,0.9949
Quán này ngu như c*c,CHỬI BỚI,,0.9177
CSKH tệ như lợn,CHỬI BỚI,,0.5182
Nhà vệ sinh như l*n,CHỬI BỚI,,0.8369
Chủ quán thực sự tuyệt vời ^^,SẠCH,,0.9912
"Lễ tân lừa đảo, report ngay",KÍCH ĐỘNG,,0.9932
Wifi thấy ấm cúng.,SẠCH,,0.9935
Ship hàng ngu như cc,CHỬI BỚI,,0.7494
Bữa sáng quá là sang chảnh.,SẠCH,,0.9913
Cách bài trí siêu dễ thương hihi,SẠCH,,0.9957
Truy cập http://sex52.com xem hàng,SPAM,,0.9719
Wifi quá là ngon ạ,SẠCH,,0.9944
Thái độ phục vụ tương đối đẹp lắm luôn,SẠCH,,0.9757
Resort tương đối tận tâm :)),SẠCH,,0.9954
Truy cập http://vay44.com nhận 100k,SPAM,,0.986
Truy cập http://sex67.com xem hàng,SPAM,,0.979
"Con mụ chủ gian manh, tẩy chay ngay",KÍCH ĐỘNG,,0.9814
"Tuyển dụng làm online, ib zalo 0479012037",SPAM,,0.9997
Khách sạn cực kỳ đẳng cấp.,SẠCH,,0.9903
Thái độ phục vụ siêu đáng tiền nhé,SẠCH,,0.9867
vcl Con mụ chủ biến đi,CHỬI BỚI,,0.5422
Nhân viên cực kỳ tốt!,SẠCH,,0.9819
Lễ tân bẩn như quần què,CHỬI BỚI,,0.8923
Trải nghiệm nhìn thơm tho nha,SẠCH,,0.9954
Bữa sáng thực sự nhanh nhẹn lắm luôn,SẠCH,,0.9953
vcl Quán này dẹp tiệm đi,CHỬI BỚI,,0.9772
Phục vụ chán như l*n,CHỬI BỚI,,0.9205
Thái độ phục vụ trông xuất sắc thực sự,SẠCH,,0.9893
"CSKH lừa đảo, lừa đảo ngay",KÍCH ĐỘNG,,0.7205
Ban công thực sự chu đáo <3,SẠCH,,0.9958
Trải nghiệm hơi bị ngon nha,SẠCH,,0.993
Liên hệ 0834462442 để tư vấn,SPAM,,0.8802
Chị lễ tân cực kỳ dễ thương!,SẠCH,,0.9918
Homestay vô cùng hài lòng lắm luôn,SẠCH,,0.9946
Tư vấn 0743967074 để nhận quà,SPAM,,0.9676
Ban công siêu ổn áp!,SẠCH,,0.9941
Trải nghiệm siêu tốt.,SẠCH,,0.9939
Khách sạn quá là ổn áp :)),SẠCH,,0.9941
Chủ quán phải nói là ổn áp :)),SẠCH,,0.9916
Bác bảo vệ thấy ấm cúng ^^,SẠCH,,0.985
khốn nạn Thằng quản lý dẹp tiệm đi,CHỬI BỚI,,0.9548
đm Điều hòa làm ăn chán đời,CHỬI BỚI,,0.97
Truy cập http://bet73.com nhận khuyến mãi,SPAM,,0.9984
Phục vụ ngu như bò,CHỬI BỚI,,0.9031
tiên sư Điều hòa dẹp tiệm đi,CHỬI BỚI,,0.9843
Không gian hơi bị dễ thương nha,SẠCH,,0.9944
Đồ ăn cực kỳ sang chảnh thực sự,SẠCH,,0.9941
"Tuyển dụng làm online, ib zalo 0932147629",SPAM,,0.9996
Cách làm ăn như cc,CHỬI BỚI,,0.9379
Khách sạn cảm thấy lung linh hihi,SẠCH,,0.9939
Mọi người treo đầu dê bán thịt chó cái lũ khốn này nhé,KÍCH ĐỘNG,,0.9209
View trông sang chảnh ạ,SẠCH,,0.9944
"Nhà vệ sinh lừa đảo, cẩn thận bị lừa ngay",KÍCH ĐỘNG,,0.5917
Chủ shop dở như shit,CHỬI BỚI,,0.8564
Nước nóng cảm thấy sang chảnh thực sự,SẠCH,,0.9912
Khách sạn thối như đầu bùi,CHỬI BỚI,,0.8749
"CSKH tráo trở, đừng mua ngay",KÍCH ĐỘNG,,0.7502
Zalo 0874094878 để vay vốn,SPAM,,0.9995
Resort thực sự ngon :)),SẠCH,,0.993
Anh chủ vô cùng đáng tiền thực sự,SẠCH,,0.9942
Alo 0463000607 để nhận quà,SPAM,,0.9945
View hơi bị nhanh nhẹn thực sự,SẠCH,,0.9846
Bọn nhân viên thối như bẹn,CHỬI BỚI,,0.9873
Thái độ phục vụ cực kỳ xịn sò ạ,SẠCH,,0.6231
Lễ tân dở như chó,CHỬI BỚI,,0.9193
"Cái chỗ này gian manh, kiện ngay",KÍCH ĐỘNG,,0.5695
Mọi thứ thực sự ngon :)),SẠCH,,0.995
Nhà vệ sinh hơi bị ổn áp.,SẠCH,,0.8829
Truy cập http://bet39.com xem hàng,SPAM,,0.9969
Dịch vụ như đống phân,CHỬI BỚI,,0.9423
Nhà vệ sinh hơi bị ok hihi,SẠCH,,0.9842
Homestay cực kỳ hài lòng ạ,SẠCH,,0.9948
Ban công trông sạch sẽ :)),SẠCH,,0.9948
Bữa sáng trông sang chảnh lắm luôn,SẠCH,,0.9933
Cái chỗ này thối như đống phân,CHỬI BỚI,,0.8771
CSKH dở như đầu bùi,CHỬI BỚI,,0.9634
Bể bơi thấy đẳng cấp hihi,SẠCH,,0.9866
Thái độ dở như bò,CHỬI BỚI,,0.963
tiên sư Cái chỗ này ngu không tả được,CHỬI BỚI,,0.9524
Vị trí phải nói là ổn áp!,SẠCH,,0.992
Wifi tệ như bò,CHỬI BỚI,,0.5291
Truy cập http://soicau30.com nhận 100k,SPAM,,0.9782
Vị trí rất thân thiện nha,SẠCH,,0.9948
Phòng ốc cảm thấy chu đáo thực sự,SẠCH,,0.994
tiên sư Phục vụ làm ăn chán đời,CHỬI BỚI,,0.5128
Chủ quán tương đối thoáng mát.,SẠCH,,0.9711
Khách sạn nhìn như lợn,CHỬI BỚI,,0.8026
Ship hàng dở như l*n,CHỬI BỚI,,0.772
Anh chủ khá ok nha,SẠCH,,0.9928
Thái độ phục vụ như hạch,CHỬI BỚI,,0.7835
Tư vấn 0861692187 để nhận quà,SPAM,,0.9489
Điều hòa như chó,CHỬI BỚI,,0.9421
Khách sạn cảm thấy ok!,SẠCH,,0.9918
óc chó Bọn nhân viên dẹp tiệm đi,CHỬI BỚI,,0.9846
"Khách sạn tráo trở, cẩn thận bị lừa ngay",KÍCH ĐỘNG,,0.5349
mất dạy Chủ shop ngu không tả được,CHỬI BỚI,,0.9562
"Thằng quản lý lừa đảo, tẩy chay ngay",KÍCH ĐỘNG,,0.9867
"Quán này gian manh, dối trá ngay",KÍCH ĐỘNG,,0.5873
"Điều hòa tráo trở, kiện ngay",KÍCH ĐỘNG,,0.9916
"Tuyển dụng làm online, ib zalo 0753633617",SPAM,,0.9996
đm Thái độ làm ăn chán đời,CHỬI BỚI,,0.8265
Homestay vô cùng nhanh nhẹn lắm luôn,SẠCH,,0.9937
Bọn nhân viên thối như c*c,CHỬI BỚI,,0.9882
Truy cập http://soicau30.com xem hàng,SPAM,,0.9828
Hotline 0827898503 để nhận quà,SPAM,,0.9752
Chủ quán rất thân thiện ^^,SẠCH,,0.9875
Thái độ phục vụ hơi bị yên tĩnh nhé,SẠCH,,0.9517
Giường cực kỳ tận tâm thực sự,SẠCH,,0.9944
Thằng quản lý thối như lợn,CHỬI BỚI,,0.9877
Tư vấn 0529942115 để kết bạn,SPAM,,0.9173
khốn nạn Nhà vệ sinh làm ăn chán đời,CHỬI BỚI,,0.8433
Bể bơi nhìn đẳng cấp ạ,SẠCH,,0.9902
Tiện nghi hơi bị chill nha,SẠCH,,0.9851
"Nhà vệ sinh gian manh, treo đầu dê bán thịt chó ngay",KÍCH ĐỘNG,,0.7792
"Tuyển dụng việc nhẹ, ib zalo 0628297965",SPAM,,0.9997
Nước nóng cực kỳ nhiệt tình thực sự,SẠCH,,0.994
Hệ thống chán như bò,CHỬI BỚI,,0.9121
Wifi khá ấm cúng hihi,SẠCH,,0.9951
Wifi siêu tuyệt vời ^^,SẠCH,,0.9952
Trải nghiệm cực kỳ thơm tho ạ,SẠCH,,0.9946
Điều hòa tệ như cứt,CHỬI BỚI,,0.3502
Alo 0371635694 để vay vốn,SPAM,,0.9966
Vị trí tương đối đáng tiền hihi,SẠCH,,0.9906
"Tuyển dụng làm online, ib zalo 0871612911",SPAM,,0.9996
Nhắn tin 0353278640 để tư vấn,SPAM,,0.9658
Ship hàng như c*c,CHỬI BỚI,,0.9555
Cách bài trí thực sự đáng tiền :)),SẠCH,,0.992
"Quán này gian manh, kiện ngay",KÍCH ĐỘNG,,0.5741
Các bạn đừng bao giờ đến chỗ này,KÍCH ĐỘNG,,0.9878
Dịch vụ thối như hạch,CHỬI BỚI,,0.6955
Cái chỗ này ngu như chó,CHỬI BỚI,,0.5362
tổ cha Hệ thống ngu không tả được,CHỬI BỚI,,0.9889
Dịch vụ dở như quần què,CHỬI BỚI,,0.9259
Cách bài trí quá là ok nha,SẠCH,,0.9959
chó chết Phục vụ làm ăn chán đời,CHỬI BỚI,,0.837
Vị trí thực sự ấm cúng <3,SẠCH,,0.9948
"Wifi lừa đảo, cạch mặt ngay",KÍCH ĐỘNG,,0.9022
Bác bảo vệ khá nhiệt tình thực sự,SẠCH,,0.9617
Điều hòa thấy tuyệt vời!,SẠCH,,0.9958
khốn nạn Thằng quản lý ngu không tả được,CHỬI BỚI,,0.9894
"Hệ thống gian manh, tẩy chay ngay",KÍCH ĐỘNG,,0.9208
Cách bài trí cực kỳ ngon nhé,SẠCH,,0.9934
Giường hơi bị yên tĩnh lắm luôn,SẠCH,,0.9737
Con mèo nhà này ngoan ghê,SẠCH,,0.4463
Vị trí vô cùng sang chảnh :)),SẠCH,,0.9929
"Tuyển dụng việc nhẹ, ib zalo 0834187522",SPAM,,0.9997
Thái độ tệ như hạch,CHỬI BỚI,,0.818
Thái độ dở như đống phân,CHỬI BỚI,,0.8618
"CSKH gian manh, cạch mặt ngay",KÍCH ĐỘNG,,0.9757
Trải nghiệm khá đáng tiền lắm luôn,SẠCH,,0.9934
Tiện nghi khá tiện lợi!,SẠCH,,0.9722
"Bọn nhân viên lừa đảo, làm ăn bố láo ngay",KÍCH ĐỘNG,,0.9442
Cách làm ăn ngu như c*c,CHỬI BỚI,,0.9476
"Cái chỗ này gian manh, cẩn thận bị lừa ngay",KÍCH ĐỘNG,,0.5324
"Điều hòa lừa đảo, report ngay",KÍCH ĐỘNG,,0.9989
Cô lao công siêu đẳng cấp.,SẠCH,,0.6086
Ship hàng tệ như shit,CHỬI BỚI,,0.6664
Con chó nhà này đáng yêu quá,SẠCH,,0.8143
Mọi thứ cảm thấy sạch sẽ <3,SẠCH,,0.9957
Vị trí phải nói là lung linh <3,SẠCH,,0.9953
Bữa sáng siêu ok.,SẠCH,,0.9954
Truy cập http://soicau32.com nhận khuyến mãi,SPAM,,0.9906
"Ship hàng lừa đảo, report ngay",KÍCH ĐỘNG,,0.3949
khốn nạn Thằng quản lý biến đi,CHỬI BỚI,,0.9404
Chủ quán cảm thấy rộng rãi!,SẠCH,,0.9765
"CSKH gian manh, dối trá ngay",KÍCH ĐỘNG,,0.9832
Ib ngay 0857341329 để vay vốn,SPAM,,0.9983
Chủ quán nhìn nhiệt tình :)),SẠCH,,0.9899
đéo Nhà vệ sinh dẹp tiệm đi,CHỬI BỚI,,0.981
Khách sạn rất chill :)),SẠCH,,0.9954
"Cách làm ăn tráo trở, cẩn thận bị lừa ngay",KÍCH ĐỘNG,,0.4944
Cô lao công cực kỳ chu đáo nha,SẠCH,,0.9691
Thái độ phục vụ cảm thấy thoáng mát.,SẠCH,,0.9573
vcl Điều hòa làm ăn chán đời,CHỬI BỚI,,0.9799
"Wifi gian manh, báo công an ngay",KÍCH ĐỘNG,,0.517
Món ăn dở như bẹn,CHỬI BỚI,,0.6513
tổ cha Dịch vụ làm ăn chán đời,CHỬI BỚI,,0.6055
mẹ kiếp Wifi làm ăn chán đời,CHỬI BỚI,,0.8717
Đồ ăn cực kỳ nhiệt tình ^^,SẠCH,,0.9922
Nhân viên thấy thân thiện <3,SẠCH,,0.9937
Trải nghiệm trông thoáng mát!,SẠCH,,0.9848
Alo 0681733683 để kết bạn,SPAM,,0.9942
"Nhà vệ sinh tráo trở, tẩy chay ngay",KÍCH ĐỘNG,,0.5275
"Khách sạn tráo trở, báo công an ngay",KÍCH ĐỘNG,,0.645
Nhắn tin 0635814930 để kết bạn,SPAM,,0.9867
Mọi người tránh xa cái lũ khốn này nhé,KÍCH ĐỘNG,,0.9739
Nhân viên hơi bị nhanh nhẹn ^^,SẠCH,,0.9446
Wifi thấy dễ thương ạ,SẠCH,,0.996
Wifi đặc biệt thân thiện nha,SẠCH,,0.9953
Hotline 0634599052 để nhận quà,SPAM,,0.9478
"Ship hàng gian manh, kiện ngay",KÍCH ĐỘNG,,0.9062
Khách sạn ngu như bẹn,CHỬI BỚI,,0.6612
"Phục vụ lừa đảo, đòi lại tiền ngay",KÍCH ĐỘNG,,0.6004
Vị trí rất thân thiện ạ,SẠCH,,0.9944
Anh chủ cực kỳ đẹp hihi,SẠCH,,0.9946
Anh chủ cảm thấy ổn áp!,SẠCH,,0.994
Chủ quán cảm thấy chill :)),SẠCH,,0.9943
Tiện nghi trông hài lòng :)),SẠCH,,0.994
"Quán này gian manh, làm ăn bố láo ngay",KÍCH ĐỘNG,,0.7881
CSKH chán như đầu bùi,CHỬI BỚI,,0.6143
vcl Cách làm ăn biến đi,CHỬI BỚI,,0.9758
"Thằng quản lý gian manh, gian dối ngay",KÍCH ĐỘNG,,0.9855
"Phục vụ tráo trở, báo công an ngay",KÍCH ĐỘNG,,0.4959
Zalo 0564561631 để nhận quà,SPAM,,0.8788
Chủ quán rất chuyên nghiệp lắm luôn,SẠCH,,0.9771
Chủ quán đặc biệt tiện lợi <3,SẠCH,,0.9895
Truy cập http://bet90.com nhận khuyến mãi,SPAM,,0.9992
Phục vụ như bẹn,CHỬI BỚI,,0.9441
Truy cập http://bet60.com xem hàng,SPAM,,0.9978
Ship hàng như cặc,CHỬI BỚI,,0.9644
Wifi như chó,CHỬI BỚI,,0.962
"Tuyển dụng việc nhẹ, ib zalo 0460120822",SPAM,,0.9997
Giường quá là yên tĩnh <3,SẠCH,,0.9958
Truy cập http://vay61.com xem hàng,SPAM,,0.9908
"Tuyển dụng việc nhẹ, ib zalo 0921064794",SPAM,,0.9997
Ban công hơi bị sạch sẽ thực sự,SẠCH,,0.9863
Dịch vụ phục vụ như hạch,CHỬI BỚI,,0.5921
Ship hàng ngu như quần què,CHỬI BỚI,,0.9134
Món ăn thối như đống phân,CHỬI BỚI,,0.92
Bọn nhân viên chán như đống phân,CHỬI BỚI,,0.9162
Điều hòa hơi bị nhiệt tình thực sự,SẠCH,,0.9849
Chị lễ tân trông tận tâm hihi,SẠCH,,0.9911
Bữa sáng siêu đẹp lắm luôn,SẠCH,,0.9944
Ib ngay 0881824452 để nhận quà,SPAM,,0.9899
Bể bơi đặc biệt đẳng cấp lắm luôn,SẠCH,,0.9865
"Wifi lừa đảo, đòi lại tiền ngay",KÍCH ĐỘNG,,0.4174
Mọi người cẩn thận bị lừa cái quán này nhé,KÍCH ĐỘNG,,0.6378
Con mụ chủ dơ dáy,CHỬI BỚI,,0.9591
tổ cha Cách làm ăn biến đi,CHỬI BỚI,,0.8932
"Hệ thống gian manh, lừa đảo ngay",KÍCH ĐỘNG,,0.6576
"Tuyển dụng làm online, ib zalo 0477940155",SPAM,,0.9997
"Tuyển dụng việc nhẹ, ib zalo 0525317782",SPAM,,0.9997
Điều hòa chán như bò,CHỬI BỚI,,0.6972
Cô lao công thấy xuất sắc lắm luôn,SẠCH,,0.9928
View trông thơm tho :)),SẠCH,,0.9947
Resort tương đối ổn áp ^^,SẠCH,,0.9922
Khách sạn chán như đống phân,CHỬI BỚI,,0.9618
Không gian nhìn ngon ạ,SẠCH,,0.986
Anh chủ trông thân thiện lắm luôn,SẠCH,,0.9764
Chị lễ tân siêu lung linh hihi,SẠCH,,0.9925
mẹ kiếp Món ăn biến đi,CHỬI BỚI,,0.8201
Quán này như bò,CHỬI BỚI,,0.7614
Vị trí rất tận tâm ạ,SẠCH,,0.9933
Chủ shop phục vụ như đống phân,CHỬI BỚI,,0.9365
Hệ thống bẩn như lợn,CHỬI BỚI,,0.8473
Con mụ chủ bẩn như rác rưởi,CHỬI BỚI,,0.9883
khốn nạn Ship hàng dẹp tiệm đi,CHỬI BỚI,,0.8291
"Món ăn gian manh, gian dối ngay",KÍCH ĐỘNG,,0.9257
Điều hòa cảm thấy đẹp ạ,SẠCH,,0.9958
Wifi chán như hạch,CHỬI BỚI,,0.8053
Tiện nghi cực kỳ xuất sắc hihi,SẠCH,,0.9929
Truy cập http://bet75.com nhận 100k,SPAM,,0.9928
Liên hệ 0945879844 để kết bạn,SPAM,,0.9298
Wifi đặc biệt tận tâm.,SẠCH,,0.9948
"Hệ thống lừa đảo, treo đầu dê bán thịt chó ngay",KÍCH ĐỘNG,,0.8591
Wifi như l*n,CHỬI BỚI,,0.9256
Resort vô cùng sạch sẽ nhé,SẠCH,,0.9952
Nước nóng rất tiện lợi ạ,SẠCH,,0.9841
tiên sư Thằng quản lý dẹp tiệm đi,CHỬI BỚI,,0.9514
Dịch vụ vô cùng rộng rãi :)),SẠCH,,0.9947
Vị trí rất ấm cúng ^^,SẠCH,,0.9878
Nước nóng rất ổn áp nhé,SẠCH,,0.9866
Lễ tân làm ăn như cc,CHỬI BỚI,,0.9385
"Cái chỗ này lừa đảo, cạch mặt ngay",KÍCH ĐỘNG,,0.8479
Cái chỗ này phục vụ như đầu bùi,CHỬI BỚI,,0.5609
Không gian vô cùng đáng tiền <3,SẠCH,,0.9958
Điều hòa ngu như lợn,CHỬI BỚI,,0.8798
"Chủ shop gian manh, đừng mua ngay",KÍCH ĐỘNG,,0.5085
Thằng quản lý nhìn như c*c,CHỬI BỚI,,0.9903
Thái độ dở như hạch,CHỬI BỚI,,0.7934
chó chết Món ăn làm ăn chán đời,CHỬI BỚI,,0.8843
Anh chủ thực sự tốt thực sự,SẠCH,,0.9931
Truy cập http://bet47.com nhận 100k,SPAM,,0.8682
"Chủ shop lừa đảo, dối trá ngay",KÍCH ĐỘNG,,0.8967
"Tuyển dụng việc nhẹ, ib zalo 0919206864",SPAM,,0.9997
Wifi chán như chó,CHỬI BỚI,,0.9548
chó chết CSKH biến đi,CHỬI BỚI,,0.869
khốn nạn Quán này ngu không tả được,CHỬI BỚI,,0.8951
"Thái độ gian manh, đừng mua ngay",KÍCH ĐỘNG,,0.4628
Cách bài trí quá là tốt :)),SẠCH,,0.9951
Cô lao công thực sự nhanh nhẹn nhé,SẠCH,,0.9675
Bọn nhân viên phục vụ như đống phân,CHỬI BỚI,,0.8225
"Tuyển dụng làm online, ib zalo 0889458176",SPAM,,0.9996
Wifi siêu đẹp.,SẠCH,,0.9956
Truy cập http://sex79.com nhận 100k,SPAM,,0.9748
Resort cực kỳ xịn sò nha,SẠCH,,0.9543
Nhân viên trông rộng rãi ^^,SẠCH,,0.5278
Truy cập http://soicau26.com nhận 100k,SPAM,,0.9802
Món ăn như hạch,CHỬI BỚI,,0.8515
đm Con mụ chủ biến đi,CHỬI BỚI,,0.9661
Bữa sáng phải nói là chuyên nghiệp :)),SẠCH,,0.995
Hệ thống thối như l*n,CHỬI BỚI,,0.7165
Con mụ chủ ngu như l*n,CHỬI BỚI,,0.9884
Giường cảm thấy rộng rãi hihi,SẠCH,,0.9926
Quán này nhìn như đống phân,CHỬI BỚI,,0.8896
Phục vụ tệ như lợn,CHỬI BỚI,,0.8098
Cái chỗ này như cứt,CHỬI BỚI,,0.6235
"Con mụ chủ tráo trở, lừa đảo ngay",KÍCH ĐỘNG,,0.989
Homestay thực sự đẳng cấp lắm luôn,SẠCH,,0.9939
"Tuyển dụng làm online, ib zalo 0639113825",SPAM,,0.9997
Truy cập http://vay68.com nhận khuyến mãi,SPAM,,0.9919
Đồ ăn hơi bị ổn áp nha,SẠCH,,0.9785
Giường cực kỳ xuất sắc nha,SẠCH,,0.9955
Thằng quản lý làm ăn như rác rưởi,CHỬI BỚI,,0.9355
Lễ tân ngu như c*c,CHỬI BỚI,,0.9563
Không gian vô cùng ngon nha,SẠCH,,0.9953
Hệ thống tệ như cc,CHỬI BỚI,,0.5799
Thái độ phục vụ hơi bị chill nhé,SẠCH,,0.9791
Khách sạn thực sự sang chảnh nha,SẠCH,,0.995
"Tuyển dụng việc nhẹ, ib zalo 0793670387",SPAM,,0.9997
óc chó CSKH làm ăn chán đời,CHỬI BỚI,,0.9921
Mọi người treo đầu dê bán thịt chó cái chỗ này nhé,KÍCH ĐỘNG,,0.8876
Dịch vụ quá là thân thiện hihi,SẠCH,,0.995
đéo Thái độ biến đi,CHỬI BỚI,,0.9781
Trải nghiệm phải nói là đáng tiền.,SẠCH,,0.9071
Wifi thực sự ấm cúng lắm luôn,SẠCH,,0.9954
đéo Hệ thống làm ăn chán đời,CHỬI BỚI,,0.9152
"Cách làm ăn gian manh, treo đầu dê bán thịt chó ngay",KÍCH ĐỘNG,,0.5678
Nhân viên nhìn xịn sò :)),SẠCH,,0.7091
Con mụ chủ phục vụ như bò,CHỬI BỚI,,0.9847
Các bạn tránh xa quán này,KÍCH ĐỘNG,,0.9683
Ban công tương đối tuyệt vời lắm luôn,SẠCH,,0.9958
Bọn nhân viên ngu như đống phân,CHỬI BỚI,,0.9905
Chủ quán quá là sang chảnh nha,SẠCH,,0.9833
Nhắn tin 0996017970 để tư vấn,SPAM,,0.9805
"Chủ shop gian manh, lừa đảo ngay",KÍCH ĐỘNG,,0.6427
đéo Phục vụ biến đi,CHỬI BỚI,,0.9824
bố láo Khách sạn biến đi,CHỬI BỚI,,0.8395
Không gian cực kỳ ok!,SẠCH,,0.9956
"Tuyển dụng làm online, ib zalo 0882703454",SPAM,,0.9997
Alo 0711974979 để nhận quà,SPAM,,0.9958
Quán này làm ăn như cứt,CHỬI BỚI,,0.5369
Tiện nghi trông nhiệt tình ^^,SẠCH,,0.955
"Hệ thống lừa đảo, đừng mua ngay",KÍCH ĐỘNG,,0.6058
Phòng ốc thấy nhanh nhẹn nha,SẠCH,,0.9929
"Wifi gian manh, tẩy chay ngay",KÍCH ĐỘNG,,0.6927
Đồ ăn nhìn ổn áp nhé,SẠCH,,0.9916
Ib ngay 0555351579 để kết bạn,SPAM,,0.9938
tiên sư Khách sạn ngu không tả được,CHỬI BỚI,,0.9489
Con mụ chủ dở như c*c,CHỬI BỚI,,0.9815
Nhân viên thấy đẹp.,SẠCH,,0.8168
Anh em tẩy chay gấp quán này,KÍCH ĐỘNG,,0.8567
Chị lễ tân thực sự thơm tho ạ,SẠCH,,0.9956
"Thái độ tráo trở, bóc phốt ngay",KÍCH ĐỘNG,,0.8592
Cách bài trí cực kỳ nhiệt tình.,SẠCH,,0.9863
Vị trí khá chill <3,SẠCH,,0.9961
Truy cập http://bet35.com nhận khuyến mãi,SPAM,,0.9984
Anh chủ phải nói là thơm tho :)),SẠCH,,0.9937
Bữa sáng thực sự rộng rãi lắm luôn,SẠCH,,0.9927
khốn nạn Bọn nhân viên biến đi,CHỬI BỚI,,0.7954
Phòng ốc hơi bị sang chảnh lắm luôn,SẠCH,,0.9775
Alo 0454111851 để nhận quà,SPAM,,0.9957
"Cái chỗ này lừa đảo, treo đầu dê bán thịt chó ngay",KÍCH ĐỘNG,,0.9062
Khách sạn làm ăn như lợn,CHỬI BỚI,,0.9189
Phục vụ ngu như lợn,CHỬI BỚI,,0.7742
Cả nhà đừng bao giờ đến lũ khốn này,KÍCH ĐỘNG,,0.9256
Nước nóng thực sự tuyệt vời thực sự,SẠCH,,0.9957
"Tuyển dụng việc nhẹ, ib zalo 0565759090",SPAM,,0.9997
Truy cập http://sex72.com nhận khuyến mãi,SPAM,,0.9603
"Tuyển dụng làm online, ib zalo 0349531756",SPAM,,0.9997
CSKH bẩn thỉu,CHỬI BỚI,,0.9863
"Nhà vệ sinh tráo trở, tránh xa ngay",KÍCH ĐỘNG,,0.6992
Truy cập http://soicau78.com nhận khuyến mãi,SPAM,,0.99
Thái độ phục vụ cảm thấy chu đáo ạ,SẠCH,,0.9786
"Tuyển dụng việc nhẹ, ib zalo 0452392820",SPAM,,0.9997
vcl CSKH làm ăn chán đời,CHỬI BỚI,,0.9704
Liên hệ 0715709170 để vay vốn,SPAM,,0.9986
tổ cha Cái chỗ này ngu không tả được,CHỬI BỚI,,0.981
Chị lễ tân khá tuyệt vời :)),SẠCH,,0.9938
tiên sư Điều hòa ngu không tả được,CHỬI BỚI,,0.9841
CSKH bẩn như cứt,CHỬI BỚI,,0.9866
Cách bài trí tương đối ổn áp <3,SẠCH,,0.995
"Tuyển dụng làm online, ib zalo 0961145237",SPAM,,0.9996
Lễ tân như bò,CHỬI BỚI,,0.6981
"Tuyển dụng làm online, ib zalo 0853716418",SPAM,,0.9997
Ship hàng ngu như bẹn,CHỬI BỚI,,0.6883
Điều hòa làm ăn như chó,CHỬI BỚI,,0.9591
"Tuyển dụng việc nhẹ, ib zalo 0441798839",SPAM,,0.9997
"Tuyển dụng làm online, ib zalo 0654900448",SPAM,,0.9997
Truy cập http://vay62.com nhận khuyến mãi,SPAM,,0.9918
Phòng ốc vô cùng sạch sẽ thực sự,SẠCH,,0.9942
Truy cập http://sex26.com nhận khuyến mãi,SPAM,,0.946
Đồ ăn cảm thấy nhanh nhẹn nha,SẠCH,,0.9913
mất dạy Cách làm ăn dẹp tiệm đi,CHỬI BỚI,,0.8074
Mọi người làm ăn bố láo cái cái bọn lừa đảo này nhé,KÍCH ĐỘNG,,0.99
vcl Nhà vệ sinh ngu không tả được,CHỬI BỚI,,0.928
Khách sạn như chó,CHỬI BỚI,,0.9585
"Tuyển dụng việc nhẹ, ib zalo 0942125889",SPAM,,0.9997
đéo Thằng quản lý dẹp tiệm đi,CHỬI BỚI,,0.8122
Wifi phục vụ như quần què,CHỬI BỚI,,0.8112
mẹ kiếp Phục vụ biến đi,CHỬI BỚI,,0.762
khốn nạn Ship hàng ngu không tả được,CHỬI BỚI,,0.6562
tổ cha Lễ tân dẹp tiệm đi,CHỬI BỚI,,0.7738
Mọi thứ quá là tốt <3,SẠCH,,0.9958
vcl Chủ shop làm ăn chán đời,CHỬI BỚI,,0.9794
"Chủ shop tráo trở, bóc phốt ngay",KÍCH ĐỘNG,,0.7083
"Phục vụ gian manh, đừng mua ngay",KÍCH ĐỘNG,,0.6146
Giường trông chill ạ,SẠCH,,0.9951
Con mụ chủ bẩn như đống phân,CHỬI BỚI,,0.9881
Nhà vệ sinh ngu như hạch,CHỬI BỚI,,0.9838
"Tuyển dụng việc nhẹ, ib zalo 0946137873",SPAM,,0.9997
Ban công khá ổn áp!,SẠCH,,0.9951
Wifi bẩn như l*n,CHỬI BỚI,,0.9354
Bể bơi quá là sạch sẽ lắm luôn,SẠCH,,0.9867
Phục vụ như đầu bùi,CHỬI BỚI,,0.443
bố láo Nhà vệ sinh làm ăn chán đời,CHỬI BỚI,,0.9428
View thấy nhiệt tình ạ,SẠCH,,0.9959
Cái chỗ này dở như đầu bùi,CHỬI BỚI,,0.9034
Wifi dở như lợn,CHỬI BỚI,,0.896
Hỗ trợ 0712291206 để kết bạn,SPAM,,0.5658
Khách sạn khá sang chảnh ^^,SẠCH,,0.984
Truy cập http://bet86.com nhận khuyến mãi,SPAM,,0.999
CSKH phục vụ như chó,CHỬI BỚI,,0.6244
Mọi người dối trá cái shop này nhé,KÍCH ĐỘNG,,0.6376
bố láo Thái độ biến đi,CHỬI BỚI,,0.9652
Dịch vụ rất ấm cúng nhé,SẠCH,,0.9914
Nước nóng cực kỳ sang chảnh thực sự,SẠCH,,0.9944
Quán này dở như quần què,CHỬI BỚI,,0.6437
Chủ quán thấy thơm tho <3,SẠCH,,0.9933
"Tuyển dụng việc nhẹ, ib zalo 0731477359",SPAM,,0.9997
Ship hàng thối như đống phân,CHỬI BỚI,,0.9616
Trải nghiệm siêu tuyệt vời thực sự,SẠCH,,0.9946
vcl Quán này ngu không tả được,CHỬI BỚI,,0.8276
mất dạy Thái độ làm ăn chán đời,CHỬI BỚI,,0.8395
Quán này bẩn như bẹn,CHỬI BỚI,,0.6876
Hỗ trợ 0358469279 để tư vấn,SPAM,,0.6516
"Tuyển dụng làm online, ib zalo 0520753510",SPAM,,0.9997
Dịch vụ thấy ngon :)),SẠCH,,0.9935
Cách bài trí đặc biệt rộng rãi.,SẠCH,,0.9456
Homestay quá là thơm tho.,SẠCH,,0.9915
Resort đặc biệt đẹp ^^,SẠCH,,0.9949
Trải nghiệm siêu đáng tiền.,SẠCH,,0.9897
Khách sạn vô cùng sang chảnh!,SẠCH,,0.9908
Anh chủ phải nói là tận tâm hihi,SẠCH,,0.9811
Resort quá là xịn sò thực sự,SẠCH,,0.9397
"Tuyển dụng làm online, ib zalo 0846855174",SPAM,,0.9997
Chị lễ tân thực sự xuất sắc :)),SẠCH,,0.992
Thái độ ngu như c*c,CHỬI BỚI,,0.9581
Điều hòa khá dễ thương!,SẠCH,,0.995
mất dạy Con mụ chủ làm ăn chán đời,CHỬI BỚI,,0.9773
Cách bài trí quá là sạch sẽ hihi,SẠCH,,0.9941
Phục vụ như lợn,CHỬI BỚI,,0.5691
View siêu nhanh nhẹn nhé,SẠCH,,0.9945
"Khách sạn lừa đảo, lừa đảo ngay",KÍCH ĐỘNG,,0.8561
Wifi hơi bị sạch sẽ!,SẠCH,,0.9476
tổ cha Quán này biến đi,CHỬI BỚI,,0.9301
CSKH tệ như bẹn,CHỬI BỚI,,0.5382
"Phục vụ gian manh, báo công an ngay",KÍCH ĐỘNG,,0.4785
"Lễ tân tráo trở, đòi lại tiền ngay",KÍCH ĐỘNG,,0.9504
Hệ thống dở như bò,CHỬI BỚI,,0.9406
"Tuyển dụng làm online, ib zalo 0864897512",SPAM,,0.9997
Ship hàng dơ dáy,CHỬI BỚI,,0.9579
Thằng quản lý chảnh chó,CHỬI BỚI,,0.9911
Khách sạn ngu như cc,CHỬI BỚI,,0.8684
Liên hệ 0324843168 để kết bạn,SPAM,,0.9666
Hotline 0341491917 để tư vấn,SPAM,,0.9314
Tiện nghi nhìn tốt <3,SẠCH,,0.993
Mọi thứ rất xịn sò <3,SẠCH,,0.8871
Nhà vệ sinh hơi bị đáng tiền ^^,SẠCH,,0.9523
Nhà vệ sinh bẩn thỉu,CHỬI BỚI,,0.9053
Hotline 0851829136 để vay vốn,SPAM,,0.9953
"Ship hàng gian manh, bóc phốt ngay",KÍCH ĐỘNG,,0.911
Vị trí nhìn ngon ^^,SẠCH,,0.9847
Giường quá là đẹp nha,SẠCH,,0.9956
Bác bảo vệ vô cùng dễ thương thực sự,SẠCH,,0.99
Chủ quán vô cùng tiện lợi ạ,SẠCH,,0.9916
Thái độ phục vụ rất rộng rãi ạ,SẠCH,,0.9714
Tiện nghi vô cùng đẹp nhé,SẠCH,,0.9951
Bọn nhân viên tệ như đầu bùi,CHỬI BỚI,,0.9858
Resort thực sự nhanh nhẹn ^^,SẠCH,,0.9931
"CSKH gian manh, cẩn thận bị lừa ngay",KÍCH ĐỘNG,,0.9818
Khách sạn nhìn như c*c,CHỬI BỚI,,0.9707
Tiện nghi rất sang chảnh nhé,SẠCH,,0.9887
Dịch vụ đặc biệt tận tâm!,SẠCH,,0.9387
"Cách làm ăn tráo trở, báo công an ngay",KÍCH ĐỘNG,,0.93
tổ cha Chủ shop ngu không tả được,CHỬI BỚI,,0.9838
Bể bơi tương đối rộng rãi <3,SẠCH,,0.9891
Nhân viên cực kỳ sang chảnh nhé,SẠCH,,0.9887
"Món ăn lừa đảo, dối trá ngay",KÍCH ĐỘNG,,0.9336
Bể bơi khá rộng rãi :)),SẠCH,,0.9721
mẹ kiếp Con mụ chủ dẹp tiệm đi,CHỬI BỚI,,0.7748
Bọn nhân viên như quần què,CHỬI BỚI,,0.988
"Con mụ chủ gian manh, gian dối ngay",KÍCH ĐỘNG,,0.9861
Liên hệ 0389016096 để kết bạn,SPAM,,0.9658
Nhân viên cực kỳ thoáng mát.,SẠCH,,0.9609
Ship hàng thối như lợn,CHỬI BỚI,,0.9156
Thằng quản lý ngu như lợn,CHỬI BỚI,,0.9911
Mọi người tẩy chay cái lũ khốn này nhé,KÍCH ĐỘNG,,0.9874
Alo 0390715802 để kết bạn,SPAM,,0.9914
Phòng ốc quá là đẹp.,SẠCH,,0.9943
Giường thực sự nhiệt tình hihi,SẠCH,,0.9949
Không gian thấy lung linh.,SẠCH,,0.9911
Thái độ làm ăn như shit,CHỬI BỚI,,0.6578
Homestay đặc biệt ngon :)),SẠCH,,0.9929
Mọi thứ rất tận tâm thực sự,SẠCH,,0.9952
Giường thấy tiện lợi.,SẠCH,,0.9847
đm Bọn nhân viên làm ăn chán đời,CHỬI BỚI,,0.9618
Wifi nhìn tốt!,SẠCH,,0.9941
Quán này nhìn như hạch,CHỬI BỚI,,0.645
Homestay cực kỳ ổn áp hihi,SẠCH,,0.9948
Mọi người cạch mặt cái lũ khốn này nhé,KÍCH ĐỘNG,,0.9856
Chủ quán tương đối đáng tiền nha,SẠCH,,0.9927
Bác bảo vệ khá dễ thương hihi,SẠCH,,0.9876
Ib ngay 0786619313 để kết bạn,SPAM,,0.9932
Giường đặc biệt thơm tho ^^,SẠCH,,0.9945
Nhà vệ sinh thấy ấm cúng ^^,SẠCH,,0.9734
Wifi đặc biệt đẳng cấp lắm luôn,SẠCH,,0.9914
Nhà vệ sinh cực kỳ rộng rãi nha,SẠCH,,0.9871
"Tuyển dụng việc nhẹ, ib zalo 0618000837",SPAM,,0.9997
Quán này như shit,CHỬI BỚI,,0.8154
Bọn nhân viên chán như lợn,CHỬI BỚI,,0.8949
Khách sạn như cứt,CHỬI BỚI,,0.932
"Tuyển dụng làm online, ib zalo 0856247732",SPAM,,0.9996
Trải nghiệm cực kỳ tiện lợi :)),SẠCH,,0.9941
Chị lễ tân đặc biệt tiện lợi thực sự,SẠCH,,0.9941
Ib ngay 0719224563 để nhận quà,SPAM,,0.9901
Mọi người đòi lại tiền cái bọn này nhé,KÍCH ĐỘNG,,0.9738
Liên hệ 0326509066 để nhận quà,SPAM,,0.9685
tiên sư Cách làm ăn dẹp tiệm đi,CHỬI BỚI,,0.7395
Giường thấy nhiệt tình hihi,SẠCH,,0.9922
Quán này ngu như rác rưởi,CHỬI BỚI,,0.6756
CSKH thối như quần què,CHỬI BỚI,,0.9359
Bọn nhân viên làm ăn như l*n,CHỬI BỚI,,0.9849
Chủ quán rất nhiệt tình.,SẠCH,,0.9714
"Wifi tráo trở, gian dối ngay",KÍCH ĐỘNG,,0.7509
tổ cha Món ăn ngu không tả được,CHỬI BỚI,,0.9741
View thực sự đáng tiền lắm luôn,SẠCH,,0.9942
Cô lao công tương đối ok <3,SẠCH,,0.9945
Ship hàng bẩn như cc,CHỬI BỚI,,0.9621
tiên sư Hệ thống ngu không tả được,CHỬI BỚI,,0.9849
Bể bơi thực sự tuyệt vời!,SẠCH,,0.9906
Phòng ốc siêu đáng tiền thực sự,SẠCH,,0.994
vcl Nhà vệ sinh dẹp tiệm đi,CHỬI BỚI,,0.9775
óc chó Chủ shop làm ăn chán đời,CHỬI BỚI,,0.9891
khốn nạn Bọn nhân viên dẹp tiệm đi,CHỬI BỚI,,0.4986
Món ăn ngu như rác rưởi,CHỬI BỚI,,0.8688
Truy cập http://soicau77.com nhận khuyến mãi,SPAM,,0.9911
Khách sạn chán như lợn,CHỬI BỚI,,0.8969
Nước nóng cảm thấy nhanh nhẹn thực sự,SẠCH,,0.9893
Cách làm ăn bẩn như hạch,CHỬI BỚI,,0.7033
CSKH nhìn như cứt,CHỬI BỚI,,0.9287
Vị trí phải nói là chu đáo nhé,SẠCH,,0.9705
óc chó Con mụ chủ biến đi,CHỬI BỚI,,0.986
Nhà vệ sinh tệ như rác rưởi,CHỬI BỚI,,0.8501
"Thằng quản lý tráo trở, bóc phốt ngay",KÍCH ĐỘNG,,0.9847
Khách sạn phục vụ như l*n,CHỬI BỚI,,0.8609
Con chó nhà này đáng yêu ghê,SẠCH,,0.3755
Khách sạn rất lung linh hihi,SẠCH,,0.9942
Truy cập http://soicau63.com nhận 100k,SPAM,,0.9851
Phòng ốc cực kỳ thơm tho hihi,SẠCH,,0.9955
"Tuyển dụng làm online, ib zalo 0671742990",SPAM,,0.9997
Cô lao công cực kỳ nhiệt tình.,SẠCH,,0.9748
CSKH như hạch,CHỬI BỚI,,0.9077
Bọn nhân viên dở như bẹn,CHỬI BỚI,,0.9864
Truy cập http://vay15.com nhận 100k,SPAM,,0.9837
Cách bài trí vô cùng chuyên nghiệp!,SẠCH,,0.992
Mọi người đòi lại tiền cái cái bọn lừa đảo này nhé,KÍCH ĐỘNG,,0.9846
Bữa sáng cực kỳ dễ thương lắm luôn,SẠCH,,0.9957
Con cún của chủ quán quấn người lắm,SẠCH,,0.4424
Con mụ chủ nhìn như lợn,CHỬI BỚI,,0.9449
CSKH làm ăn như đống phân,CHỬI BỚI,,0.7539
Cách làm ăn chán như bẹn,CHỬI BỚI,,0.9473
"Tuyển dụng việc nhẹ, ib zalo 0315156264",SPAM,,0.9997
"Quán này lừa đảo, làm ăn bố láo ngay",KÍCH ĐỘNG,,0.6897
Khách sạn thấy dễ thương :)),SẠCH,,0.9952
Mọi thứ vô cùng chill :)),SẠCH,,0.996
Thái độ phục vụ siêu đẹp!,SẠCH,,0.9839
Hỗ trợ 0736675965 để kết bạn,SPAM,,0.7508
Hệ thống ngu như cc,CHỬI BỚI,,0.9443
đm Quán này ngu không tả được,CHỬI BỚI,,0.9492
Thằng quản lý thối như rác rưởi,CHỬI BỚI,,0.9865
Trải nghiệm cực kỳ ok nha,SẠCH,,0.9941
Thằng quản lý dở như l*n,CHỬI BỚI,,0.9904
"Nhà vệ sinh lừa đảo, dối trá ngay",KÍCH ĐỘNG,,0.8895
Ban công phải nói là nhanh nhẹn nha,SẠCH,,0.9907
Nước nóng khá tiện lợi nha,SẠCH,,0.9891
Ib ngay 0627081942 để kết bạn,SPAM,,0.9946
Bọn nhân viên chán như shit,CHỬI BỚI,,0.9449
"CSKH tráo trở, báo công an ngay",KÍCH ĐỘNG,,0.8239
tiên sư Thái độ làm ăn chán đời,CHỬI BỚI,,0.4246
Tư vấn 0854052260 để vay vốn,SPAM,,0.9984
Khách sạn vô cùng ổn áp nha,SẠCH,,0.9952
Thằng quản lý làm ăn như lợn,CHỬI BỚI,,0.9757
Anh chủ đặc biệt thơm tho hihi,SẠCH,,0.9935
Điều hòa nhìn như rác rưởi,CHỬI BỚI,,0.4873
"Điều hòa lừa đảo, cạch mặt ngay",KÍCH ĐỘNG,,0.5294
Zalo 0940063274 để kết bạn,SPAM,,0.9596
"Ship hàng tráo trở, tẩy chay ngay",KÍCH ĐỘNG,,0.6464
"Ship hàng tráo trở, báo công an ngay",KÍCH ĐỘNG,,0.8068
Ship hàng tệ như lợn,CHỬI BỚI,,0.625
Homestay thấy tuyệt vời lắm luôn,SẠCH,,0.9953
"Wifi gian manh, đòi lại tiền ngay",KÍCH ĐỘNG,,0.8573
Tư vấn 0687646133 để vay vốn,SPAM,,0.999
CSKH chán như lợn,CHỬI BỚI,,0.9143
Liên hệ 0328047614 để tư vấn,SPAM,,0.9259
Bọn nhân viên ngu như cc,CHỬI BỚI,,0.9889
CSKH bẩn như chó,CHỬI BỚI,,0.9575
Hệ thống thối như đầu bùi,CHỬI BỚI,,0.6571
tiên sư Dịch vụ biến đi,CHỬI BỚI,,0.9535
Chị lễ tân rất yên tĩnh lắm luôn,SẠCH,,0.9855
"Tuyển dụng việc nhẹ, ib zalo 0477407161",SPAM,,0.9997
Nhân viên thấy ngon ^^,SẠCH,,0.7366
Giường rất ấm cúng ^^,SẠCH,,0.9917
Dịch vụ đặc biệt thơm tho :)),SẠCH,,0.9959
Ship hàng như hạch,CHỬI BỚI,,0.8045
Chủ shop chán như đống phân,CHỬI BỚI,,0.9176
Chủ quán thực sự đẳng cấp.,SẠCH,,0.9833
Homestay phải nói là nhiệt tình!,SẠCH,,0.9821
"Thằng quản lý tráo trở, report ngay",KÍCH ĐỘNG,,0.9787
Dịch vụ chán như bò,CHỬI BỚI,,0.8021
Cách làm ăn thối như lợn,CHỬI BỚI,,0.6745
mẹ kiếp Thái độ ngu không tả được,CHỬI BỚI,,0.9733
Nước nóng cảm thấy thoáng mát.,SẠCH,,0.9773
Truy cập http://soicau42.com nhận 100k,SPAM,,0.9815
Cô lao công phải nói là thoáng mát.,SẠCH,,0.8545
đm Cái chỗ này làm ăn chán đời,CHỬI BỚI,,0.6377
Điều hòa tương đối đẹp ạ,SẠCH,,0.9949
Thái độ bẩn như đống phân,CHỬI BỚI,,0.9206
Bọn nhân viên ngu như shit,CHỬI BỚI,,0.9896
Bọn nhân viên bẩn như quần què,CHỬI BỚI,,0.9913
Thái độ phục vụ trông ngon <3,SẠCH,,0.9913
Tiện nghi hơi bị lung linh nhé,SẠCH,,0.9669
Nhà vệ sinh làm ăn như bò,CHỬI BỚI,,0.9199
Giường vô cùng hài lòng!,SẠCH,,0.9933
Tiện nghi tương đối đẹp!,SẠCH,,0.9645
Cách bài trí thấy thơm tho <3,SẠCH,,0.9959
Ship hàng như cc,CHỬI BỚI,,0.9555
Call 0747385270 để kết bạn,SPAM,,0.9908
Truy cập http://soicau64.com nhận 100k,SPAM,,0.9822
Truy cập http://bet33.com nhận khuyến mãi,SPAM,,0.9977
"Tuyển dụng việc nhẹ, ib zalo 0662229180",SPAM,,0.9997
Wifi làm ăn như quần què,CHỬI BỚI,,0.9529
"Ship hàng lừa đảo, đòi lại tiền ngay",KÍCH ĐỘNG,,0.4946
Nhân viên rất xuất sắc ạ,SẠCH,,0.9914
View đặc biệt tận tâm :)),SẠCH,,0.9957
Alo 0322472341 để kết bạn,SPAM,,0.9926
Điều hòa dở như lợn,CHỬI BỚI,,0.5455
"Phục vụ tráo trở, tránh xa ngay",KÍCH ĐỘNG,,0.8786
"Quán này tráo trở, bóc phốt ngay",KÍCH ĐỘNG,,0.6248
Cách làm ăn phục vụ như chó,CHỬI BỚI,,0.9083
"Dịch vụ lừa đảo, đòi lại tiền ngay",KÍCH ĐỘNG,,0.9926
"Phục vụ gian manh, tẩy chay ngay",KÍCH ĐỘNG,,0.7736
"Thằng quản lý gian manh, đừng mua ngay",KÍCH ĐỘNG,,0.989
"Tuyển dụng làm online, ib zalo 0382322946",SPAM,,0.9996
Tiện nghi nhìn chill thực sự,SẠCH,,0.9917
Thái độ phục vụ cảm thấy sạch sẽ.,SẠCH,,0.9513
Dịch vụ cảm thấy ngon thực sự,SẠCH,,0.9893
Bể bơi cực kỳ sạch sẽ nha,SẠCH,,0.9874
tiên sư Nhà vệ sinh biến đi,CHỬI BỚI,,0.7398
Bể bơi khá đẳng cấp ạ,SẠCH,,0.9888
Con chó của chủ quán hiền khô ghê,SẠCH,,0.8751
Món ăn bẩn như hạch,CHỬI BỚI,,0.6839
vcl Phục vụ dẹp tiệm đi,CHỬI BỚI,,0.9809
Cô lao công thực sự ok thực sự,SẠCH,,0.9943
Hệ thống dở như bẹn,CHỬI BỚI,,0.8534
Bác bảo vệ thực sự ngon thực sự,SẠCH,,0.9949
Bể bơi tương đối đẹp!,SẠCH,,0.9893
Thằng quản lý ngu như chó,CHỬI BỚI,,0.9892
"Tuyển dụng việc nhẹ, ib zalo 0849324597",SPAM,,0.9997
Khách sạn ngu như quần què,CHỬI BỚI,,0.5527
Cái chỗ này phục vụ như cứt,CHỬI BỚI,,0.6675
Con mụ chủ tệ như quần què,CHỬI BỚI,,0.9877
CSKH tệ như đống phân,CHỬI BỚI,,0.832
Hệ thống nhìn như đống phân,CHỬI BỚI,,0.9596
Wifi dở như l*n,CHỬI BỚI,,0.8352
Hệ thống thối như c*c,CHỬI BỚI,,0.5016
Tiện nghi vô cùng xuất sắc ạ,SẠCH,,0.9933
View trông thoáng mát thực sự,SẠCH,,0.9952
Con mèo nhà này đáng yêu lắm,SẠCH,,0.9238
Điều hòa phục vụ như hạch,CHỬI BỚI,,0.6585
Ship hàng chán như quần què,CHỬI BỚI,,0.9536
vcl Điều hòa biến đi,CHỬI BỚI,,0.9657
Wifi siêu yên tĩnh ạ,SẠCH,,0.9954
Thằng quản lý dở như shit,CHỬI BỚI,,0.9839
Điều hòa trông thoáng mát :)),SẠCH,,0.9956
Cách làm ăn làm ăn như lợn,CHỬI BỚI,,0.7335
mẹ kiếp Quán này dẹp tiệm đi,CHỬI BỚI,,0.4828
đéo Lễ tân làm ăn chán đời,CHỬI BỚI,,0.9575
Thằng quản lý làm ăn như c*c,CHỬI BỚI,,0.9901
Wifi thực sự tiện lợi nha,SẠCH,,0.9945
Nhân viên thấy xịn sò :)),SẠCH,,0.871
Cách bài trí hơi bị thoáng mát :)),SẠCH,,0.9791
Truy cập http://sex18.com nhận 100k,SPAM,,0.9584
Hotline 0795436550 để tư vấn,SPAM,,0.9039
Dịch vụ vô cùng chu đáo hihi,SẠCH,,0.9916
ngu vãi Bọn nhân viên biến đi,CHỬI BỚI,,0.818
Món ăn như bẹn,CHỬI BỚI,,0.8316
Truy cập http://vay54.com nhận 100k,SPAM,,0.9819
Lễ tân bẩn như c*c,CHỬI BỚI,,0.7326
Giường đặc biệt sạch sẽ :)),SẠCH,,0.995
"Chủ shop lừa đảo, bóc phốt ngay",KÍCH ĐỘNG,,0.8848
Mọi người báo công an cái bọn này nhé,KÍCH ĐỘNG,,0.9863
tổ cha Quán này dẹp tiệm đi,CHỬI BỚI,,0.8379
Hotline 0423312438 để vay vốn,SPAM,,0.9958
Thái độ dở như c*c,CHỬI BỚI,,0.8387
Zalo 0925401190 để vay vốn,SPAM,,0.9996
Lễ tân thối như shit,CHỬI BỚI,,0.8144
"Tuyển dụng việc nhẹ, ib zalo 0375553030",SPAM,,0.9997
Khách sạn tương đối ngon thực sự,SẠCH,,0.9924
mất dạy CSKH ngu không tả được,CHỬI BỚI,,0.9898
"Nhà vệ sinh lừa đảo, tránh xa ngay",KÍCH ĐỘNG,,0.6858
Cách bài trí khá xịn sò lắm luôn,SẠCH,,0.8854
Điều hòa làm ăn như hạch,CHỬI BỚI,,0.6461
tổ cha Bọn nhân viên biến đi,CHỬI BỚI,,0.9685
Nhà vệ sinh trông sang chảnh ^^,SẠCH,,0.9597
Giường khá hài lòng nhé,SẠCH,,0.9955
"Tuyển dụng việc nhẹ, ib zalo 0394615261",SPAM,,0.9997
Chủ quán cực kỳ tốt lắm luôn,SẠCH,,0.9841
CSKH chán như cứt,CHỬI BỚI,,0.9231
"Chủ shop tráo trở, tẩy chay ngay",KÍCH ĐỘNG,,0.5446
Dịch vụ nhìn đẳng cấp <3,SẠCH,,0.9925
Resort phải nói là đáng tiền ạ,SẠCH,,0.9917
Chị lễ tân thấy thân thiện.,SẠCH,,0.9934
mẹ kiếp Khách sạn làm ăn chán đời,CHỬI BỚI,,0.8109
Thái độ tệ như quần què,CHỬI BỚI,,0.9377
Cô lao công cảm thấy tận tâm ^^,SẠCH,,0.9808
Quán này dở như cứt,CHỬI BỚI,,0.5405
Vị trí vô cùng ổn áp nhé,SẠCH,,0.9935
Bể bơi siêu ấm cúng <3,SẠCH,,0.9944
Mọi thứ cảm thấy ổn áp!,SẠCH,,0.9944
Homestay khá tiện lợi nhé,SẠCH,,0.9913
Chủ quán khá đáng tiền :)),SẠCH,,0.992
tổ cha Ship hàng biến đi,CHỬI BỚI,,0.7312
Wifi như cc,CHỬI BỚI,,0.9801
Hệ thống ngu như đống phân,CHỬI BỚI,,0.7673
"Tuyển dụng việc nhẹ, ib zalo 0799637895",SPAM,,0.9997
Homestay khá đẹp lắm luôn,SẠCH,,0.9954
Cách bài trí hơi bị lung linh thực sự,SẠCH,,0.9682
Con mụ chủ nhìn như shit,CHỬI BỚI,,0.9847
Chủ quán siêu tuyệt vời.,SẠCH,,0.992
Điều hòa tương đối đáng tiền nha,SẠCH,,0.9901
đm Chủ shop dẹp tiệm đi,CHỬI BỚI,,0.827
Cái chỗ này chán như hạch,CHỬI BỚI,,0.7595
Wifi siêu đẹp nha,SẠCH,,0.9953
"Tuyển dụng việc nhẹ, ib zalo 0867620475",SPAM,,0.9997
"Tuyển dụng việc nhẹ, ib zalo 0727912465",SPAM,,0.9997
"Thằng quản lý gian manh, tránh xa ngay",KÍCH ĐỘNG,,0.9892
Tư vấn 0837470382 để kết bạn,SPAM,,0.6311
Wifi hãm lờ,CHỬI BỚI,,0.8596
Bọn nhân viên phục vụ như shit,CHỬI BỚI,,0.8955
Nước nóng vô cùng xuất sắc nhé,SẠCH,,0.994
Ship hàng nhìn như hạch,CHỬI BỚI,,0.7812
View rất lung linh nha,SẠCH,,0.996
chó chết Dịch vụ biến đi,CHỬI BỚI,,0.8557
Đồ ăn thấy tiện lợi thực sự,SẠCH,,0.9814
Wifi thấy tuyệt vời ^^,SẠCH,,0.9956
Thái độ phục vụ đặc biệt ngon :)),SẠCH,,0.9943
Điều hòa nhìn ok ^^,SẠCH,,0.9957
"Tuyển dụng việc nhẹ, ib zalo 0372145726",SPAM,,0.9997
Giường thấy nhanh nhẹn :)),SẠCH,,0.9863
Nhà vệ sinh làm ăn như bẹn,CHỬI BỚI,,0.9483
Điều hòa hơi bị sạch sẽ nha,SẠCH,,0.9926
Cách làm ăn tệ như c*c,CHỬI BỚI,,0.5859
Liên hệ 0768551738 để tư vấn,SPAM,,0.8512
Nước nóng hơi bị ổn áp!,SẠCH,,0.9118
Điều hòa tệ như rác rưởi,CHỬI BỚI,,0.5124
Bể bơi phải nói là xịn sò lắm luôn,SẠCH,,0.6455
ngu vãi Chủ shop ngu không tả được,CHỬI BỚI,,0.7154
Ban công trông đáng tiền <3,SẠCH,,0.9938
Lễ tân bẩn như hạch,CHỬI BỚI,,0.8172
Mọi người ơi có ship không?,SẠCH,,0.9938
Phục vụ dơ dáy,CHỬI BỚI,,0.9618
"Tuyển dụng việc nhẹ, ib zalo 0332629018",SPAM,,0.9997
Truy cập http://soicau90.com nhận 100k,SPAM,,0.9837
Hỗ trợ 0832256226 để vay vốn,SPAM,,0.9976
Bữa sáng tương đối nhiệt tình :)),SẠCH,,0.9953
Điều hòa thực sự ngon ^^,SẠCH,,0.9948
khốn nạn Ship hàng làm ăn chán đời,CHỬI BỚI,,0.9223
Món ăn như đống phân,CHỬI BỚI,,0.905
vcl Hệ thống làm ăn chán đời,CHỬI BỚI,,0.9711
"Bọn nhân viên gian manh, đừng mua ngay",KÍCH ĐỘNG,,0.9852
"Phục vụ lừa đảo, tránh xa ngay",KÍCH ĐỘNG,,0.647
"Thằng quản lý gian manh, làm ăn bố láo ngay",KÍCH ĐỘNG,,0.9915
"Tuyển dụng việc nhẹ, ib zalo 0715315967",SPAM,,0.9997
Call 0369454787 để vay vốn,SPAM,,0.9941
Bữa sáng cảm thấy thoáng mát lắm luôn,SẠCH,,0.9927
"Bọn nhân viên lừa đảo, kiện ngay",KÍCH ĐỘNG,,0.8252
Chủ quán quá là chu đáo!,SẠCH,,0.9798
Anh chủ vô cùng chill <3,SẠCH,,0.9948
mẹ kiếp Món ăn ngu không tả được,CHỬI BỚI,,0.882
chó chết Thằng quản lý ngu không tả được,CHỬI BỚI,,0.9893
Khách sạn vô cùng thoáng mát.,SẠCH,,0.9909
chó chết Ship hàng biến đi,CHỬI BỚI,,0.9245
Điều hòa phải nói là tận tâm <3,SẠCH,,0.9951
Vị trí nhìn đẹp <3,SẠCH,,0.9952
Con chó nhà này cưng xỉu lắm,SẠCH,,0.9907
Thái độ chán như đống phân,CHỬI BỚI,,0.9617
Truy cập http://vay90.com nhận khuyến mãi,SPAM,,0.9918
Nhà vệ sinh bẩn như shit,CHỬI BỚI,,0.9481
chó chết Lễ tân dẹp tiệm đi,CHỬI BỚI,,0.9321
Nhà vệ sinh đặc biệt thoáng mát lắm luôn,SẠCH,,0.9869
"Tuyển dụng việc nhẹ, ib zalo 0983946208",SPAM,,0.9997
Cách bài trí quá là tiện lợi ^^,SẠCH,,0.99
Quán này làm ăn như quần què,CHỬI BỚI,,0.8734
Quán này phục vụ như hạch,CHỬI BỚI,,0.6886
Điều hòa nhìn thơm tho.,SẠCH,,0.9958
Ban công trông tiện lợi!,SẠCH,,0.982
Nhà vệ sinh thấy thoáng mát ạ,SẠCH,,0.9922
Không gian cực kỳ nhanh nhẹn nhé,SẠCH,,0.9842
Bác bảo vệ nhìn ổn áp ạ,SẠCH,,0.9947
Điều hòa phục vụ như cc,CHỬI BỚI,,0.972
Điều hòa tương đối ngon nha,SẠCH,,0.9956
Mọi thứ nhìn nhanh nhẹn hihi,SẠCH,,0.9932
Quán này phục vụ như l*n,CHỬI BỚI,,0.8817
đm CSKH làm ăn chán đời,CHỬI BỚI,,0.9798
Mọi thứ siêu rộng rãi <3,SẠCH,,0.9951
Mọi thứ phải nói là đáng tiền hihi,SẠCH,,0.9837
Cách làm ăn bẩn như rác rưởi,CHỬI BỚI,,0.9316
Cách bài trí hơi bị dễ thương thực sự,SẠCH,,0.992
Hệ thống tệ như rác rưởi,CHỬI BỚI,,0.8738
Chị lễ tân nhìn tốt thực sự,SẠCH,,0.9927
vcl Quán này làm ăn chán đời,CHỬI BỚI,,0.9696
Chủ shop dở như chó,CHỬI BỚI,,0.7833
Cô lao công phải nói là chu đáo.,SẠCH,,0.8352
Không gian đặc biệt ok :)),SẠCH,,0.996
Resort trông ấm cúng nhé,SẠCH,,0.9921
View cảm thấy chuyên nghiệp ^^,SẠCH,,0.994
Phòng ốc phải nói là xuất sắc.,SẠCH,,0.9774
vcl Quán này biến đi,CHỬI BỚI,,0.9736
"Thằng quản lý gian manh, cẩn thận bị lừa ngay",KÍCH ĐỘNG,,0.9856
vcl Nhà vệ sinh làm ăn chán đời,CHỬI BỚI,,0.9802
Bữa sáng cực kỳ ok :)),SẠCH,,0.9958
Wifi cảm thấy yên tĩnh ^^,SẠCH,,0.9922
Cô lao công tương đối sang chảnh nhé,SẠCH,,0.9342
Truy cập http://vay69.com nhận khuyến mãi,SPAM,,0.9901
Trải nghiệm siêu ok thực sự,SẠCH,,0.995
Khách sạn phục vụ như quần què,CHỬI BỚI,,0.8074
tổ cha Điều hòa biến đi,CHỬI BỚI,,0.5296
Đồ ăn khá thơm tho nha,SẠCH,,0.9947
Điều hòa siêu xuất sắc.,SẠCH,,0.9953
chó chết Khách sạn làm ăn chán đời,CHỬI BỚI,,0.8029
Dịch vụ chán như l*n,CHỬI BỚI,,0.9077
Thái độ phục vụ như chó,CHỬI BỚI,,0.885
Thái độ hãm lờ,CHỬI BỚI,,0.7868
Thằng quản lý tệ như quần què,CHỬI BỚI,,0.9912
Chủ quán thực sự chill lắm luôn,SẠCH,,0.9922
đm Phục vụ ngu không tả được,CHỬI BỚI,,0.7888
Cách bài trí rất xuất sắc lắm luôn,SẠCH,,0.9938
"Dịch vụ lừa đảo, gian dối ngay",KÍCH ĐỘNG,,0.9428
"Tuyển dụng làm online, ib zalo 0926058312",SPAM,,0.9996
vcl Cách làm ăn ngu không tả được,CHỬI BỚI,,0.8872
"Lễ tân gian manh, lừa đảo ngay",KÍCH ĐỘNG,,0.7651
"Cái chỗ này lừa đảo, report ngay",KÍCH ĐỘNG,,0.7183
Wifi trông rộng rãi lắm luôn,SẠCH,,0.9888
Hệ thống chán như đầu bùi,CHỬI BỚI,,0.6518
Dịch vụ trông ổn áp hihi,SẠCH,,0.9939
Điều hòa bẩn thỉu,CHỬI BỚI,,0.7178
Cách làm ăn chán như đầu bùi,CHỬI BỚI,,0.8976
Phòng ốc vô cùng chu đáo nhé,SẠCH,,0.9941
Chủ quán trông xuất sắc thực sự,SẠCH,,0.9849
Truy cập http://sex46.com nhận 100k,SPAM,,0.967
Nhà vệ sinh bẩn như bẹn,CHỬI BỚI,,0.9589
Con mụ chủ bẩn như l*n,CHỬI BỚI,,0.9822
Điều hòa cảm thấy ấm cúng ^^,SẠCH,,0.9927
Chủ quán trông đẹp.,SẠCH,,0.9808
Truy cập http://soicau29.com nhận 100k,SPAM,,0.9848
Vị trí siêu đẳng cấp lắm luôn,SẠCH,,0.9936
Bữa sáng khá xịn sò!,SẠCH,,0.9783
Hệ thống tệ như c*c,CHỬI BỚI,,0.5799
Thằng quản lý bẩn như đống phân,CHỬI BỚI,,0.9865
Chủ quán thực sự đẳng cấp lắm luôn,SẠCH,,0.9866
Nhà vệ sinh nhìn như bẹn,CHỬI BỚI,,0.9618
"Tuyển dụng việc nhẹ, ib zalo 0317187521",SPAM,,0.9997
Giường thấy hài lòng thực sự,SẠCH,,0.994
mẹ kiếp CSKH làm ăn chán đời,CHỬI BỚI,,0.9674
Thái độ tệ như chó,CHỬI BỚI,,0.9468
Call 0556201950 để nhận quà,SPAM,,0.9952
Đồ ăn đặc biệt rộng rãi lắm luôn,SẠCH,,0.9762
"Tuyển dụng làm online, ib zalo 0857299159",SPAM,,0.9997
Đồ ăn cực kỳ thơm tho nha,SẠCH,,0.995
"Hệ thống lừa đảo, làm ăn bố láo ngay",KÍCH ĐỘNG,,0.5423
đéo Thằng quản lý làm ăn chán đời,CHỬI BỚI,,0.7215
Zalo 0752232222 để vay vốn,SPAM,,0.9995
Bữa sáng cực kỳ ngon lắm luôn,SẠCH,,0.9942
Nước nóng cảm thấy chuyên nghiệp!,SẠCH,,0.9818
Cách làm ăn dở như rác rưởi,CHỬI BỚI,,0.9383
Bọn nhân viên dở như rác rưởi,CHỬI BỚI,,0.9702
Ib ngay 0472106456 để tư vấn,SPAM,,0.9914
Truy cập http://vay98.com xem hàng,SPAM,,0.9921
Vị trí vô cùng sang chảnh nha,SẠCH,,0.9935
"Tuyển dụng việc nhẹ, ib zalo 0953845940",SPAM,,0.9997
Nhắn tin 0417686513 để kết bạn,SPAM,,0.9885
Thái độ thối như c*c,CHỬI BỚI,,0.7471
Thằng quản lý phục vụ như rác rưởi,CHỬI BỚI,,0.9582
Mọi thứ phải nói là tiện lợi nha,SẠCH,,0.9896
Điều hòa cảm thấy đáng tiền lắm luôn,SẠCH,,0.9948
Khách sạn cực kỳ chu đáo thực sự,SẠCH,,0.9921
Resort thấy đẹp.,SẠCH,,0.9953
Phục vụ phục vụ như quần què,CHỬI BỚI,,0.7078
Trải nghiệm khá xịn sò.,SẠCH,,0.5212
Nhà vệ sinh quá là lung linh thực sự,SẠCH,,0.9948
Phòng ốc siêu rộng rãi :)),SẠCH,,0.9933
Vị trí tương đối đẳng cấp ạ,SẠCH,,0.9882
Bữa sáng tương đối yên tĩnh <3,SẠCH,,0.9945
Con chó của chủ quán lanh lợi lắm,SẠCH,,0.8898
"Lễ tân lừa đảo, đòi lại tiền ngay",KÍCH ĐỘNG,,0.9337
Trải nghiệm siêu rộng rãi lắm luôn,SẠCH,,0.9907
Cô lao công tương đối tiện lợi nhé,SẠCH,,0.981
óc chó CSKH ngu không tả được,CHỬI BỚI,,0.9917
đm Cách làm ăn ngu không tả được,CHỬI BỚI,,0.7728
"Điều hòa lừa đảo, kiện ngay",KÍCH ĐỘNG,,0.9637
bố láo Thằng quản lý dẹp tiệm đi,CHỬI BỚI,,0.9856
Dịch vụ bẩn như c*c,CHỬI BỚI,,0.8532
Cả nhà tẩy chay gấp lũ khốn này,KÍCH ĐỘNG,,0.9778
Cách làm ăn thối như chó,CHỬI BỚI,,0.8459
Alo 0698860072 để kết bạn,SPAM,,0.9929
Thái độ thối như lợn,CHỬI BỚI,,0.8353
Chủ quán hơi bị tiện lợi lắm luôn,SẠCH,,0.8985
Alo 0777270254 để vay vốn,SPAM,,0.998
Con mụ chủ ngu như đầu bùi,CHỬI BỚI,,0.9875
Dịch vụ bẩn như bẹn,CHỬI BỚI,,0.9427
Cách bài trí tương đối ok nha,SẠCH,,0.9948
"Cái chỗ này tráo trở, cạch mặt ngay",KÍCH ĐỘNG,,0.5977
Khách sạn tệ như quần què,CHỬI BỚI,,0.9432
Truy cập http://bet24.com nhận 100k,SPAM,,0.9317
Anh chủ cảm thấy tốt ạ,SẠCH,,0.995
Ship hàng chảnh chó,CHỬI BỚI,,0.9298
"Nhà vệ sinh tráo trở, đòi lại tiền ngay",KÍCH ĐỘNG,,0.5058
Con chó nhà này ngoan lắm,SẠCH,,0.9882
Trải nghiệm trông dễ thương lắm luôn,SẠCH,,0.9941
khốn nạn Phục vụ làm ăn chán đời,CHỬI BỚI,,0.8478
"Cách làm ăn tráo trở, đòi lại tiền ngay",KÍCH ĐỘNG,,0.9016
Homestay phải nói là xuất sắc lắm luôn,SẠCH,,0.9891
Điều hòa trông xuất sắc.,SẠCH,,0.9955
Truy cập http://soicau93.com nhận khuyến mãi,SPAM,,0.9914
Ib ngay 0846910654 để nhận quà,SPAM,,0.992
"Chủ shop gian manh, treo đầu dê bán thịt chó ngay",KÍCH ĐỘNG,,0.4994
Điều hòa làm ăn như lợn,CHỬI BỚI,,0.5278
Ban công quá là đẹp ^^,SẠCH,,0.9956
Truy cập http://bet70.com nhận khuyến mãi,SPAM,,0.9991
Nước nóng cực kỳ tốt :)),SẠCH,,0.9939
Điều hòa thấy ổn áp ^^,SẠCH,,0.9945
Quán này tệ như cứt,CHỬI BỚI,,0.5035
"Dịch vụ tráo trở, đừng mua ngay",KÍCH ĐỘNG,,0.7981
Phục vụ như cc,CHỬI BỚI,,0.9592
Cô lao công cực kỳ lung linh ạ,SẠCH,,0.9887
Ib ngay 0967492419 để vay vốn,SPAM,,0.9981
View đặc biệt xuất sắc hihi,SẠCH,,0.996
Điều hòa nhìn thơm tho <3,SẠCH,,0.9958
Ib ngay 0678143312 để kết bạn,SPAM,,0.9932
Alo 0619364512 để nhận quà,SPAM,,0.9957
"Quán này tráo trở, báo công an ngay",KÍCH ĐỘNG,,0.4213
"Ship hàng tráo trở, làm ăn bố láo ngay",KÍCH ĐỘNG,,0.7175
Nước nóng cảm thấy nhiệt tình <3,SẠCH,,0.9951
vcl Thái độ làm ăn chán đời,CHỬI BỚI,,0.979
Alo 0629726131 để nhận quà,SPAM,,0.9952
Ad ơi giá bao nhiêu?,SẠCH,,0.9818
View rất ấm cúng nhé,SẠCH,,0.9946
Thằng quản lý chán như bẹn,CHỬI BỚI,,0.9764
đéo Thái độ làm ăn chán đời,CHỬI BỚI,,0.9546
Bể bơi thực sự chill nha,SẠCH,,0.9952
"Tuyển dụng làm online, ib zalo 0542364412",SPAM,,0.9996
Vị trí nhìn thân thiện ^^,SẠCH,,0.9872
Con mèo của chủ quán lanh lợi ghê,SẠCH,,0.6515
Mọi thứ trông rộng rãi :)),SẠCH,,0.9927
Con cún của chủ quán ngoan quá,SẠCH,,0.4782
Ban công siêu yên tĩnh!,SẠCH,,0.9926
Giường đặc biệt chuyên nghiệp!,SẠCH,,0.9914
Bể bơi vô cùng xịn sò hihi,SẠCH,,0.9389
Con mèo của chủ quán dễ thương quá,SẠCH,,0.9506
"Con mụ chủ tráo trở, tránh xa ngay",KÍCH ĐỘNG,,0.9805
Phòng ốc tương đối ok <3,SẠCH,,0.9944
Chủ quán tương đối nhiệt tình!,SẠCH,,0.9796
Không gian quá là rộng rãi.,SẠCH,,0.9389
Nhà vệ sinh bẩn như hạch,CHỬI BỚI,,0.8519
Truy cập http://vay60.com nhận 100k,SPAM,,0.9812
Quán này phục vụ như bò,CHỬI BỚI,,0.7873
Nước nóng siêu yên tĩnh.,SẠCH,,0.9865
"Thái độ tráo trở, làm ăn bố láo ngay",KÍCH ĐỘNG,,0.6174
"Cách làm ăn tráo trở, gian dối ngay",KÍCH ĐỘNG,,0.7363
Tiện nghi phải nói là chu đáo ^^,SẠCH,,0.9179
"Món ăn lừa đảo, tẩy chay ngay",KÍCH ĐỘNG,,0.8802
Wifi bẩn thỉu,CHỬI BỚI,,0.8896
Con mụ chủ chán như lợn,CHỬI BỚI,,0.98
chó chết Lễ tân ngu không tả được,CHỬI BỚI,,0.7487
"Ship hàng gian manh, báo công an ngay",KÍCH ĐỘNG,,0.9628
Wifi vô cùng đẹp :)),SẠCH,,0.9958
Cô lao công nhìn chu đáo thực sự,SẠCH,,0.9597
tổ cha Dịch vụ biến đi,CHỬI BỚI,,0.5302
Lễ tân làm ăn như l*n,CHỬI BỚI,,0.8648
Đồ ăn khá chill <3,SẠCH,,0.996
"Điều hòa lừa đảo, treo đầu dê bán thịt chó ngay",KÍCH ĐỘNG,,0.9303
"Bọn nhân viên lừa đảo, đừng mua ngay",KÍCH ĐỘNG,,0.9227
Giường tương đối xuất sắc.,SẠCH,,0.9776
Dịch vụ chán như quần què,CHỬI BỚI,,0.9594
tổ cha Khách sạn làm ăn chán đời,CHỬI BỚI,,0.6847
Vị trí siêu chill hihi,SẠCH,,0.9957
Khách sạn đặc biệt chuyên nghiệp thực sự,SẠCH,,0.9937
Hệ thống như cc,CHỬI BỚI,,0.948
Ban công khá đẳng cấp nhé,SẠCH,,0.995
Trải nghiệm thực sự nhanh nhẹn <3,SẠCH,,0.9952
"Thằng quản lý tráo trở, kiện ngay",KÍCH ĐỘNG,,0.9759
View tương đối ấm cúng.,SẠCH,,0.9906
Alo 0668092685 để tư vấn,SPAM,,0.9728
Điều hòa thấy thơm tho :)),SẠCH,,0.9959
Điều hòa như cc,CHỬI BỚI,,0.979
"Con mụ chủ tráo trở, report ngay",KÍCH ĐỘNG,,0.9199
Cách làm ăn tệ như shit,CHỬI BỚI,,0.8339
đm Bọn nhân viên ngu không tả được,CHỬI BỚI,,0.9877
tổ cha Phục vụ làm ăn chán đời,CHỬI BỚI,,0.5817
Khách sạn tương đối xuất sắc.,SẠCH,,0.9847
Tư vấn 0536382686 để vay vốn,SPAM,,0.9992
Chủ quán cảm thấy yên tĩnh ^^,SẠCH,,0.9877
Ib ngay 0587101537 để vay vốn,SPAM,,0.9991
Liên hệ 0432463768 để tư vấn,SPAM,,0.8293
Nhân viên cực kỳ chu đáo <3,SẠCH,,0.7039
Trải nghiệm thấy lung linh hihi,SẠCH,,0.9944
"Chủ shop lừa đảo, đòi lại tiền ngay",KÍCH ĐỘNG,,0.7997
Bác bảo vệ rất tận tâm!,SẠCH,,0.9569
"Hệ thống tráo trở, làm ăn bố láo ngay",KÍCH ĐỘNG,,0.8624
Dịch vụ trông rộng rãi hihi,SẠCH,,0.9847
Nhà vệ sinh ngu như lợn,CHỬI BỚI,,0.7209
"Thằng quản lý tráo trở, làm ăn bố láo ngay",KÍCH ĐỘNG,,0.9902
mẹ kiếp Nhà vệ sinh biến đi,CHỬI BỚI,,0.7139
Ban công quá là đẹp lắm luôn,SẠCH,,0.996
"Tuyển dụng làm online, ib zalo 0589931764",SPAM,,0.9997
Cái chỗ này bẩn như cứt,CHỬI BỚI,,0.5166
Cô lao công thấy nhanh nhẹn <3,SẠCH,,0.9879
mất dạy Cái chỗ này làm ăn chán đời,CHỬI BỚI,,0.5388
bố láo Món ăn ngu không tả được,CHỬI BỚI,,0.9523
"Nhà vệ sinh lừa đảo, treo đầu dê bán thịt chó ngay",KÍCH ĐỘNG,,0.8006
CSKH hãm lờ,CHỬI BỚI,,0.8281
"Tuyển dụng việc nhẹ, ib zalo 0622104302",SPAM,,0.9997
Bọn nhân viên làm ăn như đống phân,CHỬI BỚI,,0.9333
Bác bảo vệ tương đối thơm tho hihi,SẠCH,,0.9903
Phục vụ phục vụ như chó,CHỬI BỚI,,0.9307
Truy cập http://vay40.com xem hàng,SPAM,,0.9889
Khách sạn thực sự đẹp.,SẠCH,,0.993
Ib ngay 0798910228 để vay vốn,SPAM,,0.999
Ship hàng chán như đầu bùi,CHỬI BỚI,,0.8618
Món ăn thối như rác rưởi,CHỬI BỚI,,0.8985
"Bọn nhân viên lừa đảo, dối trá ngay",KÍCH ĐỘNG,,0.8361
"Tuyển dụng việc nhẹ, ib zalo 0533598075",SPAM,,0.9997
Cô lao công tương đối rộng rãi :)),SẠCH,,0.9898
Khách sạn thối như cứt,CHỬI BỚI,,0.8098
Con chó nhà này hiền khô lắm,SẠCH,,0.9791
Các bạn tránh xa chỗ này,KÍCH ĐỘNG,,0.9814
Giường phải nói là nhiệt tình thực sự,SẠCH,,0.9936
Hệ thống thối như bò,CHỬI BỚI,,0.9224
Bể bơi nhìn ổn áp nha,SẠCH,,0.9939
"Thái độ lừa đảo, gian dối ngay",KÍCH ĐỘNG,,0.9455
Chị lễ tân rất hài lòng lắm luôn,SẠCH,,0.9921
Wifi phải nói là thơm tho hihi,SẠCH,,0.9949
Cách bài trí cực kỳ tận tâm.,SẠCH,,0.9809
Anh chủ thực sự tận tâm hihi,SẠCH,,0.9916
Truy cập http://bet23.com nhận khuyến mãi,SPAM,,0.9986
CSKH như l*n,CHỬI BỚI,,0.9096
Không gian trông xịn sò lắm luôn,SẠCH,,0.4902
Hỗ trợ 0856563530 để tư vấn,SPAM,,0.8478
Anh chủ vô cùng sang chảnh <3,SẠCH,,0.9818
Truy cập http://bet62.com nhận khuyến mãi,SPAM,,0.9981
Vị trí phải nói là xịn sò lắm luôn,SẠCH,,0.5475
View siêu nhanh nhẹn thực sự,SẠCH,,0.9913
Khách sạn tệ như l*n,CHỬI BỚI,,0.907
Anh chủ vô cùng thơm tho hihi,SẠCH,,0.995
"Bọn nhân viên tráo trở, bóc phốt ngay",KÍCH ĐỘNG,,0.7751
Trải nghiệm cảm thấy chuyên nghiệp nhé,SẠCH,,0.9922
Alo 0530776253 để nhận quà,SPAM,,0.9954
Điều hòa siêu tuyệt vời lắm luôn,SẠCH,,0.9952
"Tuyển dụng việc nhẹ, ib zalo 0570365613",SPAM,,0.9997
Wifi thấy thân thiện ^^,SẠCH,,0.9891
Nhân viên vô cùng lung linh :)),SẠCH,,0.9955
Điều hòa bẩn như bẹn,CHỬI BỚI,,0.8989
Vị trí thực sự lung linh :)),SẠCH,,0.9957
Hệ thống tệ như cứt,CHỬI BỚI,,0.7755
Anh chủ vô cùng tiện lợi <3,SẠCH,,0.9939
Khách sạn làm ăn như rác rưởi,CHỬI BỚI,,0.8835
"Quán này tráo trở, tránh xa ngay",KÍCH ĐỘNG,,0.3628
Mọi người kiện cái cái bọn lừa đảo này nhé,KÍCH ĐỘNG,,0.9855
Nhà vệ sinh siêu yên tĩnh ^^,SẠCH,,0.9539
Wifi thối như l*n,CHỬI BỚI,,0.8829
Homestay hơi bị chill nha,SẠCH,,0.9946
bố láo Ship hàng dẹp tiệm đi,CHỬI BỚI,,0.7717
Wifi thực sự tốt.,SẠCH,,0.9956
Món ăn bẩn như bò,CHỬI BỚI,,0.822
Homestay đặc biệt thoáng mát nhé,SẠCH,,0.9938
Bác bảo vệ siêu chill <3,SẠCH,,0.989
Ib ngay 0848049937 để nhận quà,SPAM,,0.9761
Resort cực kỳ ngon ^^,SẠCH,,0.9943
"Tuyển dụng việc nhẹ, ib zalo 0599564693",SPAM,,0.9997
"Thằng quản lý gian manh, báo công an ngay",KÍCH ĐỘNG,,0.9907
Dịch vụ trông ok :)),SẠCH,,0.9943
Không gian quá là xịn sò nha,SẠCH,,0.8221
Nước nóng cực kỳ chill hihi,SẠCH,,0.9957
Khách sạn đặc biệt đáng tiền nhé,SẠCH,,0.9922
Thái độ bẩn như cứt,CHỬI BỚI,,0.4951
Hệ thống dơ dáy,CHỬI BỚI,,0.7349
Homestay nhìn tận tâm ạ,SẠCH,,0.9899
Nhà vệ sinh phục vụ như cc,CHỬI BỚI,,0.9716
"Lễ tân tráo trở, làm ăn bố láo ngay",KÍCH ĐỘNG,,0.7648
Dịch vụ hơi bị chill nhé,SẠCH,,0.9891
Mọi người tránh xa cái bọn này nhé,KÍCH ĐỘNG,,0.975
Giường nhìn đẳng cấp :)),SẠCH,,0.9875
Điều hòa tệ như c*c,CHỬI BỚI,,0.9409
Phòng ốc rất tốt thực sự,SẠCH,,0.9902
Nhà vệ sinh tương đối tiện lợi ^^,SẠCH,,0.9598
Chủ shop nhìn như l*n,CHỬI BỚI,,0.8604
"Tuyển dụng việc nhẹ, ib zalo 0446379580",SPAM,,0.9997
Homestay thực sự đáng tiền hihi,SẠCH,,0.9926
Nước nóng rất thân thiện hihi,SẠCH,,0.9902
Mọi người đừng mua cái cái bọn lừa đảo này nhé,KÍCH ĐỘNG,,0.9827
Nhà vệ sinh dở như bẹn,CHỬI BỚI,,0.9618
Thái độ phục vụ vô cùng xịn sò!,SẠCH,,0.8459
Điều hòa làm ăn như shit,CHỬI BỚI,,0.9218
Món ăn làm ăn như c*c,CHỬI BỚI,,0.9732
Thái độ phục vụ cảm thấy nhanh nhẹn ạ,SẠCH,,0.9545
"CSKH tráo trở, đòi lại tiền ngay",KÍCH ĐỘNG,,0.7734
Chủ quán hơi bị dễ thương nhé,SẠCH,,0.9878
Con mụ chủ tệ như l*n,CHỬI BỚI,,0.9875
Khách sạn nhìn xịn sò :)),SẠCH,,0.8724
"Tuyển dụng làm online, ib zalo 0819265738",SPAM,,0.9997
"Món ăn gian manh, đừng mua ngay",KÍCH ĐỘNG,,0.8542
Bác bảo vệ rất chu đáo lắm luôn,SẠCH,,0.9476
Quán này làm ăn như lợn,CHỬI BỚI,,0.8453
Khách sạn như bẹn,CHỬI BỚI,,0.9628
Chủ shop tệ như quần què,CHỬI BỚI,,0.8254
óc chó Khách sạn làm ăn chán đời,CHỬI BỚI,,0.9823
Hotline 0873512776 để vay vốn,SPAM,,0.9963
Bữa sáng đặc biệt tiện lợi :)),SẠCH,,0.995
Hotline 0761937448 để nhận quà,SPAM,,0.9801
mẹ kiếp Thằng quản lý ngu không tả được,CHỬI BỚI,,0.9909
Cả nhà đừng bao giờ đến chỗ này,KÍCH ĐỘNG,,0.9741
ngu vãi Phục vụ làm ăn chán đời,CHỬI BỚI,,0.9217
Chủ shop ngu như chó,CHỬI BỚI,,0.675
Ban công quá là nhanh nhẹn ạ,SẠCH,,0.9953
Khách sạn chán như quần què,CHỬI BỚI,,0.9477
Homestay vô cùng nhiệt tình nha,SẠCH,,0.9953
tiên sư Con mụ chủ biến đi,CHỬI BỚI,,0.894
"Quán này gian manh, gian dối ngay",KÍCH ĐỘNG,,0.7584
Dịch vụ nhìn yên tĩnh nhé,SẠCH,,0.9872
Mọi người làm ăn bố láo cái lũ khốn này nhé,KÍCH ĐỘNG,,0.9911
"Thái độ tráo trở, treo đầu dê bán thịt chó ngay",KÍCH ĐỘNG,,0.763
Quán này ngu như bò,CHỬI BỚI,,0.974
Trải nghiệm vô cùng chu đáo thực sự,SẠCH,,0.995
Con cún nhà này ngoan quá,SẠCH,,0.8372
ngu vãi Nhà vệ sinh biến đi,CHỬI BỚI,,0.9523
CSKH láo toét,CHỬI BỚI,,0.7001
Mọi thứ rất ấm cúng <3,SẠCH,,0.9957
Truy cập http://bet25.com nhận 100k,SPAM,,0.9926
Điều hòa quá là lung linh <3,SẠCH,,0.9955
Nhà vệ sinh chán như l*n,CHỬI BỚI,,0.9436
Dịch vụ đặc biệt ấm cúng hihi,SẠCH,,0.9951
Call 0599469305 để tư vấn,SPAM,,0.9751
"Tuyển dụng việc nhẹ, ib zalo 0775803150",SPAM,,0.9997
Nhân viên thực sự rộng rãi thực sự,SẠCH,,0.9448
Homestay tương đối sang chảnh nhé,SẠCH,,0.9915
Hotline 0467787136 để vay vốn,SPAM,,0.996
Dịch vụ rất nhiệt tình ạ,SẠCH,,0.9644
Khách sạn khá ổn áp ạ,SẠCH,,0.9937
Không gian khá ngon :)),SẠCH,,0.9946
Đồ ăn hơi bị dễ thương ^^,SẠCH,,0.9525
Quán này chán như rác rưởi,CHỬI BỚI,,0.844
Điều hòa phục vụ như đầu bùi,CHỬI BỚI,,0.8716
Tiện nghi hơi bị chuyên nghiệp hihi,SẠCH,,0.9698
Ship hàng ngu như rác rưởi,CHỬI BỚI,,0.8879
Cái chỗ này ngu như lợn,CHỬI BỚI,,0.8033
Thái độ phục vụ phải nói là dễ thương nha,SẠCH,,0.9953
"Wifi gian manh, lừa đảo ngay",KÍCH ĐỘNG,,0.8809
Tiện nghi tương đối xịn sò!,SẠCH,,0.746
Đồ ăn trông nhanh nhẹn thực sự,SẠCH,,0.9852
Quán này ngu như l*n,CHỬI BỚI,,0.8173
View tương đối đáng tiền ^^,SẠCH,,0.9892
mất dạy Bọn nhân viên dẹp tiệm đi,CHỬI BỚI,,0.8742
Ban công thực sự thơm tho :)),SẠCH,,0.9955
"Nhà vệ sinh tráo trở, dối trá ngay",KÍCH ĐỘNG,,0.8712
Giường cực kỳ thoáng mát!,SẠCH,,0.9888
Khách sạn đặc biệt hài lòng ạ,SẠCH,,0.9943
tiên sư Wifi làm ăn chán đời,CHỬI BỚI,,0.427
Không gian cảm thấy lung linh!,SẠCH,,0.9924
Cách bài trí quá là ổn áp hihi,SẠCH,,0.9956
mất dạy Món ăn làm ăn chán đời,CHỬI BỚI,,0.8949
Wifi như shit,CHỬI BỚI,,0.8952
Hotline 0464721352 để vay vốn,SPAM,,0.9835
Call 0334238122 để tư vấn,SPAM,,0.9693
CSKH ngu như l*n,CHỬI BỚI,,0.9902
Khách sạn vô cùng lung linh ^^,SẠCH,,0.9939
Con mụ chủ bẩn như lợn,CHỬI BỚI,,0.9823
View cực kỳ xịn sò <3,SẠCH,,0.9838
Thái độ phục vụ hơi bị chu đáo lắm luôn,SẠCH,,0.9543
Quán này làm ăn như đống phân,CHỬI BỚI,,0.8696
"Phục vụ lừa đảo, tẩy chay ngay",KÍCH ĐỘNG,,0.8172
Con mụ chủ phục vụ như shit,CHỬI BỚI,,0.9839
"Tuyển dụng làm online, ib zalo 0627020032",SPAM,,0.9997
Bữa sáng thực sự hài lòng ạ,SẠCH,,0.995
Bể bơi khá chu đáo thực sự,SẠCH,,0.9882
Thái độ phục vụ nhìn sang chảnh nha,SẠCH,,0.9855
Hotline 0491427925 để tư vấn,SPAM,,0.9123
Homestay hơi bị ok!,SẠCH,,0.9907
Hỗ trợ 0442593312 để nhận quà,SPAM,,0.7787
óc chó Món ăn làm ăn chán đời,CHỬI BỚI,,0.9866
Điều hòa tệ như hạch,CHỬI BỚI,,0.6821
Chị lễ tân vô cùng sang chảnh nha,SẠCH,,0.9861
tiên sư Quán này dẹp tiệm đi,CHỬI BỚI,,0.617
"Khách sạn tráo trở, report ngay",KÍCH ĐỘNG,,0.818
Giường cảm thấy sạch sẽ ^^,SẠCH,,0.991
Vị trí tương đối sang chảnh thực sự,SẠCH,,0.9917
"Ship hàng gian manh, cạch mặt ngay",KÍCH ĐỘNG,,0.7412
Chị lễ tân thực sự chill!,SẠCH,,0.9928
Nước nóng trông yên tĩnh!,SẠCH,,0.9712
Cô lao công hơi bị chuyên nghiệp lắm luôn,SẠCH,,0.8613
Cách làm ăn phục vụ như cứt,CHỬI BỚI,,0.8062
Món ăn ngu như hạch,CHỬI BỚI,,0.887
"Dịch vụ lừa đảo, tẩy chay ngay",KÍCH ĐỘNG,,0.8811
Con mèo của chủ quán quấn người quá,SẠCH,,0.6788
"Lễ tân gian manh, tẩy chay ngay",KÍCH ĐỘNG,,0.6676
Resort rất thân thiện.,SẠCH,,0.9944
tổ cha Món ăn làm ăn chán đời,CHỬI BỚI,,0.847
Cách làm ăn tệ như đầu bùi,CHỬI BỚI,,0.7486
Lễ tân phục vụ như đầu bùi,CHỬI BỚI,,0.5428
Thái độ như đầu bùi,CHỬI BỚI,,0.8612
Khách sạn nhìn đẳng cấp hihi,SẠCH,,0.9425
Con mèo của chủ quán đáng yêu quá,SẠCH,,0.9378
Nhà vệ sinh siêu chill!,SẠCH,,0.9936
Ib ngay 0522614441 để vay vốn,SPAM,,0.9987
Điều hòa siêu xuất sắc thực sự,SẠCH,,0.9941
Cách bài trí cực kỳ ổn áp!,SẠCH,,0.9927
Nước nóng đặc biệt dễ thương.,SẠCH,,0.9908
Nhà vệ sinh cực kỳ nhanh nhẹn ạ,SẠCH,,0.9872
Nhắn tin 0432834056 để vay vốn,SPAM,,0.9432
Anh chủ rất nhanh nhẹn nhé,SẠCH,,0.9557
"Tuyển dụng việc nhẹ, ib zalo 0685350342",SPAM,,0.9997
Dịch vụ cực kỳ đẳng cấp!,SẠCH,,0.9881
Truy cập http://bet31.com nhận khuyến mãi,SPAM,,0.9967
"Tuyển dụng việc nhẹ, ib zalo 0325903915",SPAM,,0.9997
Giường tương đối tốt :)),SẠCH,,0.9949
Wifi phục vụ như cc,CHỬI BỚI,,0.977
Cách bài trí khá đẹp!,SẠCH,,0.9952
Điều hòa nhìn như đầu bùi,CHỬI BỚI,,0.8841
Dịch vụ vãi đái,CHỬI BỚI,,0.9583
Anh chủ siêu rộng rãi nha,SẠCH,,0.9899
Bể bơi nhìn dễ thương ạ,SẠCH,,0.9944
Homestay cảm thấy hài lòng nha,SẠCH,,0.9937
đéo Phục vụ ngu không tả được,CHỬI BỚI,,0.703
"Dịch vụ tráo trở, cẩn thận bị lừa ngay",KÍCH ĐỘNG,,0.5407
Truy cập http://sex27.com xem hàng,SPAM,,0.9447
"Con mụ chủ lừa đảo, lừa đảo ngay",KÍCH ĐỘNG,,0.985
Không gian cực kỳ thân thiện lắm luôn,SẠCH,,0.995
Bể bơi nhìn dễ thương ^^,SẠCH,,0.9898
"Phục vụ gian manh, gian dối ngay",KÍCH ĐỘNG,,0.9087
đéo Nhà vệ sinh biến đi,CHỬI BỚI,,0.9833
Dịch vụ dở như lợn,CHỬI BỚI,,0.9274
Không gian thực sự hài lòng.,SẠCH,,0.9919
View vô cùng thân thiện ạ,SẠCH,,0.9957
Không gian siêu tiện lợi :)),SẠCH,,0.9934
Liên hệ 0366774562 để vay vốn,SPAM,,0.9984
Thái độ phục vụ khá thân thiện hihi,SẠCH,,0.9888
Cách làm ăn hãm lờ,CHỬI BỚI,,0.6277
Bể bơi tương đối xuất sắc ^^,SẠCH,,0.9855
Cho mình hỏi có chỗ đậu xe không?,SẠCH,,0.9799
Chủ quán rất thoáng mát.,SẠCH,,0.9733
mất dạy Món ăn ngu không tả được,CHỬI BỚI,,0.8457
Trải nghiệm nhìn chu đáo ạ,SẠCH,,0.9938
Món ăn chán như cc,CHỬI BỚI,,0.9735
Chủ shop ngu như l*n,CHỬI BỚI,,0.9705
Quán này phục vụ như cứt,CHỬI BỚI,,0.7679
Các bạn tránh xa shop này,KÍCH ĐỘNG,,0.9873
Mọi thứ cực kỳ sang chảnh hihi,SẠCH,,0.9955
khốn nạn Bọn nhân viên ngu không tả được,CHỬI BỚI,,0.9871
Giường thực sự ấm cúng thực sự,SẠCH,,0.9934
Alo 0988816565 để nhận quà,SPAM,,0.9957
Con chó của chủ quán dễ thương lắm,SẠCH,,0.4286
Nhân viên trông tiện lợi nhé,SẠCH,,0.9869
"Khách sạn tráo trở, tẩy chay ngay",KÍCH ĐỘNG,,0.577
"Tuyển dụng làm online, ib zalo 0361426353",SPAM,,0.9997
Khách sạn siêu nhiệt tình thực sự,SẠCH,,0.9936
Phục vụ dở như rác rưởi,CHỬI BỚI,,0.8592
"Tuyển dụng việc nhẹ, ib zalo 0918545179",SPAM,,0.9997
"Phục vụ tráo trở, làm ăn bố láo ngay",KÍCH ĐỘNG,,0.6239
"CSKH tráo trở, treo đầu dê bán thịt chó ngay",KÍCH ĐỘNG,,0.8679
Vị trí tương đối dễ thương ^^,SẠCH,,0.9898
óc chó Lễ tân ngu không tả được,CHỬI BỚI,,0.992
Zalo 0942085080 để kết bạn,SPAM,,0.996
"Wifi tráo trở, cạch mặt ngay",KÍCH ĐỘNG,,0.7086
CSKH chán như l*n,CHỬI BỚI,,0.8655
mẹ kiếp Thái độ biến đi,CHỬI BỚI,,0.6742
Quán này như quần què,CHỬI BỚI,,0.9112
mất dạy Wifi biến đi,CHỬI BỚI,,0.3663
Wifi tệ như lợn,CHỬI BỚI,,0.8564
Mọi người báo công an cái cái bọn lừa đảo này nhé,KÍCH ĐỘNG,,0.9904
Chị lễ tân thực sự rộng rãi hihi,SẠCH,,0.9934
Hotline 0998146562 để kết bạn,SPAM,,0.968
Trải nghiệm hơi bị ổn áp ^^,SẠCH,,0.9826
Mọi thứ trông chill nha,SẠCH,,0.9957
Thái độ phục vụ siêu sạch sẽ!,SẠCH,,0.9788
Truy cập http://sex71.com nhận khuyến mãi,SPAM,,0.965
Tiện nghi cảm thấy rộng rãi ạ,SẠCH,,0.9869
"Tuyển dụng việc nhẹ, ib zalo 0542369701",SPAM,,0.9997
Anh chủ nhìn tận tâm ạ,SẠCH,,0.9778
Cả nhà tẩy chay gấp shop này,KÍCH ĐỘNG,,0.7535
Bữa sáng cực kỳ dễ thương hihi,SẠCH,,0.9956
Nhà vệ sinh trông đẹp hihi,SẠCH,,0.9936
Bữa sáng tương đối ấm cúng :)),SẠCH,,0.9928
"Con mụ chủ tráo trở, tẩy chay ngay",KÍCH ĐỘNG,,0.9857
Vị trí khá ấm cúng.,SẠCH,,0.9799
Wifi như cặc,CHỬI BỚI,,0.9713
Bọn nhân viên ngu như bẹn,CHỬI BỚI,,0.989
Không gian khá xịn sò ^^,SẠCH,,0.3639
Chủ shop chán như hạch,CHỬI BỚI,,0.797
Thằng quản lý bẩn như bò,CHỬI BỚI,,0.9922
Mọi thứ tương đối ngon :)),SẠCH,,0.9957
Cái chỗ này thối hoắc,CHỬI BỚI,,0.5932
Nhà vệ sinh làm ăn như hạch,CHỬI BỚI,,0.7562
Mọi thứ thấy xuất sắc :)),SẠCH,,0.996
Bữa sáng đặc biệt đẹp!,SẠCH,,0.9948
Truy cập http://soicau36.com xem hàng,SPAM,,0.9852
Chủ shop nhìn như đống phân,CHỬI BỚI,,0.8975
Truy cập http://sex18.com nhận khuyến mãi,SPAM,,0.9667
Wifi siêu chu đáo ạ,SẠCH,,0.9957
Truy cập http://sex64.com xem hàng,SPAM,,0.979
bố láo CSKH làm ăn chán đời,CHỬI BỚI,,0.9903
Thái độ như cứt,CHỬI BỚI,,0.8021
Đồ ăn trông ổn áp.,SẠCH,,0.9832
Homestay hơi bị sang chảnh nhé,SẠCH,,0.9843
Chủ quán khá sạch sẽ hihi,SẠCH,,0.9892
Ban công thực sự rộng rãi thực sự,SẠCH,,0.9944
Thằng quản lý phục vụ như hạch,CHỬI BỚI,,0.9892
"Món ăn gian manh, tẩy chay ngay",KÍCH ĐỘNG,,0.7596
Nhà vệ sinh thực sự tiện lợi ạ,SẠCH,,0.9932
Resort phải nói là đẹp ^^,SẠCH,,0.9919
"Chủ shop tráo trở, đừng mua ngay",KÍCH ĐỘNG,,0.8676
Chủ quán quá là đẹp hihi,SẠCH,,0.9921
Đồ ăn trông đẹp nha,SẠCH,,0.9895
Món ăn ngu như cc,CHỬI BỚI,,0.7053
bố láo Khách sạn dẹp tiệm đi,CHỬI BỚI,,0.7094
Hệ thống như quần què,CHỬI BỚI,,0.936
Bể bơi siêu nhiệt tình :)),SẠCH,,0.9937
Khách sạn bẩn như l*n,CHỬI BỚI,,0.5462
tiên sư Cái chỗ này dẹp tiệm đi,CHỬI BỚI,,0.6641
Homestay khá xuất sắc.,SẠCH,,0.9885
Thái độ thối như chó,CHỬI BỚI,,0.91
"Bọn nhân viên gian manh, báo công an ngay",KÍCH ĐỘNG,,0.9875
View trông thân thiện nhé,SẠCH,,0.9951
View vô cùng chu đáo nha,SẠCH,,0.996
Truy cập http://soicau22.com nhận khuyến mãi,SPAM,,0.9892
"CSKH lừa đảo, treo đầu dê bán thịt chó ngay",KÍCH ĐỘNG,,0.8153
Con chó nhà này dễ thương ghê,SẠCH,,0.5528
Homestay thực sự chu đáo!,SẠCH,,0.9932
Nhà vệ sinh tương đối thoáng mát :)),SẠCH,,0.9924
vcl Cái chỗ này ngu không tả được,CHỬI BỚI,,0.9354
"Tuyển dụng việc nhẹ, ib zalo 0368107542",SPAM,,0.9997
Truy cập http://vay63.com xem hàng,SPAM,,0.9916
Nhà vệ sinh phải nói là thơm tho nhé,SẠCH,,0.9825
Nhắn tin 0846392330 để tư vấn,SPAM,,0.9795
Tiện nghi thấy sạch sẽ thực sự,SẠCH,,0.9882
Quán này tệ như chó,CHỬI BỚI,,0.8014
Truy cập http://bet66.com nhận khuyến mãi,SPAM,,0.9986
Resort vô cùng tiện lợi nhé,SẠCH,,0.9954
Khách sạn trông tiện lợi nhé,SẠCH,,0.9739
Giường hơi bị hài lòng.,SẠCH,,0.9685
Điều hòa thực sự ngon ạ,SẠCH,,0.996
Quán này chán như quần què,CHỬI BỚI,,0.9237
Cô lao công đặc biệt xịn sò <3,SẠCH,,0.7466
Giường quá là đáng tiền ạ,SẠCH,,0.9935
"Tuyển dụng việc nhẹ, ib zalo 0327789594",SPAM,,0.9997
Nước nóng thấy xuất sắc <3,SẠCH,,0.9955
Bọn nhân viên tệ như cc,CHỬI BỚI,,0.9838
Truy cập http://soicau25.com nhận khuyến mãi,SPAM,,0.9901
"Tuyển dụng làm online, ib zalo 0865453934",SPAM,,0.9997
Chủ quán thực sự đáng tiền.,SẠCH,,0.9834
View cảm thấy đẳng cấp thực sự,SẠCH,,0.9902
Cô lao công tương đối sang chảnh!,SẠCH,,0.8478
Không gian siêu nhanh nhẹn.,SẠCH,,0.9797
Giường quá là tuyệt vời hihi,SẠCH,,0.9957
Resort quá là chu đáo nha,SẠCH,,0.9954
mất dạy Điều hòa làm ăn chán đời,CHỬI BỚI,,0.8619
"Tuyển dụng việc nhẹ, ib zalo 0848314390",SPAM,,0.9997
"CSKH gian manh, report ngay",KÍCH ĐỘNG,,0.6691
Dịch vụ phục vụ như cc,CHỬI BỚI,,0.9764
Dịch vụ hơi bị dễ thương <3,SẠCH,,0.9949
mất dạy Chủ shop biến đi,CHỬI BỚI,,0.6042
"Tuyển dụng việc nhẹ, ib zalo 0795568336",SPAM,,0.9997
Chị lễ tân rất ngon :)),SẠCH,,0.9948
Wifi rất ok thực sự,SẠCH,,0.9951
Truy cập http://sex13.com nhận 100k,SPAM,,0.9682
CSKH tệ như quần què,CHỬI BỚI,,0.81
Truy cập http://vay62.com nhận 100k,SPAM,,0.986
Nhân viên quá là yên tĩnh lắm luôn,SẠCH,,0.9926
Nhà vệ sinh làm ăn như l*n,CHỬI BỚI,,0.5739
CSKH nhìn như lợn,CHỬI BỚI,,0.6913
Chị lễ tân quá là sạch sẽ thực sự,SẠCH,,0.9946
Dịch vụ bẩn như hạch,CHỬI BỚI,,0.7437
"Chủ shop tráo trở, tránh xa ngay",KÍCH ĐỘNG,,0.9095
Cô lao công trông nhiệt tình thực sự,SẠCH,,0.978
"Tuyển dụng làm online, ib zalo 0792338608",SPAM,,0.9997
khốn nạn Điều hòa dẹp tiệm đi,CHỬI BỚI,,0.8558
"Tuyển dụng việc nhẹ, ib zalo 0359796847",SPAM,,0.9997
Khách sạn trông sạch sẽ thực sự,SẠCH,,0.9827
Quán này ngu như quần què,CHỬI BỚI,,0.8793
Phục vụ nhìn như đầu bùi,CHỬI BỚI,,0.4779
Dịch vụ ngu như chó,CHỬI BỚI,,0.8732
Chị lễ tân trông chill lắm luôn,SẠCH,,0.9913
Chủ quán thấy ổn áp thực sự,SẠCH,,0.9941
"Tuyển dụng việc nhẹ, ib zalo 0681566815",SPAM,,0.9997
Thái độ phục vụ phải nói là tốt :)),SẠCH,,0.9949
khốn nạn Thái độ dẹp tiệm đi,CHỬI BỚI,,0.9081
Cách bài trí thực sự rộng rãi <3,SẠCH,,0.9957
Truy cập http://vay44.com nhận khuyến mãi,SPAM,,0.9922
Điều hòa thối như c*c,CHỬI BỚI,,0.9731
Ban công trông ấm cúng :)),SẠCH,,0.9937
Giường tương đối sang chảnh :)),SẠCH,,0.9927
Không gian vô cùng chill thực sự,SẠCH,,0.9956
Zalo 0423377104 để tư vấn,SPAM,,0.8953
Truy cập http://soicau61.com nhận 100k,SPAM,,0.9844
Tư vấn 0696057854 để tư vấn,SPAM,,0.8655
tiên sư Điều hòa làm ăn chán đời,CHỬI BỚI,,0.8126
Lễ tân như shit,CHỬI BỚI,,0.838
Mọi thứ trông lung linh nha,SẠCH,,0.996
"Tuyển dụng việc nhẹ, ib zalo 0456774882",SPAM,,0.9997
Bác bảo vệ thực sự ấm cúng nhé,SẠCH,,0.9799
Wifi rất đẳng cấp ^^,SẠCH,,0.9923
Vị trí đặc biệt tuyệt vời <3,SẠCH,,0.9954
Không gian thực sự đáng tiền <3,SẠCH,,0.9943
Truy cập http://sex78.com nhận 100k,SPAM,,0.9683
Anh chủ vô cùng thoáng mát ạ,SẠCH,,0.9931
Mọi người dối trá cái chỗ này nhé,KÍCH ĐỘNG,,0.8094
Không gian phải nói là xuất sắc nha,SẠCH,,0.9846
Đồ ăn rất chuyên nghiệp lắm luôn,SẠCH,,0.9954
"Tuyển dụng việc nhẹ, ib zalo 0989458134",SPAM,,0.9997
Chị lễ tân siêu rộng rãi ạ,SẠCH,,0.9931
Truy cập http://vay55.com xem hàng,SPAM,,0.9892
Bể bơi quá là ổn áp nha,SẠCH,,0.9945
Truy cập http://bet78.com xem hàng,SPAM,,0.995
Điều hòa thối hoắc,CHỬI BỚI,,0.92
"Tuyển dụng việc nhẹ, ib zalo 0490559117",SPAM,,0.9997
"Tuyển dụng làm online, ib zalo 0495039032",SPAM,,0.9997
Anh chủ cảm thấy ấm cúng lắm luôn,SẠCH,,0.9914
Ib ngay 0469059917 để nhận quà,SPAM,,0.9688
Nhân viên khá sang chảnh nhé,SẠCH,,0.9932
Con mụ chủ tệ như shit,CHỬI BỚI,,0.9891
"Tuyển dụng việc nhẹ, ib zalo 0553760437",SPAM,,0.9997
"Chủ shop lừa đảo, gian dối ngay",KÍCH ĐỘNG,,0.9079
Cách bài trí nhìn rộng rãi!,SẠCH,,0.9484
Truy cập http://bet57.com nhận 100k,SPAM,,0.9736
Bể bơi thực sự thơm tho nhé,SẠCH,,0.9939
Chủ shop bẩn như shit,CHỬI BỚI,,0.6496
Phục vụ tệ như bẹn,CHỬI BỚI,,0.9584
Các bạn tránh xa cái bọn lừa đảo này,KÍCH ĐỘNG,,0.9837
Con mụ chủ tệ như đống phân,CHỬI BỚI,,0.9888
Nhà vệ sinh hơi bị thoáng mát!,SẠCH,,0.9138
"Tuyển dụng làm online, ib zalo 0641312151",SPAM,,0.9996
Thái độ như cc,CHỬI BỚI,,0.8166
Phục vụ ngu như hạch,CHỬI BỚI,,0.9016
Ban công phải nói là nhanh nhẹn thực sự,SẠCH,,0.9918
Phục vụ thối như đống phân,CHỬI BỚI,,0.9384
Chị lễ tân tương đối ngon ^^,SẠCH,,0.9935
Truy cập http://vay38.com nhận 100k,SPAM,,0.9857
"Tuyển dụng việc nhẹ, ib zalo 0434334682",SPAM,,0.9997
Chị lễ tân vô cùng tốt lắm luôn,SẠCH,,0.9912
Vị trí khá lung linh lắm luôn,SẠCH,,0.9949
Khách sạn láo toét,CHỬI BỚI,,0.8911
Homestay cảm thấy tận tâm!,SẠCH,,0.9898
Ship hàng bẩn thỉu,CHỬI BỚI,,0.9451
"Tuyển dụng việc nhẹ, ib zalo 0711679987",SPAM,,0.9997
Zalo 0627228314 để vay vốn,SPAM,,0.9995
Hotline 0520519458 để tư vấn,SPAM,,0.969
Homestay siêu tận tâm hihi,SẠCH,,0.9922
Trải nghiệm phải nói là đẹp nhé,SẠCH,,0.9888
"Ship hàng lừa đảo, làm ăn bố láo ngay",KÍCH ĐỘNG,,0.8408
"Dịch vụ gian manh, bóc phốt ngay",KÍCH ĐỘNG,,0.8943
Đồ ăn thực sự ấm cúng :)),SẠCH,,0.994
Truy cập http://sex40.com nhận 100k,SPAM,,0.9603
Điều hòa vô cùng xịn sò.,SẠCH,,0.9495
"Lễ tân gian manh, kiện ngay",KÍCH ĐỘNG,,0.9722
Mọi thứ nhìn hài lòng nhé,SẠCH,,0.996
Chủ quán thực sự chu đáo nhé,SẠCH,,0.9898
Phòng ốc vô cùng thoáng mát ^^,SẠCH,,0.989
đm Phục vụ dẹp tiệm đi,CHỬI BỚI,,0.9633
Dịch vụ tệ như bò,CHỬI BỚI,,0.4979
Cách làm ăn bẩn thỉu,CHỬI BỚI,,0.8356
Homestay nhìn ổn áp thực sự,SẠCH,,0.9926
"Tuyển dụng làm online, ib zalo 0723943413",SPAM,,0.9996
Dịch vụ dở như hạch,CHỬI BỚI,,0.8216
Hotline 0444410178 để vay vốn,SPAM,,0.997
Quán này láo toét,CHỬI BỚI,,0.7865
vcl Chủ shop dẹp tiệm đi,CHỬI BỚI,,0.9766
"Dịch vụ lừa đảo, treo đầu dê bán thịt chó ngay",KÍCH ĐỘNG,,0.9262
Thái độ chán như hạch,CHỬI BỚI,,0.672
đéo CSKH ngu không tả được,CHỬI BỚI,,0.9556
"Phục vụ gian manh, cẩn thận bị lừa ngay",KÍCH ĐỘNG,,0.6698
Ban công cảm thấy chuyên nghiệp ^^,SẠCH,,0.9955
Liên hệ 0868684657 để tư vấn,SPAM,,0.7832
"Con mụ chủ gian manh, đòi lại tiền ngay",KÍCH ĐỘNG,,0.9886
Resort quá là thoáng mát thực sự,SẠCH,,0.9956
Thằng quản lý như shit,CHỬI BỚI,,0.9802
Hỗ trợ 0352382084 để nhận quà,SPAM,,0.6674
Chủ shop như quần què,CHỬI BỚI,,0.5086
View cực kỳ đẳng cấp nha,SẠCH,,0.9943
Bọn nhân viên thối như lợn,CHỬI BỚI,,0.9855
Cách làm ăn dở như hạch,CHỬI BỚI,,0.8366
"Tuyển dụng việc nhẹ, ib zalo 0687562338",SPAM,,0.9997
Bữa sáng cảm thấy nhiệt tình!,SẠCH,,0.9934
CSKH chán như bò,CHỬI BỚI,,0.9462
Ban công khá dễ thương nhé,SẠCH,,0.9959
Nhân viên trông đáng tiền ^^,SẠCH,,0.9984
CSKH nhìn như quần què,CHỬI BỚI,,0.7777
Bữa sáng đặc biệt nhiệt tình :)),SẠCH,,0.9954
Dịch vụ dở như đầu bùi,CHỬI BỚI,,0.8109
Mọi người kiện cái chỗ này nhé,KÍCH ĐỘNG,,0.8238
"Tuyển dụng làm online, ib zalo 0630151321",SPAM,,0.9997
Mọi người báo công an cái lũ khốn này nhé,KÍCH ĐỘNG,,0.986
Khách sạn phục vụ như cứt,CHỬI BỚI,,0.872
Thái độ làm ăn như quần què,CHỬI BỚI,,0.8906
ngu vãi Cách làm ăn dẹp tiệm đi,CHỬI BỚI,,0.9168
Thằng quản lý chán như quần què,CHỬI BỚI,,0.991
Đồ ăn thấy chill :)),SẠCH,,0.9953
Các bạn đừng bao giờ đến bọn này,KÍCH ĐỘNG,,0.7959
Truy cập http://vay49.com nhận 100k,SPAM,,0.9853
"Quán này lừa đảo, tránh xa ngay",KÍCH ĐỘNG,,0.5212
Hotline 0715904289 để vay vốn,SPAM,,0.9971
đéo Ship hàng dẹp tiệm đi,CHỬI BỚI,,0.9819
Dịch vụ cực kỳ sạch sẽ lắm luôn,SẠCH,,0.9668
Dịch vụ khá tốt ạ,SẠCH,,0.9847
Anh chủ khá chill <3,SẠCH,,0.9947
Cách bài trí rất ấm cúng.,SẠCH,,0.9909
"Món ăn lừa đảo, cẩn thận bị lừa ngay",KÍCH ĐỘNG,,0.6908
"Tuyển dụng việc nhẹ, ib zalo 0719181450",SPAM,,0.9997
Nhân viên rất xuất sắc thực sự,SẠCH,,0.9028
"Chủ shop gian manh, làm ăn bố láo ngay",KÍCH ĐỘNG,,0.8813
Nhà vệ sinh siêu đáng tiền nha,SẠCH,,0.9884
"Nhà vệ sinh gian manh, cẩn thận bị lừa ngay",KÍCH ĐỘNG,,0.6245
mất dạy CSKH biến đi,CHỬI BỚI,,0.9475
Mọi thứ cảm thấy chuyên nghiệp lắm luôn,SẠCH,,0.9955
Ban công hơi bị đẹp hihi,SẠCH,,0.9944
óc chó Ship hàng làm ăn chán đời,CHỬI BỚI,,0.9857
vcl Nhà vệ sinh biến đi,CHỬI BỚI,,0.9755
Wifi rất đáng tiền nhé,SẠCH,,0.9951
Truy cập http://bet60.com nhận khuyến mãi,SPAM,,0.9989
Truy cập http://bet58.com nhận 100k,SPAM,,0.9681
Con cún của chủ quán cưng xỉu ghê,SẠCH,,0.6351
Thái độ phục vụ rất chu đáo <3,SẠCH,,0.989
Truy cập http://soicau94.com nhận 100k,SPAM,,0.9862
Chủ quán cực kỳ yên tĩnh :)),SẠCH,,0.9883
Trải nghiệm siêu lung linh ạ,SẠCH,,0.9954
Nước nóng khá thoáng mát :)),SẠCH,,0.9926
Bể bơi vô cùng đẳng cấp thực sự,SẠCH,,0.9905
Mọi người đừng mua cái chỗ này nhé,KÍCH ĐỘNG,,0.8851
Điều hòa hơi bị xuất sắc lắm luôn,SẠCH,,0.9949
Con mụ chủ dở như cứt,CHỬI BỚI,,0.9854
"CSKH gian manh, gian dối ngay",KÍCH ĐỘNG,,0.9792
Ban công đặc biệt tuyệt vời ạ,SẠCH,,0.9956
đm Nhà vệ sinh ngu không tả được,CHỬI BỚI,,0.5219
Khách sạn cực kỳ nhiệt tình nhé,SẠCH,,0.9923
Quán này tệ như hạch,CHỬI BỚI,,0.5256
Chủ quán siêu rộng rãi :)),SẠCH,,0.9828
Con mèo của chủ quán cưng xỉu quá,SẠCH,,0.7808
Cái chỗ này nhìn như hạch,CHỬI BỚI,,0.5017
View rất yên tĩnh thực sự,SẠCH,,0.9952
Tư vấn 0565202158 để nhận quà,SPAM,,0.9635
Nước nóng phải nói là ngon!,SẠCH,,0.8554
Mọi thứ khá dễ thương hihi,SẠCH,,0.9962
Cách làm ăn bẩn như chó,CHỬI BỚI,,0.9059
"Nhà vệ sinh gian manh, bóc phốt ngay",KÍCH ĐỘNG,,0.8849
Mọi thứ thấy chu đáo ạ,SẠCH,,0.9958
Bác bảo vệ cực kỳ yên tĩnh ^^,SẠCH,,0.9302
Cái chỗ này bẩn như l*n,CHỬI BỚI,,0.6935
đm Thằng quản lý dẹp tiệm đi,CHỬI BỚI,,0.975
Wifi phục vụ như cứt,CHỬI BỚI,,0.8945
View nhìn xuất sắc ^^,SẠCH,,0.9924
Khách sạn thấy thân thiện <3,SẠCH,,0.994
"Tuyển dụng việc nhẹ, ib zalo 0779782212",SPAM,,0.9997
Bọn nhân viên thối như chó,CHỬI BỚI,,0.984
Cách làm ăn thối hoắc,CHỬI BỚI,,0.6958
Truy cập http://vay22.com nhận khuyến mãi,SPAM,,0.991
Call 0861874415 để kết bạn,SPAM,,0.9918
Truy cập http://soicau27.com nhận 100k,SPAM,,0.983
Đồ ăn quá là thơm tho nhé,SẠCH,,0.9954
Nhân viên vô cùng thân thiện!,SẠCH,,0.99
Truy cập http://soicau86.com nhận 100k,SPAM,,0.9861
Lễ tân dở như bò,CHỬI BỚI,,0.8698
Hệ thống chán như bẹn,CHỬI BỚI,,0.9074
Trải nghiệm rất tuyệt vời thực sự,SẠCH,,0.9943
óc chó Dịch vụ ngu không tả được,CHỬI BỚI,,0.9887
Ban công rất thoáng mát ^^,SẠCH,,0.9889
"Hệ thống tráo trở, lừa đảo ngay",KÍCH ĐỘNG,,0.8993
View quá là tốt :)),SẠCH,,0.9961
đm Món ăn ngu không tả được,CHỬI BỚI,,0.5735
Lễ tân ngu như cứt,CHỬI BỚI,,0.9472
"Điều hòa tráo trở, dối trá ngay",KÍCH ĐỘNG,,0.6232
"Tuyển dụng làm online, ib zalo 0728507932",SPAM,,0.9996
Truy cập http://bet18.com nhận khuyến mãi,SPAM,,0.9979
mẹ kiếp Quán này biến đi,CHỬI BỚI,,0.6303
Phòng ốc phải nói là ngon :)),SẠCH,,0.9665
"Tuyển dụng việc nhẹ, ib zalo 0880140476",SPAM,,0.9997
Thái độ thối hoắc,CHỬI BỚI,,0.9466
Truy cập http://vay91.com xem hàng,SPAM,,0.992
"Khách sạn lừa đảo, treo đầu dê bán thịt chó ngay",KÍCH ĐỘNG,,0.9258
Phòng ốc nhìn nhanh nhẹn lắm luôn,SẠCH,,0.9829
Ban công hơi bị tiện lợi!,SẠCH,,0.96
Resort quá là lung linh ^^,SẠCH,,0.9941
Bể bơi cực kỳ thơm tho!,SẠCH,,0.9886
Không gian cực kỳ ấm cúng ^^,SẠCH,,0.9892
Tư vấn 0437783986 để tư vấn,SPAM,,0.7502
Phòng ốc siêu đẳng cấp!,SẠCH,,0.9655
Truy cập http://soicau20.com nhận khuyến mãi,SPAM,,0.9893
Ship hàng nhìn như đống phân,CHỬI BỚI,,0.9577
Truy cập http://vay34.com nhận khuyến mãi,SPAM,,0.9912
Bác bảo vệ thực sự ấm cúng!,SẠCH,,0.9652
"Món ăn lừa đảo, làm ăn bố láo ngay",KÍCH ĐỘNG,,0.8492
"Tuyển dụng làm online, ib zalo 0333609557",SPAM,,0.9997
Con cún của chủ quán hiền khô ghê,SẠCH,,0.8024
Đồ ăn cực kỳ hài lòng thực sự,SẠCH,,0.9953
chó chết Nhà vệ sinh làm ăn chán đời,CHỬI BỚI,,0.9193
"Tuyển dụng việc nhẹ, ib zalo 0897273394",SPAM,,0.9997
Tiện nghi phải nói là hài lòng <3,SẠCH,,0.995
Dịch vụ ngu như cứt,CHỬI BỚI,,0.8626
Con mèo của chủ quán ngoan lắm,SẠCH,,0.5211
Trải nghiệm trông lung linh ạ,SẠCH,,0.9944
Cách làm ăn nhìn như quần què,CHỬI BỚI,,0.9485
"Tuyển dụng làm online, ib zalo 0360742363",SPAM,,0.9997
Nước nóng tương đối hài lòng thực sự,SẠCH,,0.9955
Zalo 0520592616 để kết bạn,SPAM,,0.9857
Homestay quá là nhiệt tình <3,SẠCH,,0.9956
mất dạy Chủ shop dẹp tiệm đi,CHỬI BỚI,,0.8276
Chủ quán thấy ổn áp.,SẠCH,,0.9912
Món ăn chán như shit,CHỬI BỚI,,0.9574
bố láo Phục vụ làm ăn chán đời,CHỬI BỚI,,0.8708
vcl Thằng quản lý dẹp tiệm đi,CHỬI BỚI,,0.7035
chó chết Wifi biến đi,CHỬI BỚI,,0.8632
"Tuyển dụng việc nhẹ, ib zalo 0865808476",SPAM,,0.9997
Wifi như rác rưởi,CHỬI BỚI,,0.8516
Dịch vụ khá chill ạ,SẠCH,,0.9935
Nhà vệ sinh phải nói là ngon :)),SẠCH,,0.9163
Điều hòa vô cùng yên tĩnh ạ,SẠCH,,0.9947
Trải nghiệm vô cùng nhanh nhẹn.,SẠCH,,0.9822
Trải nghiệm siêu sạch sẽ nha,SẠCH,,0.9945
Cô lao công cực kỳ tiện lợi!,SẠCH,,0.9829
Hỗ trợ 0993428517 để tư vấn,SPAM,,0.8699
"Cách làm ăn gian manh, dối trá ngay",KÍCH ĐỘNG,,0.5304
Dịch vụ bẩn như rác rưởi,CHỬI BỚI,,0.9294
Chủ shop làm ăn như bẹn,CHỬI BỚI,,0.8505
Cách làm ăn phục vụ như shit,CHỬI BỚI,,0.8073
Vị trí nhìn thoáng mát lắm luôn,SẠCH,,0.9889
Resort khá tốt <3,SẠCH,,0.9958
Alo 0660971695 để vay vốn,SPAM,,0.9979
"Tuyển dụng làm online, ib zalo 0511715488",SPAM,,0.9997
"Cái chỗ này lừa đảo, làm ăn bố láo ngay",KÍCH ĐỘNG,,0.5594
Hệ thống dở như hạch,CHỬI BỚI,,0.8819
Không gian vô cùng chuyên nghiệp nhé,SẠCH,,0.9952
"Món ăn gian manh, kiện ngay",KÍCH ĐỘNG,,0.9106
Bữa sáng thấy yên tĩnh <3,SẠCH,,0.9946
Thằng quản lý làm ăn như cc,CHỬI BỚI,,0.9901
Hệ thống thối như cc,CHỬI BỚI,,0.5016
Cái chỗ này bẩn như bò,CHỬI BỚI,,0.9439
vcl Lễ tân ngu không tả được,CHỬI BỚI,,0.8906
Bể bơi cảm thấy chuyên nghiệp!,SẠCH,,0.9871
Zalo 0376158433 để vay vốn,SPAM,,0.9994
"Điều hòa tráo trở, đừng mua ngay",KÍCH ĐỘNG,,0.9889
Vị trí cực kỳ nhiệt tình ^^,SẠCH,,0.9905
"Điều hòa lừa đảo, báo công an ngay",KÍCH ĐỘNG,,0.4828
"Tuyển dụng làm online, ib zalo 0365963623",SPAM,,0.9997
Bữa sáng đặc biệt đáng tiền thực sự,SẠCH,,0.995
Điều hòa nhìn như c*c,CHỬI BỚI,,0.9772
Tiện nghi cảm thấy dễ thương lắm luôn,SẠCH,,0.9932
"Hệ thống lừa đảo, lừa đảo ngay",KÍCH ĐỘNG,,0.8629
Ship hàng phục vụ như chó,CHỬI BỚI,,0.9144
Truy cập http://vay37.com xem hàng,SPAM,,0.9901
"Lễ tân lừa đảo, đừng mua ngay",KÍCH ĐỘNG,,0.6835
mất dạy Cái chỗ này ngu không tả được,CHỬI BỚI,,0.9106
Homestay khá nhanh nhẹn ^^,SẠCH,,0.9833
Vị trí rất sang chảnh nhé,SẠCH,,0.9931
Cô lao công thực sự chu đáo hihi,SẠCH,,0.9772
Wifi nhìn như cc,CHỬI BỚI,,0.9795
Bọn nhân viên nhìn như c*c,CHỬI BỚI,,0.9555
CSKH như đầu bùi,CHỬI BỚI,,0.9557
chó chết Cái chỗ này biến đi,CHỬI BỚI,,0.8456
đm Hệ thống biến đi,CHỬI BỚI,,0.9594
Nhà vệ sinh tệ như hạch,CHỬI BỚI,,0.8325
Hệ thống bẩn như l*n,CHỬI BỚI,,0.6639
Giường quá là lung linh thực sự,SẠCH,,0.9961
Lễ tân ngu như rác rưởi,CHỬI BỚI,,0.9297
Giường khá đẹp!,SẠCH,,0.9953
tổ cha Lễ tân làm ăn chán đời,CHỬI BỚI,,0.7085
Điều hòa làm ăn như đầu bùi,CHỬI BỚI,,0.7338
Thái độ chán như bò,CHỬI BỚI,,0.8318
Ship hàng như rác rưởi,CHỬI BỚI,,0.742
khốn nạn Con mụ chủ làm ăn chán đời,CHỬI BỚI,,0.9735
"Tuyển dụng việc nhẹ, ib zalo 0643340895",SPAM,,0.9997
Món ăn bẩn như đống phân,CHỬI BỚI,,0.9368
Con mụ chủ như lợn,CHỬI BỚI,,0.9344
Điều hòa trông sang chảnh nhé,SẠCH,,0.9951
Wifi thối như cc,CHỬI BỚI,,0.958
Hệ thống nhìn như shit,CHỬI BỚI,,0.8106
Phục vụ láo toét,CHỬI BỚI,,0.6593
"Wifi gian manh, đừng mua ngay",KÍCH ĐỘNG,,0.9533
mẹ kiếp Điều hòa biến đi,CHỬI BỚI,,0.5241
Truy cập http://sex55.com nhận 100k,SPAM,,0.9645
Chủ quán tương đối đẹp.,SẠCH,,0.984
Bữa sáng rất xịn sò lắm luôn,SẠCH,,0.9852
View rất đẹp thực sự,SẠCH,,0.9957
"Tuyển dụng làm online, ib zalo 0758706217",SPAM,,0.9997
Cái chỗ này ngu như cứt,CHỬI BỚI,,0.9036
Trải nghiệm quá là thân thiện thực sự,SẠCH,,0.9954
Nước nóng phải nói là xuất sắc ạ,SẠCH,,0.9839
Truy cập http://soicau34.com nhận 100k,SPAM,,0.9824
Giường rất tiện lợi ạ,SẠCH,,0.9946
Con cún nhà này dễ thương lắm,SẠCH,,0.9372
"Hệ thống gian manh, làm ăn bố láo ngay",KÍCH ĐỘNG,,0.9557
Bể bơi siêu tiện lợi <3,SẠCH,,0.9874
Con cún của chủ quán thông minh ghê,SẠCH,,0.4001
Phục vụ ngu như rác rưởi,CHỬI BỚI,,0.6826
Khách sạn bẩn như lợn,CHỬI BỚI,,0.9293
Truy cập http://sex76.com xem hàng,SPAM,,0.9765
"CSKH gian manh, tẩy chay ngay",KÍCH ĐỘNG,,0.9808
Truy cập http://vay70.com nhận 100k,SPAM,,0.9838
Đồ ăn cực kỳ xịn sò ^^,SẠCH,,0.961
"Tuyển dụng việc nhẹ, ib zalo 0710669785",SPAM,,0.9997
Trải nghiệm thấy dễ thương ^^,SẠCH,,0.9905
Ib ngay 0975282802 để tư vấn,SPAM,,0.9801
Mọi người dối trá cái lũ khốn này nhé,KÍCH ĐỘNG,,0.9882
Điều hòa rất rộng rãi <3,SẠCH,,0.9958
Nhắn tin 0860266600 để nhận quà,SPAM,,0.9912
Cách làm ăn thối như shit,CHỬI BỚI,,0.7755
CSKH làm ăn như quần què,CHỬI BỚI,,0.6823
"Món ăn gian manh, đòi lại tiền ngay",KÍCH ĐỘNG,,0.8141
Điều hòa hãm lờ,CHỬI BỚI,,0.8181
tổ cha Thái độ ngu không tả được,CHỬI BỚI,,0.9843
Bác bảo vệ nhìn đẹp lắm luôn,SẠCH,,0.9902
Món ăn tệ như l*n,CHỬI BỚI,,0.8778
Vị trí thực sự ổn áp nhé,SẠCH,,0.9946
Chủ shop phục vụ như quần què,CHỬI BỚI,,0.6636
Cô lao công vô cùng thoáng mát ^^,SẠCH,,0.9909
Trải nghiệm rất hài lòng ^^,SẠCH,,0.9938
Cái chỗ này ngu như bẹn,CHỬI BỚI,,0.8945
Mọi thứ cảm thấy thân thiện :)),SẠCH,,0.996
Cách bài trí vô cùng ngon nhé,SẠCH,,0.9956
Resort đặc biệt dễ thương lắm luôn,SẠCH,,0.996
Thái độ chán như cứt,CHỬI BỚI,,0.716
Ban công vô cùng tuyệt vời ạ,SẠCH,,0.9957
tiên sư Khách sạn biến đi,CHỬI BỚI,,0.9582
Cách bài trí trông rộng rãi nhé,SẠCH,,0.9831
Homestay khá tuyệt vời ^^,SẠCH,,0.9945
Nhà vệ sinh cảm thấy nhiệt tình ạ,SẠCH,,0.993
Truy cập http://soicau38.com nhận khuyến mãi,SPAM,,0.9892
Nhà vệ sinh quá là hài lòng :)),SẠCH,,0.995
Alo 0873233658 để nhận quà,SPAM,,0.9957
Wifi thực sự tiện lợi :)),SẠCH,,0.9945
Truy cập http://soicau59.com nhận 100k,SPAM,,0.9825
Homestay hơi bị ngon.,SẠCH,,0.9543
Đồ ăn trông ngon ạ,SẠCH,,0.9829
"Tuyển dụng việc nhẹ, ib zalo 0586954234",SPAM,,0.9997
Cô lao công vô cùng rộng rãi lắm luôn,SẠCH,,0.9406
Dịch vụ làm ăn như chó,CHỬI BỚI,,0.9605
Lễ tân chảnh chó,CHỬI BỚI,,0.8283
Anh chủ trông thân thiện :)),SẠCH,,0.983
Thằng quản lý thối hoắc,CHỬI BỚI,,0.9927
mẹ kiếp Wifi ngu không tả được,CHỬI BỚI,,0.9784
Vị trí đặc biệt ngon ^^,SẠCH,,0.9895
"Dịch vụ tráo trở, bóc phốt ngay",KÍCH ĐỘNG,,0.9016
Ib ngay 0728717712 để tư vấn,SPAM,,0.9867
Nhắn tin 0425439385 để tư vấn,SPAM,,0.9758
Con mèo của chủ quán cưng xỉu lắm,SẠCH,,0.8152
mất dạy Lễ tân ngu không tả được,CHỬI BỚI,,0.9742
Ship hàng làm ăn như l*n,CHỬI BỚI,,0.9015
Chị lễ tân cảm thấy nhiệt tình!,SẠCH,,0.9897
Bể bơi cực kỳ ấm cúng lắm luôn,SẠCH,,0.9881
"CSKH tráo trở, tránh xa ngay",KÍCH ĐỘNG,,0.921
Resort quá là hài lòng nhé,SẠCH,,0.9956
Nhắn tin 0737763344 để nhận quà,SPAM,,0.9913
Khách sạn khá ok <3,SẠCH,,0.9955
Dịch vụ rất sạch sẽ.,SẠCH,,0.9585
Nhân viên vô cùng đẹp ạ,SẠCH,,0.99
Wifi siêu yên tĩnh nhé,SẠCH,,0.9938
đm Dịch vụ làm ăn chán đời,CHỬI BỚI,,0.9364
Bọn nhân viên thối hoắc,CHỬI BỚI,,0.9906
Món ăn nhìn như bò,CHỬI BỚI,,0.7634
bố láo Khách sạn ngu không tả được,CHỬI BỚI,,0.9749
Ban công tương đối xuất sắc ^^,SẠCH,,0.993
Khách sạn hơi bị ngon!,SẠCH,,0.9384
Khách sạn như đống phân,CHỬI BỚI,,0.965
Lễ tân nhìn như đầu bùi,CHỬI BỚI,,0.5878
Dịch vụ ngu như cc,CHỬI BỚI,,0.9063
Bể bơi rất đáng tiền.,SẠCH,,0.9855
"Tuyển dụng làm online, ib zalo 0327007527",SPAM,,0.9997
"Khách sạn gian manh, đòi lại tiền ngay",KÍCH ĐỘNG,,0.8131
Điều hòa tương đối chu đáo hihi,SẠCH,,0.995
Bọn nhân viên như cặc,CHỬI BỚI,,0.9727
Bác bảo vệ thực sự nhiệt tình hihi,SẠCH,,0.9863
Dịch vụ quá là chu đáo nhé,SẠCH,,0.992
đéo Khách sạn dẹp tiệm đi,CHỬI BỚI,,0.9795
Cô lao công cảm thấy thơm tho nhé,SẠCH,,0.9942
"Tuyển dụng việc nhẹ, ib zalo 0780132049",SPAM,,0.9997
chó chết Bọn nhân viên dẹp tiệm đi,CHỬI BỚI,,0.6379
"Tuyển dụng việc nhẹ, ib zalo 0579723835",SPAM,,0.9997
Trải nghiệm khá ok lắm luôn,SẠCH,,0.9938
Bữa sáng vô cùng tốt lắm luôn,SẠCH,,0.9956
Hệ thống phục vụ như rác rưởi,CHỬI BỚI,,0.7456
Con cún nhà này đáng yêu quá,SẠCH,,0.9545
Thằng quản lý làm ăn như shit,CHỬI BỚI,,0.9802
"Tuyển dụng làm online, ib zalo 0610250505",SPAM,,0.9997
Ship hàng ngu như bò,CHỬI BỚI,,0.6235
Khách sạn thấy ngon lắm luôn,SẠCH,,0.9887
Đồ ăn rất tốt hihi,SẠCH,,0.9955
Zalo 0763113633 để vay vốn,SPAM,,0.9995
CSKH ngu như hạch,CHỬI BỚI,,0.9911
Phục vụ phục vụ như l*n,CHỬI BỚI,,0.798
Truy cập http://soicau95.com nhận khuyến mãi,SPAM,,0.9915
Vị trí thực sự lung linh!,SẠCH,,0.9937
Khách sạn cảm thấy lung linh ạ,SẠCH,,0.9951
Con chó nhà này cưng xỉu ghê,SẠCH,,0.9876
Homestay đặc biệt chu đáo nha,SẠCH,,0.9953
bố láo Hệ thống dẹp tiệm đi,CHỬI BỚI,,0.8813
Nhà vệ sinh cực kỳ đẳng cấp nha,SẠCH,,0.9929
Nhà vệ sinh bẩn như bò,CHỬI BỚI,,0.7442
Phòng ốc quá là thơm tho hihi,SẠCH,,0.9949
"Tuyển dụng việc nhẹ, ib zalo 0773897216",SPAM,,0.9997
Mọi người kiện cái shop này nhé,KÍCH ĐỘNG,,0.9902
Thái độ phục vụ rất thơm tho <3,SẠCH,,0.9936
Resort thực sự thân thiện nhé,SẠCH,,0.9959
"Tuyển dụng việc nhẹ, ib zalo 0983054929",SPAM,,0.9997
Cách làm ăn bẩn như l*n,CHỬI BỚI,,0.668
"Hệ thống lừa đảo, gian dối ngay",KÍCH ĐỘNG,,0.9311
Wifi dở như bò,CHỬI BỚI,,0.5247
Không gian nhìn xịn sò thực sự,SẠCH,,0.9536
Dịch vụ phải nói là chu đáo thực sự,SẠCH,,0.9802
Quán này ngu như bẹn,CHỬI BỚI,,0.9129
Anh chủ cảm thấy đẹp nha,SẠCH,,0.9961
Khách sạn quá là tuyệt vời lắm luôn,SẠCH,,0.9953
"Tuyển dụng làm online, ib zalo 0786777675",SPAM,,0.9997
Truy cập http://vay55.com nhận 100k,SPAM,,0.9829
Vị trí thấy dễ thương ạ,SẠCH,,0.9948
Ban công thực sự hài lòng ạ,SẠCH,,0.9958
óc chó Lễ tân làm ăn chán đời,CHỬI BỚI,,0.9915
Thái độ phục vụ như lợn,CHỬI BỚI,,0.7113
Hỗ trợ 0671481340 để kết bạn,SPAM,,0.6745
Khách sạn bẩn như bò,CHỬI BỚI,,0.6542
Cách bài trí cảm thấy hài lòng hihi,SẠCH,,0.9955
Đồ ăn quá là ok thực sự,SẠCH,,0.9953
Cái chỗ này bẩn như rác rưởi,CHỬI BỚI,,0.7593
"Tuyển dụng làm online, ib zalo 0998493601",SPAM,,0.9997
Vị trí phải nói là xuất sắc lắm luôn,SẠCH,,0.9919
Anh chủ quá là chu đáo lắm luôn,SẠCH,,0.9828
Chị lễ tân thấy dễ thương ạ,SẠCH,,0.9953
Đồ ăn khá ổn áp!,SẠCH,,0.9931
Nước nóng cảm thấy tiện lợi ^^,SẠCH,,0.9854
mẹ kiếp Cái chỗ này làm ăn chán đời,CHỬI BỚI,,0.7312
Khách sạn phải nói là ok <3,SẠCH,,0.9935
Dịch vụ siêu đẹp nha,SẠCH,,0.9862
Thái độ phục vụ thực sự đáng tiền.,SẠCH,,0.9527
Trải nghiệm trông đẳng cấp hihi,SẠCH,,0.9243
Nhân viên quá là sang chảnh nha,SẠCH,,0.9951
"Khách sạn lừa đảo, báo công an ngay",KÍCH ĐỘNG,,0.4121
Chị lễ tân cảm thấy rộng rãi nhé,SẠCH,,0.9948
Alo 0735995660 để nhận quà,SPAM,,0.9956
Con cún của chủ quán thông minh quá,SẠCH,,0.6552
Phòng ốc đặc biệt chu đáo!,SẠCH,,0.9901
Dịch vụ dở như rác rưởi,CHỬI BỚI,,0.8659
Bữa sáng nhìn sạch sẽ.,SẠCH,,0.9894
CSKH nhìn như cc,CHỬI BỚI,,0.7319
"Tuyển dụng việc nhẹ, ib zalo 0692453434",SPAM,,0.9997
Call 0979964657 để kết bạn,SPAM,,0.9907
Truy cập http://sex45.com xem hàng,SPAM,,0.9685
Mọi thứ vô cùng tiện lợi lắm luôn,SẠCH,,0.9925
tiên sư Dịch vụ ngu không tả được,CHỬI BỚI,,0.943
Wifi thối như cứt,CHỬI BỚI,,0.9049
Khách sạn hơi bị ngon nhé,SẠCH,,0.9779
Zalo 0958601927 để nhận quà,SPAM,,0.8014
Chủ quán rất ok thực sự,SẠCH,,0.9941
Cô lao công vô cùng chu đáo thực sự,SẠCH,,0.9825
Zalo 0926639887 để nhận quà,SPAM,,0.9491
CSKH bẩn như bò,CHỬI BỚI,,0.9909
Điều hòa trông lung linh!,SẠCH,,0.9959
Giường phải nói là đẹp ^^,SẠCH,,0.9899
Homestay quá là ok nha,SẠCH,,0.9951
Cô lao công hơi bị nhanh nhẹn!,SẠCH,,0.8777
Dịch vụ tương đối ngon.,SẠCH,,0.9799
Không gian quá là dễ thương nhé,SẠCH,,0.9959
Cách bài trí hơi bị đáng tiền hihi,SẠCH,,0.9833
Nước nóng vô cùng hài lòng :)),SẠCH,,0.9956
"Dịch vụ tráo trở, kiện ngay",KÍCH ĐỘNG,,0.9996
Con mụ chủ bẩn như bẹn,CHỬI BỚI,,0.9842
Wifi rất dễ thương ^^,SẠCH,,0.995
Điều hòa khá đáng tiền nha,SẠCH,,0.9939
Cái chỗ này dở như c*c,CHỬI BỚI,,0.5493
Mọi thứ hơi bị tốt!,SẠCH,,0.9914
Chị lễ tân phải nói là chuyên nghiệp thực sự,SẠCH,,0.9916
Anh chủ trông xuất sắc thực sự,SẠCH,,0.9927
Phục vụ bẩn như hạch,CHỬI BỚI,,0.781
Phòng ốc trông chuyên nghiệp ^^,SẠCH,,0.9615
Truy cập http://soicau91.com nhận 100k,SPAM,,0.9874
Trải nghiệm đặc biệt lung linh <3,SẠCH,,0.9956
Truy cập http://soicau28.com nhận khuyến mãi,SPAM,,0.9897
Phục vụ phục vụ như cứt,CHỬI BỚI,,0.8405
Thái độ như cặc,CHỬI BỚI,,0.9683
"Khách sạn tráo trở, tránh xa ngay",KÍCH ĐỘNG,,0.6427
Cái chỗ này dở như cứt,CHỬI BỚI,,0.7914
Thái độ nhìn như l*n,CHỬI BỚI,,0.5038
Giường vô cùng sạch sẽ.,SẠCH,,0.9904
Thái độ phục vụ phải nói là dễ thương lắm luôn,SẠCH,,0.9947
Nước nóng cực kỳ chill!,SẠCH,,0.9949
"Quán này lừa đảo, cẩn thận bị lừa ngay",KÍCH ĐỘNG,,0.6309
View cảm thấy xuất sắc.,SẠCH,,0.9928
Dịch vụ nhìn như bẹn,CHỬI BỚI,,0.9699
Homestay cảm thấy ngon ạ,SẠCH,,0.9915
"Dịch vụ lừa đảo, cẩn thận bị lừa ngay",KÍCH ĐỘNG,,0.5626
Nhà vệ sinh bẩn như đống phân,CHỬI BỚI,,0.9408
Trải nghiệm cảm thấy rộng rãi ^^,SẠCH,,0.9585
Wifi tệ như bẹn,CHỬI BỚI,,0.9186
Dịch vụ quá là chill :)),SẠCH,,0.9957
Món ăn nhìn như chó,CHỬI BỚI,,0.9402
Đồ ăn hơi bị tận tâm nhé,SẠCH,,0.9689
Hotline 0664934565 để tư vấn,SPAM,,0.9265
"Bọn nhân viên tráo trở, lừa đảo ngay",KÍCH ĐỘNG,,0.8843
Phòng ốc phải nói là sạch sẽ hihi,SẠCH,,0.9834
Alo 0512911833 để tư vấn,SPAM,,0.9868
CSKH phục vụ như l*n,CHỬI BỚI,,0.7817
Bác bảo vệ tương đối lung linh lắm luôn,SẠCH,,0.9655
mẹ kiếp Con mụ chủ ngu không tả được,CHỬI BỚI,,0.9865
Wifi khá tốt thực sự,SẠCH,,0.9955
"Tuyển dụng làm online, ib zalo 0918395157",SPAM,,0.9997
Tiện nghi tương đối đẹp.,SẠCH,,0.9166
Bữa sáng khá đẳng cấp thực sự,SẠCH,,0.9937
"Thằng quản lý lừa đảo, report ngay",KÍCH ĐỘNG,,0.9772
Điều hòa phục vụ như bò,CHỬI BỚI,,0.7159
Bác bảo vệ trông rộng rãi <3,SẠCH,,0.9772
Chủ shop chảnh chó,CHỬI BỚI,,0.6124
Chị lễ tân nhìn rộng rãi lắm luôn,SẠCH,,0.9795
"Lễ tân tráo trở, report ngay",KÍCH ĐỘNG,,0.9915
Cái chỗ này phục vụ như lợn,CHỬI BỚI,,0.8719
Phòng ốc đặc biệt xuất sắc thực sự,SẠCH,,0.9829
Bữa sáng trông tận tâm hihi,SẠCH,,0.9929
"Nhà vệ sinh gian manh, gian dối ngay",KÍCH ĐỘNG,,0.9331
Trải nghiệm hơi bị tiện lợi!,SẠCH,,0.9761
Nhà vệ sinh khá tốt <3,SẠCH,,0.9951
Call 0480747531 để vay vốn,SPAM,,0.9881
Nhà vệ sinh nhìn như quần què,CHỬI BỚI,,0.9357
Cách bài trí nhìn chu đáo :)),SẠCH,,0.9938
khốn nạn Khách sạn biến đi,CHỬI BỚI,,0.8656
tiên sư Wifi dẹp tiệm đi,CHỬI BỚI,,0.8638
CSKH thối như bẹn,CHỬI BỚI,,0.9255
CSKH bẩn như rác rưởi,CHỬI BỚI,,0.9089
"Bọn nhân viên tráo trở, dối trá ngay",KÍCH ĐỘNG,,0.6307
Điều hòa ngu như l*n,CHỬI BỚI,,0.6879
Bác bảo vệ trông lung linh nhé,SẠCH,,0.9076
Homestay phải nói là lung linh thực sự,SẠCH,,0.9876
Phục vụ chán như bò,CHỬI BỚI,,0.5456
"Cách làm ăn gian manh, đừng mua ngay",KÍCH ĐỘNG,,0.3815
Mọi thứ vô cùng sang chảnh ^^,SẠCH,,0.9934
Món ăn chán như bẹn,CHỬI BỚI,,0.8409
Bác bảo vệ cực kỳ chu đáo nhé,SẠCH,,0.9543
mất dạy Dịch vụ làm ăn chán đời,CHỬI BỚI,,0.8945
Zalo 0948800310 để vay vốn,SPAM,,0.9995
Dịch vụ ngu như quần què,CHỬI BỚI,,0.536
Cách làm ăn nhìn như đầu bùi,CHỬI BỚI,,0.7542
Điều hòa phải nói là dễ thương ^^,SẠCH,,0.9948
Cô lao công cực kỳ đẳng cấp ạ,SẠCH,,0.9606
"Tuyển dụng việc nhẹ, ib zalo 0991754942",SPAM,,0.9997
"Cách làm ăn gian manh, bóc phốt ngay",KÍCH ĐỘNG,,0.5521
"Tuyển dụng làm online, ib zalo 0923643396",SPAM,,0.9996
Bữa sáng khá hài lòng nha,SẠCH,,0.9957
Hệ thống dở như chó,CHỬI BỚI,,0.8621
Con mụ chủ chán như rác rưởi,CHỬI BỚI,,0.9888
Anh chủ siêu rộng rãi nhé,SẠCH,,0.992
"Tuyển dụng làm online, ib zalo 0985522566",SPAM,,0.9997
Resort thực sự xịn sò lắm luôn,SẠCH,,0.762
đm Khách sạn biến đi,CHỬI BỚI,,0.9191
Ad ơi còn phòng không?,SẠCH,,0.9787
Thằng quản lý thối như bò,CHỬI BỚI,,0.9923
chó chết Lễ tân biến đi,CHỬI BỚI,,0.8326
Mọi thứ vô cùng nhiệt tình nha,SẠCH,,0.9957
"Tuyển dụng làm online, ib zalo 0942040220",SPAM,,0.9997
Không gian phải nói là dễ thương.,SẠCH,,0.9837
óc chó Cách làm ăn biến đi,CHỬI BỚI,,0.9896
"Ship hàng lừa đảo, tẩy chay ngay",KÍCH ĐỘNG,,0.8655
Resort nhìn yên tĩnh nhé,SẠCH,,0.9944
Hotline 0591739817 để tư vấn,SPAM,,0.9328
Các bạn tẩy chay gấp chỗ này,KÍCH ĐỘNG,,0.5607
Nhân viên rất xuất sắc :)),SẠCH,,0.9912
Cô lao công khá đẳng cấp hihi,SẠCH,,0.9671
Zalo 0397238308 để vay vốn,SPAM,,0.9994
Nước nóng rất thân thiện!,SẠCH,,0.9682
Điều hòa ngu như cc,CHỬI BỚI,,0.756
tổ cha Hệ thống biến đi,CHỬI BỚI,,0.8517
Mọi người kiện cái bọn này nhé,KÍCH ĐỘNG,,0.9707
Anh chủ thấy dễ thương hihi,SẠCH,,0.9957
"Cái chỗ này gian manh, gian dối ngay",KÍCH ĐỘNG,,0.8648
Nhắn tin 0518012919 để vay vốn,SPAM,,0.9564
vcl Phục vụ ngu không tả được,CHỬI BỚI,,0.9576
Chủ shop như hạch,CHỬI BỚI,,0.6409
Dịch vụ như quần què,CHỬI BỚI,,0.7478
Anh chủ quá là sang chảnh lắm luôn,SẠCH,,0.9451
Bác bảo vệ thực sự đáng tiền :)),SẠCH,,0.9904
Khách sạn thực sự ấm cúng <3,SẠCH,,0.9952
óc chó Khách sạn dẹp tiệm đi,CHỬI BỚI,,0.7724
bố láo Thái độ ngu không tả được,CHỬI BỚI,,0.9846
Call 0771907235 để nhận quà,SPAM,,0.9941
Cái chỗ này nhìn như quần què,CHỬI BỚI,,0.8541
Cách bài trí hơi bị ấm cúng hihi,SẠCH,,0.9795
Resort rất yên tĩnh.,SẠCH,,0.9931
Phục vụ bẩn như đống phân,CHỬI BỚI,,0.9367
Chủ quán tương đối yên tĩnh hihi,SẠCH,,0.9824
Cả nhà tránh xa lũ khốn này,KÍCH ĐỘNG,,0.8925
Truy cập http://vay89.com nhận 100k,SPAM,,0.9866
Phòng ốc vô cùng xịn sò.,SẠCH,,0.6766
Chị lễ tân hơi bị chu đáo ạ,SẠCH,,0.9894
Thái độ ngu như bẹn,CHỬI BỚI,,0.7707
Bể bơi nhìn nhiệt tình nha,SẠCH,,0.9933
Con mụ chủ phục vụ như đống phân,CHỬI BỚI,,0.9404
bố láo CSKH dẹp tiệm đi,CHỬI BỚI,,0.9824
Không gian hơi bị tốt nhé,SẠCH,,0.9936
Vị trí rất ngon ^^,SẠCH,,0.9889
Trải nghiệm rất rộng rãi!,SẠCH,,0.986
Vị trí quá là sang chảnh ạ,SẠCH,,0.9935
Tư vấn 0565441299 để tư vấn,SPAM,,0.8211
Phòng ốc nhìn sạch sẽ ạ,SẠCH,,0.9931
Con mụ chủ ngu như cc,CHỬI BỚI,,0.9882
Phòng ốc hơi bị dễ thương :)),SẠCH,,0.9952
Dịch vụ rất xịn sò ^^,SẠCH,,0.8099
Zalo 0354468220 để nhận quà,SPAM,,0.9417
Thái độ tệ như shit,CHỬI BỚI,,0.9144
"Bọn nhân viên tráo trở, treo đầu dê bán thịt chó ngay",KÍCH ĐỘNG,,0.6276
Giường thực sự nhiệt tình :)),SẠCH,,0.9958
Khách sạn làm ăn như chó,CHỬI BỚI,,0.9576
Truy cập http://sex82.com xem hàng,SPAM,,0.9772
Cách làm ăn chán như shit,CHỬI BỚI,,0.9069
Dịch vụ thối như cc,CHỬI BỚI,,0.7983
Wifi thấy thoáng mát nha,SẠCH,,0.9957
"Tuyển dụng việc nhẹ, ib zalo 0324570814",SPAM,,0.9997
Món ăn bẩn như cc,CHỬI BỚI,,0.9702
Trải nghiệm thực sự ổn áp :)),SẠCH,,0.9955
tiên sư CSKH làm ăn chán đời,CHỬI BỚI,,0.9509
Mọi thứ khá đẹp hihi,SẠCH,,0.9961
Không gian trông thơm tho ạ,SẠCH,,0.9954
Truy cập http://sex76.com nhận 100k,SPAM,,0.9693
Điều hòa nhìn như lợn,CHỬI BỚI,,0.7397
đéo Quán này ngu không tả được,CHỬI BỚI,,0.5511
"Tuyển dụng làm online, ib zalo 0873451018",SPAM,,0.9997
Lễ tân phục vụ như đống phân,CHỬI BỚI,,0.9605
Đồ ăn phải nói là xuất sắc nha,SẠCH,,0.9841
chó chết Món ăn ngu không tả được,CHỬI BỚI,,0.7144
Hệ thống bẩn như bò,CHỬI BỚI,,0.9134
Nhân viên quá là đẳng cấp!,SẠCH,,0.993
Món ăn chảnh chó,CHỬI BỚI,,0.8452
Giường nhìn tốt :)),SẠCH,,0.9947
Nước nóng thấy nhanh nhẹn nhé,SẠCH,,0.9712
Thái độ bẩn như rác rưởi,CHỬI BỚI,,0.938
"Ship hàng gian manh, tẩy chay ngay",KÍCH ĐỘNG,,0.6758
Truy cập http://vay72.com nhận khuyến mãi,SPAM,,0.992
"Món ăn tráo trở, đừng mua ngay",KÍCH ĐỘNG,,0.9887
Bể bơi đặc biệt đẳng cấp.,SẠCH,,0.9835
Điều hòa thực sự thoáng mát <3,SẠCH,,0.9958
tổ cha Khách sạn ngu không tả được,CHỬI BỚI,,0.9734
Nhà vệ sinh phục vụ như hạch,CHỬI BỚI,,0.7991
Call 0697725760 để vay vốn,SPAM,,0.9851
Cách bài trí siêu hài lòng hihi,SẠCH,,0.996
Nhân viên tương đối lung linh ^^,SẠCH,,0.8083
Dịch vụ khá tiện lợi nhé,SẠCH,,0.9874
Dịch vụ thối như quần què,CHỬI BỚI,,0.9071
Mọi người cẩn thận bị lừa cái lũ khốn này nhé,KÍCH ĐỘNG,,0.9879
Món ăn dở như đống phân,CHỬI BỚI,,0.9507
"Con mụ chủ tráo trở, kiện ngay",KÍCH ĐỘNG,,0.9557
Thái độ phục vụ như đống phân,CHỬI BỚI,,0.9308
Chị lễ tân cực kỳ xuất sắc!,SẠCH,,0.9853
View nhìn ngon.,SẠCH,,0.9902
Vị trí quá là chill.,SẠCH,,0.9943
Ship hàng phục vụ như lợn,CHỬI BỚI,,0.566
Chủ quán vô cùng hài lòng lắm luôn,SẠCH,,0.9923
Ban công siêu yên tĩnh nhé,SẠCH,,0.9943
Nhân viên trông chill hihi,SẠCH,,0.5542
Dịch vụ hơi bị ổn áp ạ,SẠCH,,0.9696
Liên hệ 0847848388 để nhận quà,SPAM,,0.9792
"Dịch vụ tráo trở, cạch mặt ngay",KÍCH ĐỘNG,,0.9965
Nhân viên tương đối ổn áp nha,SẠCH,,0.9795
Điều hòa như cứt,CHỬI BỚI,,0.6675
bố láo Cái chỗ này làm ăn chán đời,CHỬI BỚI,,0.9778
"Nhà vệ sinh tráo trở, cẩn thận bị lừa ngay",KÍCH ĐỘNG,,0.5956
Trải nghiệm khá thoáng mát.,SẠCH,,0.9894
Nhắn tin 0422709138 để kết bạn,SPAM,,0.988
Món ăn tệ như đống phân,CHỬI BỚI,,0.9218
"Tuyển dụng việc nhẹ, ib zalo 0795051208",SPAM,,0.9997
Nhà vệ sinh vô cùng đáng tiền <3,SẠCH,,0.9955
Mọi thứ cực kỳ xịn sò!,SẠCH,,0.5635
Nhắn tin 0739907827 để tư vấn,SPAM,,0.9621
Cô lao công cảm thấy dễ thương ạ,SẠCH,,0.994
mất dạy Lễ tân biến đi,CHỬI BỚI,,0.4382
Bữa sáng quá là chill hihi,SẠCH,,0.996
Mọi người report cái bọn này nhé,KÍCH ĐỘNG,,0.931
"Khách sạn gian manh, bóc phốt ngay",KÍCH ĐỘNG,,0.8559
Con chó của chủ quán ngoan lắm,SẠCH,,0.9392
Nước nóng cực kỳ tuyệt vời!,SẠCH,,0.9902
Nhân viên trông xuất sắc.,SẠCH,,0.9915
Điều hòa thấy tuyệt vời thực sự,SẠCH,,0.9955
Bữa sáng phải nói là đáng tiền nha,SẠCH,,0.9922
Truy cập http://vay25.com nhận khuyến mãi,SPAM,,0.9911
tổ cha Con mụ chủ biến đi,CHỬI BỚI,,0.8879
Cách bài trí tương đối xuất sắc nha,SẠCH,,0.9948
"Tuyển dụng việc nhẹ, ib zalo 0545639767",SPAM,,0.9997
Ship hàng thối như đầu bùi,CHỬI BỚI,,0.917
Con cún nhà này quấn người quá,SẠCH,,0.5706
Lễ tân thối như hạch,CHỬI BỚI,,0.4905
Ship hàng nhìn như shit,CHỬI BỚI,,0.6867
Truy cập http://soicau66.com nhận khuyến mãi,SPAM,,0.9895
Mọi người đòi lại tiền cái lũ khốn này nhé,KÍCH ĐỘNG,,0.9769
Homestay siêu rộng rãi ^^,SẠCH,,0.9763
khốn nạn Wifi làm ăn chán đời,CHỬI BỚI,,0.9179
Trải nghiệm nhìn thân thiện hihi,SẠCH,,0.9939
Dịch vụ tương đối ấm cúng.,SẠCH,,0.9554
"Nhà vệ sinh lừa đảo, làm ăn bố láo ngay",KÍCH ĐỘNG,,0.5944
Truy cập http://sex63.com xem hàng,SPAM,,0.9711
Quán này ngu như cc,CHỬI BỚI,,0.9177
Call 0411215514 để kết bạn,SPAM,,0.9888
Bể bơi thấy ngon hihi,SẠCH,,0.9922
đm Dịch vụ dẹp tiệm đi,CHỬI BỚI,,0.9654
Dịch vụ hơi bị đẹp lắm luôn,SẠCH,,0.9889
CSKH bẩn như shit,CHỬI BỚI,,0.9568
Zalo 0988661908 để vay vốn,SPAM,,0.9995
Truy cập http://sex37.com nhận khuyến mãi,SPAM,,0.9525
Nhà vệ sinh nhìn như cc,CHỬI BỚI,,0.9758
Ib ngay 0733711219 để kết bạn,SPAM,,0.9932
Hỗ trợ 0657864552 để kết bạn,SPAM,,0.7275
Khách sạn cảm thấy thơm tho <3,SẠCH,,0.9947
Không gian phải nói là chill nha,SẠCH,,0.9925
"Tuyển dụng việc nhẹ, ib zalo 0672859886",SPAM,,0.9997
ngu vãi Khách sạn dẹp tiệm đi,CHỬI BỚI,,0.9512
Thằng quản lý làm ăn như l*n,CHỬI BỚI,,0.9898
"Tuyển dụng việc nhẹ, ib zalo 0934633502",SPAM,,0.9997
Giường đặc biệt tận tâm!,SẠCH,,0.9917
"Lễ tân gian manh, dối trá ngay",KÍCH ĐỘNG,,0.7578
Bác bảo vệ khá ok nhé,SẠCH,,0.9878
View phải nói là tuyệt vời!,SẠCH,,0.9957
Bác bảo vệ thực sự rộng rãi ạ,SẠCH,,0.9759
"Tuyển dụng việc nhẹ, ib zalo 0920018910",SPAM,,0.9997
Phục vụ dở như cc,CHỬI BỚI,,0.9616
Thái độ phục vụ phải nói là đẳng cấp nhé,SẠCH,,0.9824
Không gian cảm thấy lung linh hihi,SẠCH,,0.9939
Chủ quán tương đối sang chảnh nha,SẠCH,,0.977
"Wifi lừa đảo, làm ăn bố láo ngay",KÍCH ĐỘNG,,0.9111
Hỗ trợ 0487245242 để kết bạn,SPAM,,0.5539
Khách sạn cực kỳ xịn sò nha,SẠCH,,0.8766
Món ăn chán như quần què,CHỬI BỚI,,0.9475
Alo 0397670507 để vay vốn,SPAM,,0.9986
Con chó nhà này ngoan ghê,SẠCH,,0.9759
Phục vụ như c*c,CHỬI BỚI,,0.9592
Nhà vệ sinh làm ăn như chó,CHỬI BỚI,,0.8986
Đồ ăn hơi bị yên tĩnh thực sự,SẠCH,,0.9514
tổ cha Điều hòa ngu không tả được,CHỬI BỚI,,0.9867
Món ăn dở như l*n,CHỬI BỚI,,0.9463
Chị lễ tân phải nói là tiện lợi ạ,SẠCH,,0.9882
Phục vụ ngu như c*c,CHỬI BỚI,,0.902
khốn nạn Cái chỗ này biến đi,CHỬI BỚI,,0.9355
Bác bảo vệ cảm thấy tiện lợi hihi,SẠCH,,0.9946
Lễ tân nhìn như c*c,CHỬI BỚI,,0.9485
Truy cập http://bet51.com nhận 100k,SPAM,,0.8943
Tiện nghi vô cùng tuyệt vời ạ,SẠCH,,0.9938
Hỗ trợ 0922711669 để vay vốn,SPAM,,0.9977
"Con mụ chủ tráo trở, đòi lại tiền ngay",KÍCH ĐỘNG,,0.9818
Cách bài trí vô cùng sạch sẽ ạ,SẠCH,,0.9938
Nước nóng siêu tuyệt vời nhé,SẠCH,,0.9942
Hệ thống chán như c*c,CHỬI BỚI,,0.8162
Thái độ phục vụ khá chu đáo hihi,SẠCH,,0.9889
"Ship hàng tráo trở, bóc phốt ngay",KÍCH ĐỘNG,,0.6293
Nhà vệ sinh chảnh chó,CHỬI BỚI,,0.8941
Thái độ phục vụ rất chill lắm luôn,SẠCH,,0.9859
Con mụ chủ bẩn như đầu bùi,CHỬI BỚI,,0.9807
Wifi phục vụ như lợn,CHỬI BỚI,,0.6056
Anh chủ cực kỳ nhanh nhẹn nha,SẠCH,,0.9683
Cách làm ăn chảnh chó,CHỬI BỚI,,0.7871
"Ship hàng gian manh, report ngay",KÍCH ĐỘNG,,0.9454
Phòng ốc siêu tốt <3,SẠCH,,0.9928
"Điều hòa gian manh, tránh xa ngay",KÍCH ĐỘNG,,0.8416
Không gian trông thơm tho.,SẠCH,,0.9928
Phòng ốc phải nói là ok!,SẠCH,,0.9896
Con mèo của chủ quán hiền khô quá,SẠCH,,0.8685
Điều hòa như shit,CHỬI BỚI,,0.8227
Ban công quá là yên tĩnh nhé,SẠCH,,0.9952
Ib ngay 0474978404 để kết bạn,SPAM,,0.9934
Điều hòa bẩn như rác rưởi,CHỬI BỚI,,0.8104
CSKH bẩn như l*n,CHỬI BỚI,,0.9856
Trải nghiệm phải nói là nhiệt tình lắm luôn,SẠCH,,0.9949
"Cái chỗ này lừa đảo, kiện ngay",KÍCH ĐỘNG,,0.8231
Mọi người cẩn thận bị lừa cái bọn này nhé,KÍCH ĐỘNG,,0.9788
Homestay thực sự thoáng mát <3,SẠCH,,0.9945
mẹ kiếp Ship hàng ngu không tả được,CHỬI BỚI,,0.8431
Bữa sáng đặc biệt lung linh.,SẠCH,,0.9945
đm Thằng quản lý làm ăn chán đời,CHỬI BỚI,,0.9853
Không gian cảm thấy thơm tho.,SẠCH,,0.9927
tổ cha Thằng quản lý dẹp tiệm đi,CHỬI BỚI,,0.9823
Wifi nhìn như shit,CHỬI BỚI,,0.5789
đéo Wifi ngu không tả được,CHỬI BỚI,,0.7995
Con cún của chủ quán quấn người ghê,SẠCH,,0.6398
Không gian nhìn tuyệt vời hihi,SẠCH,,0.9955
Chủ quán tương đối thân thiện nhé,SẠCH,,0.9915
Không gian quá là chill hihi,SẠCH,,0.9957
"Tuyển dụng làm online, ib zalo 0387621288",SPAM,,0.9997
Dịch vụ thấy đẳng cấp ^^,SẠCH,,0.9431
View khá sạch sẽ :)),SẠCH,,0.9954
Món ăn phục vụ như lợn,CHỬI BỚI,,0.8483
Cái chỗ này phục vụ như quần què,CHỬI BỚI,,0.9376
Wifi trông tốt ^^,SẠCH,,0.9905
Bọn nhân viên chán như cc,CHỬI BỚI,,0.9788
Homestay thực sự ấm cúng ạ,SẠCH,,0.9938
tiên sư Lễ tân biến đi,CHỬI BỚI,,0.9204
Bọn nhân viên phục vụ như cc,CHỬI BỚI,,0.9513
Homestay rất sạch sẽ :)),SẠCH,,0.9934
Chủ quán trông hài lòng :)),SẠCH,,0.992
Chị lễ tân rất xịn sò thực sự,SẠCH,,0.5866
Mọi thứ vô cùng hài lòng nha,SẠCH,,0.9955
tiên sư Thái độ dẹp tiệm đi,CHỬI BỚI,,0.5982
"Tuyển dụng việc nhẹ, ib zalo 0674106926",SPAM,,0.9997
"Tuyển dụng việc nhẹ, ib zalo 0358776085",SPAM,,0.9997
Homestay phải nói là thân thiện ^^,SẠCH,,0.9747
Truy cập http://vay14.com nhận khuyến mãi,SPAM,,0.9923
Dịch vụ phải nói là tiện lợi <3,SẠCH,,0.9941
Quán này tệ như đống phân,CHỬI BỚI,,0.8514
Hỗ trợ 0746175404 để vay vốn,SPAM,,0.9989
"Phục vụ lừa đảo, cạch mặt ngay",KÍCH ĐỘNG,,0.628
vcl Dịch vụ dẹp tiệm đi,CHỬI BỚI,,0.9798
Homestay vô cùng rộng rãi nha,SẠCH,,0.9943
Hỗ trợ 0413555462 để vay vốn,SPAM,,0.9988
Cách bài trí cảm thấy chill <3,SẠCH,,0.9957
Phục vụ phục vụ như lợn,CHỬI BỚI,,0.5262
Alo 0910163492 để kết bạn,SPAM,,0.994
Khách sạn hãm lờ,CHỬI BỚI,,0.7812
"Tuyển dụng làm online, ib zalo 0647048352",SPAM,,0.9997
"Cách làm ăn gian manh, tẩy chay ngay",KÍCH ĐỘNG,,0.9023
View khá tận tâm <3,SẠCH,,0.9962
Quán này chán như shit,CHỬI BỚI,,0.791
Nhà vệ sinh phải nói là sang chảnh hihi,SẠCH,,0.9406
Chủ quán rất tiện lợi!,SẠCH,,0.9818
tiên sư Wifi ngu không tả được,CHỬI BỚI,,0.989
Nước nóng tương đối rộng rãi nhé,SẠCH,,0.964
"Tuyển dụng việc nhẹ, ib zalo 0448709718",SPAM,,0.9997
Bể bơi cực kỳ lung linh thực sự,SẠCH,,0.9925
Khách sạn thối như quần què,CHỬI BỚI,,0.9269
Chủ shop bẩn thỉu,CHỬI BỚI,,0.8961
Lễ tân tệ như lợn,CHỬI BỚI,,0.8075
Không gian phải nói là sạch sẽ thực sự,SẠCH,,0.9895
Wifi thối như đầu bùi,CHỬI BỚI,,0.8925
"Cái chỗ này tráo trở, treo đầu dê bán thịt chó ngay",KÍCH ĐỘNG,,0.5324
Resort rất sang chảnh <3,SẠCH,,0.9947
Bữa sáng siêu xịn sò.,SẠCH,,0.9736
chó chết Quán này ngu không tả được,CHỬI BỚI,,0.8708
Thái độ chán như chó,CHỬI BỚI,,0.9542
Mọi người làm ăn bố láo cái bọn này nhé,KÍCH ĐỘNG,,0.9918
Hệ thống chán như lợn,CHỬI BỚI,,0.8384
Ship hàng bẩn như bò,CHỬI BỚI,,0.6381
Món ăn như c*c,CHỬI BỚI,,0.9775
Nhà vệ sinh làm ăn như lợn,CHỬI BỚI,,0.8564
Món ăn thối như hạch,CHỬI BỚI,,0.5501
Lễ tân phục vụ như rác rưởi,CHỬI BỚI,,0.6905
Mọi thứ trông sạch sẽ thực sự,SẠCH,,0.995
"Thái độ tráo trở, đòi lại tiền ngay",KÍCH ĐỘNG,,0.5291
"Ship hàng gian manh, gian dối ngay",KÍCH ĐỘNG,,0.939
Anh em tránh xa lũ khốn này,KÍCH ĐỘNG,,0.9238
Giường siêu dễ thương ^^,SẠCH,,0.9945
Bể bơi đặc biệt chu đáo hihi,SẠCH,,0.9928
Phòng ốc quá là tận tâm thực sự,SẠCH,,0.9945
Khách sạn đặc biệt xuất sắc ^^,SẠCH,,0.989
Trải nghiệm trông tận tâm nhé,SẠCH,,0.9812
"Khách sạn tráo trở, đừng mua ngay",KÍCH ĐỘNG,,0.8371
"Điều hòa tráo trở, đòi lại tiền ngay",KÍCH ĐỘNG,,0.8958
mẹ kiếp Phục vụ ngu không tả được,CHỬI BỚI,,0.9391
Điều hòa thực sự nhanh nhẹn nhé,SẠCH,,0.9936
"Thái độ gian manh, treo đầu dê bán thịt chó ngay",KÍCH ĐỘNG,,0.7011
"Thằng quản lý tráo trở, báo công an ngay",KÍCH ĐỘNG,,0.9856
"Nhà vệ sinh tráo trở, report ngay",KÍCH ĐỘNG,,0.9152
Không gian rất xịn sò ạ,SẠCH,,0.8055
Dịch vụ rất thơm tho lắm luôn,SẠCH,,0.9941
Nhắn tin 0653555389 để tư vấn,SPAM,,0.9698
Dịch vụ phải nói là nhiệt tình :)),SẠCH,,0.9926
Khách sạn bẩn như shit,CHỬI BỚI,,0.9343
Mọi người cạch mặt cái cái bọn lừa đảo này nhé,KÍCH ĐỘNG,,0.9874
chó chết Bọn nhân viên làm ăn chán đời,CHỬI BỚI,,0.9062
Cô lao công hơi bị rộng rãi lắm luôn,SẠCH,,0.8126
Mọi người bóc phốt cái lũ khốn này nhé,KÍCH ĐỘNG,,0.9718
"Tuyển dụng làm online, ib zalo 0923416473",SPAM,,0.9997
View cảm thấy tuyệt vời lắm luôn,SẠCH,,0.9955
Hệ thống thối như cứt,CHỬI BỚI,,0.9302
tiên sư Thằng quản lý làm ăn chán đời,CHỬI BỚI,,0.9736
mẹ kiếp Chủ shop dẹp tiệm đi,CHỬI BỚI,,0.4895
"Tuyển dụng việc nhẹ, ib zalo 0433011200",SPAM,,0.9997
Mọi thứ tương đối đẹp thực sự,SẠCH,,0.9959
CSKH dở như bẹn,CHỬI BỚI,,0.5128
"Thằng quản lý tráo trở, cạch mặt ngay",KÍCH ĐỘNG,,0.9824
Alo 0598849360 để kết bạn,SPAM,,0.9937
Chủ quán khá tiện lợi hihi,SẠCH,,0.9895
Bể bơi thực sự xịn sò ạ,SẠCH,,0.6412
Dịch vụ khá đẳng cấp ạ,SẠCH,,0.9931
Cách làm ăn làm ăn như l*n,CHỬI BỚI,,0.841
"Tuyển dụng việc nhẹ, ib zalo 0839250991",SPAM,,0.9997
"Chủ shop tráo trở, kiện ngay",KÍCH ĐỘNG,,0.9832
Thằng quản lý nhìn như đầu bùi,CHỬI BỚI,,0.9874
Món ăn như cc,CHỬI BỚI,,0.9775
Con chó của chủ quán quấn người lắm,SẠCH,,0.8949
tiên sư CSKH ngu không tả được,CHỬI BỚI,,0.9877
Cái chỗ này phục vụ như bò,CHỬI BỚI,,0.7781
Truy cập http://soicau37.com xem hàng,SPAM,,0.9864
"Cách làm ăn gian manh, cẩn thận bị lừa ngay",KÍCH ĐỘNG,,0.6033
Truy cập http://sex79.com xem hàng,SPAM,,0.9472
Chủ shop nhìn như cc,CHỬI BỚI,,0.8109
Truy cập http://soicau98.com xem hàng,SPAM,,0.99
Lễ tân như hạch,CHỬI BỚI,,0.7427
"Nhà vệ sinh lừa đảo, bóc phốt ngay",KÍCH ĐỘNG,,0.916
"Con mụ chủ lừa đảo, gian dối ngay",KÍCH ĐỘNG,,0.9838
Anh chủ rất xuất sắc nhé,SẠCH,,0.9902
"Tuyển dụng việc nhẹ, ib zalo 0996912891",SPAM,,0.9997
Bác bảo vệ tương đối tiện lợi ạ,SẠCH,,0.9893
Truy cập http://soicau85.com xem hàng,SPAM,,0.9905
Truy cập http://vay14.com xem hàng,SPAM,,0.9907
Chị lễ tân đặc biệt ấm cúng.,SẠCH,,0.9858
Khách sạn thực sự dễ thương ^^,SẠCH,,0.9943
Hệ thống ngu như chó,CHỬI BỚI,,0.6475
Khách sạn phục vụ như cc,CHỬI BỚI,,0.964
khốn nạn Món ăn dẹp tiệm đi,CHỬI BỚI,,0.9039
CSKH ngu như shit,CHỬI BỚI,,0.9787
Nhà vệ sinh khá tận tâm :)),SẠCH,,0.993
"Khách sạn gian manh, kiện ngay",KÍCH ĐỘNG,,0.5458
"Điều hòa lừa đảo, tẩy chay ngay",KÍCH ĐỘNG,,0.8641
"CSKH gian manh, đòi lại tiền ngay",KÍCH ĐỘNG,,0.972
View tương đối sang chảnh <3,SẠCH,,0.9958
"Tuyển dụng làm online, ib zalo 0855918899",SPAM,,0.9997
Giường thực sự đẹp <3,SẠCH,,0.9947
Resort siêu sang chảnh!,SẠCH,,0.9892
tổ cha Nhà vệ sinh làm ăn chán đời,CHỬI BỚI,,0.8067
Đồ ăn đặc biệt tốt ạ,SẠCH,,0.9938
Phòng ốc khá chu đáo nhé,SẠCH,,0.9932
Con mụ chủ như bẹn,CHỬI BỚI,,0.9643
Mọi thứ đặc biệt ngon :)),SẠCH,,0.9951
Bữa sáng trông đẹp ạ,SẠCH,,0.995
Đồ ăn trông nhiệt tình nha,SẠCH,,0.9902
Giường thấy tiện lợi!,SẠCH,,0.9899
Truy cập http://vay80.com nhận khuyến mãi,SPAM,,0.9923
Bể bơi phải nói là đẳng cấp :)),SẠCH,,0.9381
Không gian khá thân thiện hihi,SẠCH,,0.9956
Cái chỗ này dở như cc,CHỬI BỚI,,0.5493
Nhà vệ sinh quá là sạch sẽ ^^,SẠCH,,0.9901
Con mụ chủ như l*n,CHỬI BỚI,,0.9739
Thằng quản lý làm ăn như bẹn,CHỬI BỚI,,0.9877
khốn nạn Phục vụ biến đi,CHỬI BỚI,,0.837
Bữa sáng nhìn đẹp.,SẠCH,,0.994
"Điều hòa gian manh, cạch mặt ngay",KÍCH ĐỘNG,,0.4925
Con mụ chủ làm ăn như l*n,CHỬI BỚI,,0.9864
"Con mụ chủ lừa đảo, đòi lại tiền ngay",KÍCH ĐỘNG,,0.9674
Ban công vô cùng nhiệt tình <3,SẠCH,,0.9958
Nhà vệ sinh nhìn như hạch,CHỬI BỚI,,0.8737
Nhà vệ sinh tương đối đẹp nha,SẠCH,,0.9939
Chị lễ tân nhìn đáng tiền :)),SẠCH,,0.9903
mất dạy Điều hòa ngu không tả được,CHỬI BỚI,,0.9441
Hỗ trợ 0677844247 để kết bạn,SPAM,,0.7748
Cách bài trí rất tiện lợi hihi,SẠCH,,0.9937
Đồ ăn phải nói là tận tâm.,SẠCH,,0.9194
vcl CSKH ngu không tả được,CHỬI BỚI,,0.9271
Món ăn phục vụ như bò,CHỬI BỚI,,0.5489
tiên sư Chủ shop làm ăn chán đời,CHỬI BỚI,,0.5706
Ship hàng như lợn,CHỬI BỚI,,0.7078
Bữa sáng khá tiện lợi :)),SẠCH,,0.9949
bố láo Wifi ngu không tả được,CHỬI BỚI,,0.9885
Hotline 0869297834 để tư vấn,SPAM,,0.9108
Vị trí trông sang chảnh thực sự,SẠCH,,0.9922
Không gian thực sự tiện lợi <3,SẠCH,,0.9952
Nhà vệ sinh đặc biệt xuất sắc.,SẠCH,,0.9778
Bọn nhân viên ngu như bò,CHỬI BỚI,,0.9912
Anh chủ tương đối tuyệt vời!,SẠCH,,0.9895
Khách sạn trông nhanh nhẹn :)),SẠCH,,0.9627
Khách sạn rất ok :)),SẠCH,,0.9947
Tư vấn 0481058068 để tư vấn,SPAM,,0.8419
Thái độ phục vụ phải nói là nhanh nhẹn nhé,SẠCH,,0.981
Phục vụ phục vụ như c*c,CHỬI BỚI,,0.9664
Resort vô cùng rộng rãi hihi,SẠCH,,0.9951
Anh chủ cảm thấy tiện lợi!,SẠCH,,0.9911
ngu vãi Nhà vệ sinh ngu không tả được,CHỬI BỚI,,0.9242
Bể bơi rất sạch sẽ hihi,SẠCH,,0.988
"Điều hòa tráo trở, báo công an ngay",KÍCH ĐỘNG,,0.9703
Wifi rất rộng rãi ạ,SẠCH,,0.9927
chó chết Chủ shop ngu không tả được,CHỬI BỚI,,0.7733
Ship hàng bẩn như hạch,CHỬI BỚI,,0.7604
Bọn nhân viên dở như lợn,CHỬI BỚI,,0.984
Zalo 0727107068 để nhận quà,SPAM,,0.9524
Không gian thực sự ngon.,SẠCH,,0.9857
"Tuyển dụng làm online, ib zalo 0377009560",SPAM,,0.9997
"Tuyển dụng việc nhẹ, ib zalo 0330386803",SPAM,,0.9997
Thái độ tệ như đầu bùi,CHỬI BỚI,,0.6842
tiên sư Điều hòa biến đi,CHỬI BỚI,,0.9955
Truy cập http://sex78.com xem hàng,SPAM,,0.9751
Mọi thứ phải nói là sang chảnh lắm luôn,SẠCH,,0.9909
Nhân viên cảm thấy chuyên nghiệp nha,SẠCH,,0.9755
Nhắn tin 0711744572 để kết bạn,SPAM,,0.9901
chó chết Con mụ chủ biến đi,CHỬI BỚI,,0.9309
Truy cập http://sex80.com xem hàng,SPAM,,0.9706
"Tuyển dụng việc nhẹ, ib zalo 0791087488",SPAM,,0.9997
Đồ ăn rất ngon nha,SẠCH,,0.9954
Resort phải nói là đáng tiền :)),SẠCH,,0.9917
Bữa sáng phải nói là chuyên nghiệp!,SẠCH,,0.9934
Giường rất xịn sò <3,SẠCH,,0.9762
"Lễ tân gian manh, cạch mặt ngay",KÍCH ĐỘNG,,0.5273
bố láo Nhà vệ sinh dẹp tiệm đi,CHỬI BỚI,,0.704
Resort thực sự dễ thương.,SẠCH,,0.9957
bố láo Hệ thống làm ăn chán đời,CHỬI BỚI,,0.9655
Giường phải nói là sang chảnh :)),SẠCH,,0.9856
chó chết Phục vụ biến đi,CHỬI BỚI,,0.8468
Phục vụ như chó,CHỬI BỚI,,0.9423
"Khách sạn lừa đảo, gian dối ngay",KÍCH ĐỘNG,,0.9437
Ib ngay 0836450932 để tư vấn,SPAM,,0.9849
Dịch vụ đặc biệt ấm cúng ^^,SẠCH,,0.9921
Dịch vụ ngu như bẹn,CHỬI BỚI,,0.8307
"CSKH gian manh, làm ăn bố láo ngay",KÍCH ĐỘNG,,0.9894
Chủ shop thối như đống phân,CHỬI BỚI,,0.6064
"Tuyển dụng việc nhẹ, ib zalo 0578403821",SPAM,,0.9997
Vị trí khá nhiệt tình hihi,SẠCH,,0.995
Chị lễ tân phải nói là tiện lợi nhé,SẠCH,,0.9878
Trải nghiệm quá là ấm cúng ^^,SẠCH,,0.9913
Dịch vụ hãm lờ,CHỬI BỚI,,0.8924
"Bọn nhân viên tráo trở, tránh xa ngay",KÍCH ĐỘNG,,0.9059
Thái độ phục vụ siêu thơm tho.,SẠCH,,0.9859
Dịch vụ phục vụ như cứt,CHỬI BỚI,,0.8863
"Tuyển dụng làm online, ib zalo 0447435007",SPAM,,0.9997
Đồ ăn trông thơm tho ^^,SẠCH,,0.9762
Mọi người tẩy chay cái cái bọn lừa đảo này nhé,KÍCH ĐỘNG,,0.9881
Bể bơi cực kỳ xịn sò!,SẠCH,,0.8444
Quán này nhìn như cứt,CHỬI BỚI,,0.7004
Wifi cực kỳ đáng tiền thực sự,SẠCH,,0.9903
khốn nạn Cách làm ăn làm ăn chán đời,CHỬI BỚI,,0.9147
Khách sạn tương đối đáng tiền ^^,SẠCH,,0.9618
Nhân viên cực kỳ rộng rãi <3,SẠCH,,0.9516
Vị trí cực kỳ hài lòng :)),SẠCH,,0.9949
Ib ngay 0837144952 để vay vốn,SPAM,,0.999
mất dạy Khách sạn biến đi,CHỬI BỚI,,0.5376
Liên hệ 0754115766 để vay vốn,SPAM,,0.9983
Tiện nghi siêu ok lắm luôn,SẠCH,,0.9927
Thái độ nhìn như lợn,CHỬI BỚI,,0.7997
Dịch vụ siêu nhanh nhẹn lắm luôn,SẠCH,,0.9781
Bể bơi cảm thấy đẳng cấp :)),SẠCH,,0.9901
Cách làm ăn bẩn như bẹn,CHỬI BỚI,,0.8975
"Thằng quản lý lừa đảo, gian dối ngay",KÍCH ĐỘNG,,0.9822
Dịch vụ tệ như lợn,CHỬI BỚI,,0.9244
Truy cập http://bet74.com nhận khuyến mãi,SPAM,,0.9986
"Tuyển dụng việc nhẹ, ib zalo 0562108218",SPAM,,0.9997
Wifi phục vụ như bẹn,CHỬI BỚI,,0.9251
Wifi bẩn như c*c,CHỬI BỚI,,0.9468
Ib ngay 0360574096 để kết bạn,SPAM,,0.9875
Con cún nhà này cưng xỉu ghê,SẠCH,,0.5663
"Thái độ tráo trở, gian dối ngay",KÍCH ĐỘNG,,0.9087
Lễ tân phục vụ như bẹn,CHỬI BỚI,,0.8862
Nhà vệ sinh thấy ngon nhé,SẠCH,,0.9802
"Chủ shop lừa đảo, báo công an ngay",KÍCH ĐỘNG,,0.6236
Wifi bẩn như bò,CHỬI BỚI,,0.6288
Tiện nghi vô cùng ok ^^,SẠCH,,0.987
bố láo Chủ shop ngu không tả được,CHỬI BỚI,,0.9874
Liên hệ 0694360345 để nhận quà,SPAM,,0.9676
Con cún của chủ quán đáng yêu lắm,SẠCH,,0.8798
Alo 0880449902 để kết bạn,SPAM,,0.9935
Trải nghiệm thực sự xịn sò lắm luôn,SẠCH,,0.7838
Trải nghiệm trông thoáng mát.,SẠCH,,0.9802
Giường khá xuất sắc lắm luôn,SẠCH,,0.9941
"Bọn nhân viên gian manh, bóc phốt ngay",KÍCH ĐỘNG,,0.9822
Truy cập http://sex14.com nhận 100k,SPAM,,0.9663
Dịch vụ hơi bị thoáng mát nha,SẠCH,,0.966
mất dạy Cách làm ăn làm ăn chán đời,CHỬI BỚI,,0.8584
"Tuyển dụng làm online, ib zalo 0720097238",SPAM,,0.9997
Lễ tân dở như rác rưởi,CHỬI BỚI,,0.8626
Thái độ thối như rác rưởi,CHỬI BỚI,,0.9182
Truy cập http://bet36.com nhận 100k,SPAM,,0.9426
"Dịch vụ lừa đảo, dối trá ngay",KÍCH ĐỘNG,,0.9357
Nhà vệ sinh nhìn thơm tho ^^,SẠCH,,0.9891
"Tuyển dụng việc nhẹ, ib zalo 0654524201",SPAM,,0.9997
Ad ơi mấy giờ mở cửa?,SẠCH,,0.9549
Giường thực sự chu đáo :)),SẠCH,,0.9954
View trông đẳng cấp thực sự,SẠCH,,0.9918
"Tuyển dụng làm online, ib zalo 0751499072",SPAM,,0.9997
Cô lao công thực sự chill!,SẠCH,,0.9889
Ib ngay 0968826979 để vay vốn,SPAM,,0.9991
óc chó Quán này biến đi,CHỬI BỚI,,0.9849
Tư vấn 0382942544 để kết bạn,SPAM,,0.5993
"Ship hàng gian manh, dối trá ngay",KÍCH ĐỘNG,,0.9218
óc chó Hệ thống dẹp tiệm đi,CHỬI BỚI,,0.9651
Phục vụ phục vụ như rác rưởi,CHỬI BỚI,,0.6243
Tiện nghi cực kỳ đẳng cấp ạ,SẠCH,,0.9881
Thái độ phục vụ cảm thấy nhanh nhẹn hihi,SẠCH,,0.9849
Dịch vụ quá là đẹp!,SẠCH,,0.9921
Khách sạn trông chill lắm luôn,SẠCH,,0.9938
"Thằng quản lý tráo trở, đòi lại tiền ngay",KÍCH ĐỘNG,,0.9552
Phòng ốc khá yên tĩnh thực sự,SẠCH,,0.992
Vị trí hơi bị lung linh hihi,SẠCH,,0.9846
Lễ tân dở như cứt,CHỬI BỚI,,0.6385
Con cún của chủ quán dễ thương lắm,SẠCH,,0.815
Quán này như lồn,CHỬI BỚI,,0.7919
Chủ shop phục vụ như bẹn,CHỬI BỚI,,0.9088
"Món ăn gian manh, tránh xa ngay",KÍCH ĐỘNG,,0.6379
Không gian rất yên tĩnh thực sự,SẠCH,,0.9947
Con mụ chủ chán như shit,CHỬI BỚI,,0.9875
Nhà vệ sinh tệ như chó,CHỬI BỚI,,0.9265
Anh chủ thực sự rộng rãi lắm luôn,SẠCH,,0.9832
Nhà vệ sinh quá là đáng tiền.,SẠCH,,0.9821
Vị trí thấy chu đáo ạ,SẠCH,,0.9925
Mọi người kiện cái quán này nhé,KÍCH ĐỘNG,,0.9796
Thái độ chán như cc,CHỬI BỚI,,0.555
"Tuyển dụng làm online, ib zalo 0546480792",SPAM,,0.9997
View cực kỳ thoáng mát ạ,SẠCH,,0.9948
"Tuyển dụng việc nhẹ, ib zalo 0575372251",SPAM,,0.9997
Resort nhìn chill thực sự,SẠCH,,0.9958
Chị lễ tân siêu ấm cúng ạ,SẠCH,,0.9886
Cách làm ăn nhìn như cc,CHỬI BỚI,,0.9129
Alo 0466513846 để vay vốn,SPAM,,0.9959
Truy cập http://bet93.com xem hàng,SPAM,,0.9957
"CSKH gian manh, đừng mua ngay",KÍCH ĐỘNG,,0.8681
Dịch vụ siêu tốt hihi,SẠCH,,0.9928
Anh chủ phải nói là xuất sắc!,SẠCH,,0.9754
Mọi thứ hơi bị đẹp <3,SẠCH,,0.996
Trải nghiệm quá là thơm tho nha,SẠCH,,0.9958
Tiện nghi thấy tốt!,SẠCH,,0.9826
Quán này tệ như cc,CHỬI BỚI,,0.7881
Đồ ăn đặc biệt tiện lợi.,SẠCH,,0.9856
Cô lao công quá là yên tĩnh.,SẠCH,,0.9739
Đồ ăn hơi bị chuyên nghiệp ạ,SẠCH,,0.9358
Mọi thứ cảm thấy xịn sò nha,SẠCH,,0.7077
ngu vãi Hệ thống biến đi,CHỬI BỚI,,0.9151
Resort thấy ổn áp <3,SẠCH,,0.9959
khốn nạn CSKH dẹp tiệm đi,CHỬI BỚI,,0.716
tiên sư Phục vụ ngu không tả được,CHỬI BỚI,,0.9352
"Quán này lừa đảo, đòi lại tiền ngay",KÍCH ĐỘNG,,0.801
Liên hệ 0544666364 để tư vấn,SPAM,,0.9384
Bác bảo vệ nhìn thơm tho!,SẠCH,,0.9491
Khách sạn cực kỳ đẳng cấp <3,SẠCH,,0.9946
bố láo Phục vụ ngu không tả được,CHỬI BỚI,,0.9909
Bể bơi khá nhiệt tình nhé,SẠCH,,0.9883
Call 0917827455 để tư vấn,SPAM,,0.9801
Cái chỗ này như lợn,CHỬI BỚI,,0.9337
Wifi tương đối đẹp nha,SẠCH,,0.9954
"Tuyển dụng làm online, ib zalo 0750485218",SPAM,,0.9997
Chủ quán hơi bị tận tâm!,SẠCH,,0.7574
Tiện nghi thấy yên tĩnh :)),SẠCH,,0.9862
chó chết Thằng quản lý làm ăn chán đời,CHỬI BỚI,,0.9456
Truy cập http://vay90.com xem hàng,SPAM,,0.9903
Dịch vụ chán như chó,CHỬI BỚI,,0.9647
Tiện nghi vô cùng xuất sắc hihi,SẠCH,,0.9941
Cái chỗ này nhìn như bò,CHỬI BỚI,,0.6228
Nhân viên cảm thấy nhiệt tình ^^,SẠCH,,0.9424
Liên hệ 0589282434 để nhận quà,SPAM,,0.9859
CSKH tệ như bò,CHỬI BỚI,,0.9663
Nước nóng cảm thấy tốt ^^,SẠCH,,0.9863
Giường đặc biệt ngon hihi,SẠCH,,0.9921
Truy cập http://sex75.com nhận khuyến mãi,SPAM,,0.7999
Không gian hơi bị tuyệt vời nha,SẠCH,,0.9953
Chị lễ tân phải nói là đẳng cấp ạ,SẠCH,,0.9804
tiên sư Lễ tân ngu không tả được,CHỬI BỚI,,0.9869
Bữa sáng vô cùng xịn sò.,SẠCH,,0.9582
Nhắn tin 0423103420 để nhận quà,SPAM,,0.9932
Anh chủ đặc biệt thoáng mát ạ,SẠCH,,0.991
Truy cập http://vay27.com xem hàng,SPAM,,0.9901
"Tuyển dụng việc nhẹ, ib zalo 0933291920",SPAM,,0.9997
Truy cập http://bet42.com xem hàng,SPAM,,0.9924
Bữa sáng thấy chu đáo lắm luôn,SẠCH,,0.9927
Wifi khá ok lắm luôn,SẠCH,,0.995
Dịch vụ rất đáng tiền thực sự,SẠCH,,0.9376
Vị trí cảm thấy chuyên nghiệp thực sự,SẠCH,,0.9925
Chị lễ tân khá nhiệt tình thực sự,SẠCH,,0.9864
Chủ quán nhìn chill ạ,SẠCH,,0.9877
Zalo 0314400475 để vay vốn,SPAM,,0.9996
Thằng quản lý như cứt,CHỬI BỚI,,0.9908
chó chết Dịch vụ dẹp tiệm đi,CHỬI BỚI,,0.9432
Bữa sáng thực sự xuất sắc!,SẠCH,,0.9947
Resort rất tận tâm :)),SẠCH,,0.9957
Wifi rất ok ^^,SẠCH,,0.9954
Cô lao công đặc biệt xuất sắc <3,SẠCH,,0.9891
Điều hòa thối như bẹn,CHỬI BỚI,,0.7994
View cực kỳ xuất sắc lắm luôn,SẠCH,,0.9949
Dịch vụ nhìn như shit,CHỬI BỚI,,0.6937
"Tuyển dụng làm online, ib zalo 0489740996",SPAM,,0.9997
Cô lao công hơi bị ngon nha,SẠCH,,0.9686
"Tuyển dụng làm online, ib zalo 0833173816",SPAM,,0.9997
Wifi trông thoáng mát.,SẠCH,,0.988
"Ship hàng lừa đảo, treo đầu dê bán thịt chó ngay",KÍCH ĐỘNG,,0.9266
Ban công phải nói là tốt nhé,SẠCH,,0.9953
Điều hòa cảm thấy đẹp lắm luôn,SẠCH,,0.9958
Anh chủ đặc biệt ngon :)),SẠCH,,0.9935
Mọi người ơi có chỗ đậu xe không?,SẠCH,,0.9829
Ship hàng dở như c*c,CHỬI BỚI,,0.9731
"Tuyển dụng việc nhẹ, ib zalo 0378077748",SPAM,,0.9997
"Tuyển dụng làm online, ib zalo 0977256891",SPAM,,0.9997
Bác bảo vệ siêu xuất sắc nha,SẠCH,,0.9847
"Tuyển dụng việc nhẹ, ib zalo 0737838675",SPAM,,0.9997
Phục vụ bẩn như bẹn,CHỬI BỚI,,0.9384
Con mụ chủ nhìn như c*c,CHỬI BỚI,,0.9756
ngu vãi Cái chỗ này dẹp tiệm đi,CHỬI BỚI,,0.9105
"Lễ tân tráo trở, treo đầu dê bán thịt chó ngay",KÍCH ĐỘNG,,0.6571
bố láo Món ăn làm ăn chán đời,CHỬI BỚI,,0.7274
Ban công hơi bị đẳng cấp nhé,SẠCH,,0.9803
mẹ kiếp Cách làm ăn dẹp tiệm đi,CHỬI BỚI,,0.7642
Truy cập http://sex42.com xem hàng,SPAM,,0.9736
Truy cập http://vay63.com nhận 100k,SPAM,,0.9862
khốn nạn Món ăn làm ăn chán đời,CHỬI BỚI,,0.9351
Con cún nhà này lanh lợi lắm,SẠCH,,0.6526
Cách bài trí thấy chill :)),SẠCH,,0.9956
"Lễ tân tráo trở, cạch mặt ngay",KÍCH ĐỘNG,,0.7533
Cách bài trí thực sự đáng tiền ạ,SẠCH,,0.9906
"Dịch vụ gian manh, làm ăn bố láo ngay",KÍCH ĐỘNG,,0.5387
ngu vãi Quán này ngu không tả được,CHỬI BỚI,,0.6711
Ship hàng thối như quần què,CHỬI BỚI,,0.9689
Cách làm ăn như chó,CHỬI BỚI,,0.9076
View rất thân thiện thực sự,SẠCH,,0.9957
Bác bảo vệ tương đối ok ^^,SẠCH,,0.9719
"Tuyển dụng làm online, ib zalo 0720131464",SPAM,,0.9997
Giường siêu thơm tho lắm luôn,SẠCH,,0.9941
Đồ ăn thấy tận tâm nha,SẠCH,,0.9938
Tiện nghi khá xuất sắc ạ,SẠCH,,0.9901
Zalo 0935382154 để tư vấn,SPAM,,0.5658
Truy cập http://vay61.com nhận khuyến mãi,SPAM,,0.9922
Nhắn tin 0937819512 để vay vốn,SPAM,,0.9812
Hỗ trợ 0844143399 để tư vấn,SPAM,,0.8923
Phòng ốc phải nói là tốt nhé,SẠCH,,0.9894
Dịch vụ nhìn sang chảnh ạ,SẠCH,,0.9917
"Tuyển dụng việc nhẹ, ib zalo 0592450766",SPAM,,0.9997
Trải nghiệm nhìn chill <3,SẠCH,,0.9954
Cách làm ăn thối như bò,CHỬI BỚI,,0.9441
Cái chỗ này bẩn như shit,CHỬI BỚI,,0.7683
Mọi thứ đặc biệt hài lòng ạ,SẠCH,,0.9958
Mọi người treo đầu dê bán thịt chó cái shop này nhé,KÍCH ĐỘNG,,0.7391
Cách làm ăn như cặc,CHỬI BỚI,,0.9531
Hệ thống làm ăn như shit,CHỬI BỚI,,0.5993
Ban công quá là yên tĩnh thực sự,SẠCH,,0.9956
Khách sạn khá chill nhé,SẠCH,,0.9953
Truy cập http://bet92.com nhận 100k,SPAM,,0.9145
mẹ kiếp Hệ thống dẹp tiệm đi,CHỬI BỚI,,0.843
"Tuyển dụng việc nhẹ, ib zalo 0781030475",SPAM,,0.9997
Hệ thống vãi đái,CHỬI BỚI,,0.9675
"Nhà vệ sinh lừa đảo, đòi lại tiền ngay",KÍCH ĐỘNG,,0.6507
Liên hệ 0465117085 để nhận quà,SPAM,,0.9769
Cô lao công cảm thấy tận tâm!,SẠCH,,0.98
Ban công quá là tuyệt vời ^^,SẠCH,,0.9958
Nhà vệ sinh đặc biệt thoáng mát <3,SẠCH,,0.994
Chị lễ tân cảm thấy sang chảnh lắm luôn,SẠCH,,0.9895
"CSKH lừa đảo, tránh xa ngay",KÍCH ĐỘNG,,0.9462
Dịch vụ thấy sang chảnh nha,SẠCH,,0.9942
Khách sạn ngu như lợn,CHỬI BỚI,,0.7889
ngu vãi Lễ tân làm ăn chán đời,CHỬI BỚI,,0.6449
Cách làm ăn phục vụ như c*c,CHỬI BỚI,,0.9606
Điều hòa nhìn như l*n,CHỬI BỚI,,0.8097
Không gian thấy lung linh!,SẠCH,,0.9922
"Tuyển dụng việc nhẹ, ib zalo 0587764462",SPAM,,0.9997
Chủ shop làm ăn như rác rưởi,CHỬI BỚI,,0.8616
"Tuyển dụng làm online, ib zalo 0623292193",SPAM,,0.9997
Tiện nghi khá chuyên nghiệp lắm luôn,SẠCH,,0.9912
Phục vụ dở như đầu bùi,CHỬI BỚI,,0.5434
"Cái chỗ này lừa đảo, cẩn thận bị lừa ngay",KÍCH ĐỘNG,,0.8074
"Tuyển dụng việc nhẹ, ib zalo 0519123373",SPAM,,0.9997
Lễ tân thối như quần què,CHỬI BỚI,,0.9247
Chủ shop nhìn như lợn,CHỬI BỚI,,0.5131
Không gian thực sự nhanh nhẹn :)),SẠCH,,0.9919
Wifi thực sự ổn áp ^^,SẠCH,,0.9949
Bác bảo vệ trông đáng tiền hihi,SẠCH,,0.9858
Bể bơi phải nói là sạch sẽ nhé,SẠCH,,0.9369
Anh chủ khá xuất sắc thực sự,SẠCH,,0.9909
"Con mụ chủ lừa đảo, làm ăn bố láo ngay",KÍCH ĐỘNG,,0.9889
"Tuyển dụng việc nhẹ, ib zalo 0469454912",SPAM,,0.9997
Truy cập http://vay67.com xem hàng,SPAM,,0.9921
Không gian phải nói là rộng rãi ạ,SẠCH,,0.9645
bố láo Thằng quản lý ngu không tả được,CHỬI BỚI,,0.9924
Phục vụ thối như c*c,CHỬI BỚI,,0.9299
Chị lễ tân trông đẹp hihi,SẠCH,,0.9933
Điều hòa vô cùng chill <3,SẠCH,,0.995
Bác bảo vệ hơi bị tốt nha,SẠCH,,0.9752
Dịch vụ thối hoắc,CHỬI BỚI,,0.5602
Tư vấn 0473552222 để nhận quà,SPAM,,0.903
Wifi thối như quần què,CHỬI BỚI,,0.9609
Bọn nhân viên ngu như l*n,CHỬI BỚI,,0.9915
đm Hệ thống ngu không tả được,CHỬI BỚI,,0.938
Nhà vệ sinh tương đối nhanh nhẹn!,SẠCH,,0.9579
Ship hàng chán như cứt,CHỬI BỚI,,0.9188
Truy cập http://bet54.com nhận khuyến mãi,SPAM,,0.998
bố láo CSKH biến đi,CHỬI BỚI,,0.9833
đéo Khách sạn ngu không tả được,CHỬI BỚI,,0.8519
Nhà vệ sinh đặc biệt xuất sắc nha,SẠCH,,0.9916
Wifi hơi bị ngon nha,SẠCH,,0.9942
"Tuyển dụng làm online, ib zalo 0661630183",SPAM,,0.9996
Chủ quán phải nói là tiện lợi thực sự,SẠCH,,0.9879
Bác bảo vệ thấy đẳng cấp <3,SẠCH,,0.9829
Đồ ăn nhìn chill ^^,SẠCH,,0.9859
Phục vụ làm ăn như shit,CHỬI BỚI,,0.933
Mọi người tẩy chay cái quán này nhé,KÍCH ĐỘNG,,0.7993
Chị lễ tân khá hài lòng ^^,SẠCH,,0.9935
Chủ quán đặc biệt ổn áp nhé,SẠCH,,0.9914
Trải nghiệm tương đối ổn áp lắm luôn,SẠCH,,0.993
Ship hàng láo toét,CHỬI BỚI,,0.908
Vị trí tương đối xịn sò :)),SẠCH,,0.8852
Resort rất thoáng mát!,SẠCH,,0.9942
"Cách làm ăn tráo trở, bóc phốt ngay",KÍCH ĐỘNG,,0.74
Alo 0364401417 để tư vấn,SPAM,,0.9774
Dịch vụ phải nói là chill lắm luôn,SẠCH,,0.9956
Thái độ thối như bò,CHỬI BỚI,,0.962
Đồ ăn nhìn đẳng cấp nha,SẠCH,,0.975
Khách sạn phục vụ như shit,CHỬI BỚI,,0.7269
Homestay nhìn ấm cúng nha,SẠCH,,0.992
"Tuyển dụng làm online, ib zalo 0950710423",SPAM,,0.9997
Nhân viên siêu yên tĩnh <3,SẠCH,,0.6956
Thằng quản lý như chó,CHỬI BỚI,,0.9658
Khách sạn quá là nhiệt tình lắm luôn,SẠCH,,0.9942
Phục vụ phục vụ như đầu bùi,CHỬI BỚI,,0.4704
Điều hòa thấy ngon thực sự,SẠCH,,0.9953
Con chó của chủ quán thông minh ghê,SẠCH,,0.8202
Vị trí tương đối thơm tho thực sự,SẠCH,,0.9934
Dịch vụ nhìn ổn áp :)),SẠCH,,0.9933
Điều hòa vô cùng thoáng mát.,SẠCH,,0.9944
Chị lễ tân nhìn tiện lợi.,SẠCH,,0.9821
Dịch vụ thấy ấm cúng nhé,SẠCH,,0.9929
Bác bảo vệ đặc biệt sang chảnh :)),SẠCH,,0.9366
Homestay khá ok thực sự,SẠCH,,0.9951
Cô lao công phải nói là nhiệt tình!,SẠCH,,0.8949
Truy cập http://bet54.com nhận 100k,SPAM,,0.9358
"Tuyển dụng làm online, ib zalo 0451489471",SPAM,,0.9997
Dịch vụ tương đối lung linh :)),SẠCH,,0.9958
khốn nạn Thái độ làm ăn chán đời,CHỬI BỚI,,0.9156
Con cún của chủ quán lanh lợi ghê,SẠCH,,0.4977
"Ship hàng lừa đảo, đừng mua ngay",KÍCH ĐỘNG,,0.5537
"Tuyển dụng làm online, ib zalo 0952245991",SPAM,,0.9996
Điều hòa đặc biệt tốt ^^,SẠCH,,0.9944
Hệ thống chán như rác rưởi,CHỬI BỚI,,0.8914
Nhà vệ sinh phải nói là đáng tiền nha,SẠCH,,0.9372
Khách sạn hơi bị thân thiện <3,SẠCH,,0.9941
đéo Con mụ chủ biến đi,CHỬI BỚI,,0.594
Thằng quản lý phục vụ như lợn,CHỬI BỚI,,0.9756
Món ăn dở như c*c,CHỬI BỚI,,0.9788
Trải nghiệm thấy xuất sắc hihi,SẠCH,,0.9936
"Điều hòa tráo trở, report ngay",KÍCH ĐỘNG,,0.9921
Đồ ăn phải nói là xịn sò nhé,SẠCH,,0.9575
Zalo 0779337026 để kết bạn,SPAM,,0.9618
Dịch vụ thực sự tiện lợi ^^,SẠCH,,0.8227
"Tuyển dụng làm online, ib zalo 0754067064",SPAM,,0.9996
"Khách sạn lừa đảo, kiện ngay",KÍCH ĐỘNG,,0.8979
Bữa sáng nhìn tốt <3,SẠCH,,0.9952
Món ăn làm ăn như đống phân,CHỬI BỚI,,0.9566
Anh em đừng bao giờ đến quán này,KÍCH ĐỘNG,,0.9808
Wifi cực kỳ đẹp nha,SẠCH,,0.9954
Wifi phải nói là đẹp nhé,SẠCH,,0.9917
Hệ thống hãm lờ,CHỬI BỚI,,0.846
Truy cập http://sex22.com nhận 100k,SPAM,,0.9583
"Phục vụ tráo trở, cạch mặt ngay",KÍCH ĐỘNG,,0.6405
Mọi người gian dối cái bọn này nhé,KÍCH ĐỘNG,,0.9898
Quán này chán như chó,CHỬI BỚI,,0.8266
Homestay tương đối chuyên nghiệp nhé,SẠCH,,0.9907
"Tuyển dụng việc nhẹ, ib zalo 0351165385",SPAM,,0.9997
tiên sư Khách sạn làm ăn chán đời,CHỬI BỚI,,0.7028
"Thái độ gian manh, kiện ngay",KÍCH ĐỘNG,,0.6919
Homestay đặc biệt nhanh nhẹn ^^,SẠCH,,0.9871
Mọi thứ vô cùng nhanh nhẹn nhé,SẠCH,,0.991
Không gian cực kỳ ổn áp nha,SẠCH,,0.9944
"Cách làm ăn lừa đảo, cạch mặt ngay",KÍCH ĐỘNG,,0.9989
"Ship hàng tráo trở, treo đầu dê bán thịt chó ngay",KÍCH ĐỘNG,,0.886
Thái độ dở như chó,CHỬI BỚI,,0.9334
Con cún của chủ quán hiền khô quá,SẠCH,,0.6688
"Dịch vụ gian manh, tránh xa ngay",KÍCH ĐỘNG,,0.5331
"Tuyển dụng làm online, ib zalo 0368017006",SPAM,,0.9997
"Hệ thống lừa đảo, tránh xa ngay",KÍCH ĐỘNG,,0.4392
Ib ngay 0730457546 để nhận quà,SPAM,,0.98
Cái chỗ này ngu như rác rưởi,CHỬI BỚI,,0.7501
Chủ shop bẩn như cứt,CHỬI BỚI,,0.518
Nhân viên tương đối lung linh hihi,SẠCH,,0.9582
Truy cập http://soicau76.com nhận khuyến mãi,SPAM,,0.9903
"Tuyển dụng việc nhẹ, ib zalo 0693946026",SPAM,,0.9997
Truy cập http://sex50.com nhận 100k,SPAM,,0.9575
"Tuyển dụng việc nhẹ, ib zalo 0790163827",SPAM,,0.9997
Ban công tương đối rộng rãi :)),SẠCH,,0.9941
"Tuyển dụng làm online, ib zalo 0762591333",SPAM,,0.9996
Zalo 0540530426 để vay vốn,SPAM,,0.9995
bố láo Dịch vụ biến đi,CHỬI BỚI,,0.7859
Nước nóng vô cùng nhanh nhẹn thực sự,SẠCH,,0.9924
Điều hòa tương đối ok <3,SẠCH,,0.9942
Wifi bẩn như hạch,CHỬI BỚI,,0.7547
Ib ngay 0363863613 để nhận quà,SPAM,,0.9904
Vị trí khá ngon nhé,SẠCH,,0.9906
Alo 0527019668 để kết bạn,SPAM,,0.9919
Chủ quán vô cùng xuất sắc <3,SẠCH,,0.9922
Dịch vụ nhìn tiện lợi thực sự,SẠCH,,0.9363
"Phục vụ lừa đảo, báo công an ngay",KÍCH ĐỘNG,,0.5137
View siêu dễ thương thực sự,SẠCH,,0.9957
Thái độ phục vụ nhìn yên tĩnh nha,SẠCH,,0.9722
chó chết Thái độ biến đi,CHỬI BỚI,,0.7556
Thằng quản lý phục vụ như shit,CHỬI BỚI,,0.9745
Truy cập http://vay19.com nhận 100k,SPAM,,0.9846
Điều hòa làm ăn như đống phân,CHỬI BỚI,,0.9412
"Món ăn lừa đảo, report ngay",KÍCH ĐỘNG,,0.63
Chủ shop như c*c,CHỬI BỚI,,0.6731
Tiện nghi siêu chill <3,SẠCH,,0.9954
ngu vãi Thằng quản lý ngu không tả được,CHỬI BỚI,,0.9857
Truy cập http://sex98.com nhận khuyến mãi,SPAM,,0.9515
Tiện nghi quá là chu đáo hihi,SẠCH,,0.992
khốn nạn Dịch vụ ngu không tả được,CHỬI BỚI,,0.5494
Thái độ bẩn như hạch,CHỬI BỚI,,0.7989
Mọi người đừng mua cái bọn này nhé,KÍCH ĐỘNG,,0.9298
Quán này làm ăn như shit,CHỬI BỚI,,0.7868
Trải nghiệm phải nói là hài lòng hihi,SẠCH,,0.9946
Trải nghiệm thấy hài lòng :)),SẠCH,,0.9949
Chủ quán siêu rộng rãi ^^,SẠCH,,0.9431
"Tuyển dụng làm online, ib zalo 0462479631",SPAM,,0.9996
"Tuyển dụng làm online, ib zalo 0651375473",SPAM,,0.9996
mẹ kiếp Ship hàng biến đi,CHỬI BỚI,,0.7292
Phục vụ tệ như c*c,CHỬI BỚI,,0.887
Khách sạn cảm thấy yên tĩnh lắm luôn,SẠCH,,0.992
Thái độ phục vụ nhìn đáng tiền nha,SẠCH,,0.9892
Thằng quản lý như rác rưởi,CHỬI BỚI,,0.9773
Cô lao công đặc biệt thân thiện hihi,SẠCH,,0.976
"Tuyển dụng làm online, ib zalo 0566716457",SPAM,,0.9997
Cả nhà đừng bao giờ đến quán này,KÍCH ĐỘNG,,0.9369
"Cái chỗ này tráo trở, kiện ngay",KÍCH ĐỘNG,,0.6097
Bể bơi cực kỳ tuyệt vời lắm luôn,SẠCH,,0.9913
Chị lễ tân đặc biệt chu đáo nha,SẠCH,,0.9877
"Nhà vệ sinh lừa đảo, report ngay",KÍCH ĐỘNG,,0.457
Bể bơi thấy hài lòng.,SẠCH,,0.9921
Anh chủ tương đối thoáng mát hihi,SẠCH,,0.9919
Homestay quá là xịn sò ạ,SẠCH,,0.4749
Khách sạn như l*n,CHỬI BỚI,,0.874
Tiện nghi thực sự ok <3,SẠCH,,0.9953
Phòng ốc nhìn xuất sắc :)),SẠCH,,0.9905
Cách làm ăn tệ như l*n,CHỬI BỚI,,0.5405
Wifi cảm thấy ngon nhé,SẠCH,,0.9953
vcl Dịch vụ làm ăn chán đời,CHỬI BỚI,,0.9791
mẹ kiếp Món ăn dẹp tiệm đi,CHỬI BỚI,,0.818
"Tuyển dụng việc nhẹ, ib zalo 0992757731",SPAM,,0.9997
đm Nhà vệ sinh làm ăn chán đời,CHỬI BỚI,,0.9524
Lễ tân nhìn như rác rưởi,CHỬI BỚI,,0.7223
CSKH như cc,CHỬI BỚI,,0.6662
Quán này dở như cc,CHỬI BỚI,,0.8836
Cách làm ăn dở như lợn,CHỬI BỚI,,0.8055
Quán này làm ăn như bẹn,CHỬI BỚI,,0.907
Con mèo của chủ quán dễ thương ghê,SẠCH,,0.9455
Điều hòa phục vụ như đống phân,CHỬI BỚI,,0.8592
Cả nhà tẩy chay gấp quán này,KÍCH ĐỘNG,,0.4094
Món ăn thối hoắc,CHỬI BỚI,,0.8096
Hệ thống như chó,CHỬI BỚI,,0.9544
vcl Phục vụ biến đi,CHỬI BỚI,,0.9738
Mọi thứ tương đối tuyệt vời lắm luôn,SẠCH,,0.995
Hỗ trợ 0953177234 để tư vấn,SPAM,,0.9042
Điều hòa siêu nhiệt tình!,SẠCH,,0.9941
Zalo 0824570455 để vay vốn,SPAM,,0.9996
Cái chỗ này nhìn như lợn,CHỬI BỚI,,0.8959
Nhà vệ sinh đặc biệt thoáng mát thực sự,SẠCH,,0.9914
"Tuyển dụng làm online, ib zalo 0438331406",SPAM,,0.9996
Cách bài trí tương đối đẳng cấp hihi,SẠCH,,0.9918
Vị trí trông ổn áp nha,SẠCH,,0.9945
View quá là sang chảnh <3,SẠCH,,0.9956
Homestay cảm thấy ngon :)),SẠCH,,0.9917
"Ship hàng tráo trở, gian dối ngay",KÍCH ĐỘNG,,0.8685
View phải nói là thoáng mát ^^,SẠCH,,0.9939
mẹ kiếp Lễ tân biến đi,CHỬI BỚI,,0.4902
Thái độ phục vụ thực sự hài lòng ^^,SẠCH,,0.9354
Phục vụ thối như bò,CHỬI BỚI,,0.5526
Nhà vệ sinh cảm thấy chu đáo nha,SẠCH,,0.9899
Truy cập http://bet30.com nhận khuyến mãi,SPAM,,0.999
"Tuyển dụng việc nhẹ, ib zalo 0755218389",SPAM,,0.9997
Chị lễ tân cảm thấy tận tâm <3,SẠCH,,0.9941
Bọn nhân viên nhìn như bò,CHỬI BỚI,,0.9791
Trải nghiệm cực kỳ hài lòng lắm luôn,SẠCH,,0.994
bố láo Wifi dẹp tiệm đi,CHỬI BỚI,,0.5718
Món ăn chán như chó,CHỬI BỚI,,0.96
Truy cập http://vay43.com nhận khuyến mãi,SPAM,,0.9921
Resort phải nói là tuyệt vời thực sự,SẠCH,,0.9951
Thằng quản lý dở như quần què,CHỬI BỚI,,0.9922
"Tuyển dụng việc nhẹ, ib zalo 0471530937",SPAM,,0.9997
tổ cha Nhà vệ sinh ngu không tả được,CHỬI BỚI,,0.9871
Giường rất đẳng cấp nhé,SẠCH,,0.9945
"Tuyển dụng làm online, ib zalo 0944114958",SPAM,,0.9997
Điều hòa phải nói là thoáng mát thực sự,SẠCH,,0.9937
Cô lao công đặc biệt tiện lợi lắm luôn,SẠCH,,0.9437
Bữa sáng siêu tuyệt vời hihi,SẠCH,,0.9953
khốn nạn Điều hòa biến đi,CHỬI BỚI,,0.6835
Cô lao công thực sự rộng rãi lắm luôn,SẠCH,,0.9028
Chủ quán quá là ổn áp ạ,SẠCH,,0.9926
Cô lao công khá sạch sẽ hihi,SẠCH,,0.9856
Quán này chán như lợn,CHỬI BỚI,,0.8751
Mọi người ơi giá bao nhiêu?,SẠCH,,0.9929
Khách sạn phải nói là thơm tho lắm luôn,SẠCH,,0.9899
Dịch vụ phải nói là tận tâm nhé,SẠCH,,0.9881
Thái độ dở như đầu bùi,CHỬI BỚI,,0.8592
Wifi như đống phân,CHỬI BỚI,,0.973
Điều hòa chán như rác rưởi,CHỬI BỚI,,0.876
vcl Cách làm ăn dẹp tiệm đi,CHỬI BỚI,,0.9791
"Tuyển dụng làm online, ib zalo 0575053058",SPAM,,0.9997
Nhân viên quá là lung linh thực sự,SẠCH,,0.9925
Đồ ăn rất hài lòng ạ,SẠCH,,0.9953
đm Món ăn biến đi,CHỬI BỚI,,0.9728
tiên sư Nhà vệ sinh làm ăn chán đời,CHỬI BỚI,,0.4222
Lễ tân ngu như bẹn,CHỬI BỚI,,0.9378
"Bọn nhân viên lừa đảo, báo công an ngay",KÍCH ĐỘNG,,0.9128
View quá là rộng rãi :)),SẠCH,,0.9951
Lễ tân dở như lợn,CHỬI BỚI,,0.857
"Wifi gian manh, dối trá ngay",KÍCH ĐỘNG,,0.9031
ngu vãi Wifi dẹp tiệm đi,CHỬI BỚI,,0.968
Mọi thứ rất ngon lắm luôn,SẠCH,,0.995
Đồ ăn rất tiện lợi nhé,SẠCH,,0.9938
Phục vụ bẩn thỉu,CHỬI BỚI,,0.864
Mọi thứ thấy yên tĩnh thực sự,SẠCH,,0.9901
chó chết Chủ shop dẹp tiệm đi,CHỬI BỚI,,0.8765
Homestay khá thoáng mát!,SẠCH,,0.9922
Con mèo nhà này lanh lợi quá,SẠCH,,0.5934
Khách sạn như shit,CHỬI BỚI,,0.9106
óc chó Điều hòa làm ăn chán đời,CHỬI BỚI,,0.9854
Món ăn làm ăn như hạch,CHỬI BỚI,,0.5286
"Tuyển dụng làm online, ib zalo 0567090836",SPAM,,0.9997
Dịch vụ cực kỳ nhanh nhẹn nha,SẠCH,,0.9092
Con mụ chủ phục vụ như chó,CHỬI BỚI,,0.9718
Dịch vụ cực kỳ sang chảnh ^^,SẠCH,,0.9898
Nhà vệ sinh hơi bị tuyệt vời nha,SẠCH,,0.9941
CSKH bẩn như cc,CHỬI BỚI,,0.9755
"Hệ thống gian manh, đòi lại tiền ngay",KÍCH ĐỘNG,,0.7402
Đồ ăn nhìn tuyệt vời :)),SẠCH,,0.9951
Mọi thứ cực kỳ sạch sẽ.,SẠCH,,0.9744
tổ cha Phục vụ dẹp tiệm đi,CHỬI BỚI,,0.4084
View cảm thấy chuyên nghiệp <3,SẠCH,,0.9956
Homestay nhìn ok thực sự,SẠCH,,0.9947
Trải nghiệm đặc biệt dễ thương thực sự,SẠCH,,0.9951
Dịch vụ quá là rộng rãi!,SẠCH,,0.9888
Truy cập http://soicau49.com xem hàng,SPAM,,0.9876
Món ăn ngu như đầu bùi,CHỬI BỚI,,0.6728
Truy cập http://sex43.com nhận 100k,SPAM,,0.9618
Zalo 0720768551 để kết bạn,SPAM,,0.9527
Wifi tương đối tốt lắm luôn,SẠCH,,0.9945
Nước nóng quá là xịn sò!,SẠCH,,0.9019
"Tuyển dụng làm online, ib zalo 0997182705",SPAM,,0.9997
Chủ quán rất tiện lợi.,SẠCH,,0.9812
Dịch vụ hơi bị yên tĩnh ^^,SẠCH,,0.8571
Trải nghiệm tương đối đẹp!,SẠCH,,0.9942
Tiện nghi trông ổn áp ^^,SẠCH,,0.9642
Điều hòa khá tiện lợi lắm luôn,SẠCH,,0.9941
Wifi chán như cứt,CHỬI BỚI,,0.8814
CSKH tệ như cc,CHỬI BỚI,,0.5222
"Con mụ chủ gian manh, lừa đảo ngay",KÍCH ĐỘNG,,0.99
View vô cùng dễ thương.,SẠCH,,0.9953
Bác bảo vệ thấy hài lòng thực sự,SẠCH,,0.9953
Các bạn đừng bao giờ đến lũ khốn này,KÍCH ĐỘNG,,0.9355
Phục vụ như quần què,CHỬI BỚI,,0.8966
"Tuyển dụng làm online, ib zalo 0552070113",SPAM,,0.9997
Hotline 0610936108 để tư vấn,SPAM,,0.9674
Cả nhà tẩy chay gấp cái bọn lừa đảo này,KÍCH ĐỘNG,,0.9885
Anh chủ trông tốt nha,SẠCH,,0.9885
Mọi thứ thấy đáng tiền :)),SẠCH,,0.9897
Chủ shop bẩn như bẹn,CHỬI BỚI,,0.6101
Cái chỗ này như rác rưởi,CHỬI BỚI,,0.8915
Bác bảo vệ nhìn rộng rãi!,SẠCH,,0.5407
"Thái độ gian manh, report ngay",KÍCH ĐỘNG,,0.706
Giường thấy chuyên nghiệp lắm luôn,SẠCH,,0.9926
Lễ tân thối như lợn,CHỬI BỚI,,0.8953
"Lễ tân tráo trở, tránh xa ngay",KÍCH ĐỘNG,,0.986
Lễ tân chán như chó,CHỬI BỚI,,0.9491
Bể bơi thấy xịn sò hihi,SẠCH,,0.9451
"Món ăn gian manh, report ngay",KÍCH ĐỘNG,,0.945
Bọn nhân viên thối như đầu bùi,CHỬI BỚI,,0.9912
"Tuyển dụng làm online, ib zalo 0786601040",SPAM,,0.9997
Khách sạn siêu ổn áp <3,SẠCH,,0.9916
Không gian thấy tận tâm :)),SẠCH,,0.9834
Chủ shop nhìn như bò,CHỬI BỚI,,0.7397
Mọi thứ cảm thấy ổn áp nhé,SẠCH,,0.9951
Truy cập http://sex30.com nhận khuyến mãi,SPAM,,0.9407
Chủ shop như bò,CHỬI BỚI,,0.9087
khốn nạn Quán này biến đi,CHỬI BỚI,,0.6093
Bọn nhân viên dở như c*c,CHỬI BỚI,,0.9851
Phục vụ như l*n,CHỬI BỚI,,0.9125
View tương đối thơm tho ạ,SẠCH,,0.9954
Khách sạn như c*c,CHỬI BỚI,,0.9293
Bác bảo vệ rất tận tâm nha,SẠCH,,0.9585
Không gian nhìn dễ thương thực sự,SẠCH,,0.9948
Con mụ chủ bẩn như chó,CHỬI BỚI,,0.986
"Chủ shop lừa đảo, kiện ngay",KÍCH ĐỘNG,,0.7177
"Thằng quản lý lừa đảo, báo công an ngay",KÍCH ĐỘNG,,0.9837
Chị lễ tân vô cùng hài lòng <3,SẠCH,,0.9947
Khách sạn trông thơm tho ^^,SẠCH,,0.9852
Thái độ bẩn như chó,CHỬI BỚI,,0.9488
"Bọn nhân viên tráo trở, kiện ngay",KÍCH ĐỘNG,,0.8233
Bể bơi thực sự thoáng mát.,SẠCH,,0.9773
"Chủ shop tráo trở, báo công an ngay",KÍCH ĐỘNG,,0.8432
Bể bơi nhìn tốt hihi,SẠCH,,0.9918
Chủ shop thối như lợn,CHỬI BỚI,,0.7553
Quán này phục vụ như quần què,CHỬI BỚI,,0.878
Cách làm ăn chán như đống phân,CHỬI BỚI,,0.9502
Mọi người dối trá cái bọn này nhé,KÍCH ĐỘNG,,0.9867
Nước nóng siêu yên tĩnh lắm luôn,SẠCH,,0.9895
Cô lao công nhìn ngon lắm luôn,SẠCH,,0.977
Không gian thực sự xuất sắc <3,SẠCH,,0.9961
"Thái độ tráo trở, lừa đảo ngay",KÍCH ĐỘNG,,0.8959
Ib ngay 0412767279 để kết bạn,SPAM,,0.9844
Hệ thống láo toét,CHỬI BỚI,,0.8904
Ship hàng tệ như quần què,CHỬI BỚI,,0.8538
"Cách làm ăn lừa đảo, kiện ngay",KÍCH ĐỘNG,,0.996
Anh chủ quá là hài lòng :)),SẠCH,,0.995
Vị trí trông ngon hihi,SẠCH,,0.984
Nhà vệ sinh thực sự thoáng mát <3,SẠCH,,0.994
Cái chỗ này như hạch,CHỬI BỚI,,0.7532
Anh chủ trông chill ^^,SẠCH,,0.9818
View cực kỳ rộng rãi ạ,SẠCH,,0.9942
Cách làm ăn bẩn như cứt,CHỬI BỚI,,0.6572
Bác bảo vệ siêu tận tâm <3,SẠCH,,0.9826
Bể bơi tương đối dễ thương nhé,SẠCH,,0.9923
"Tuyển dụng việc nhẹ, ib zalo 0472655140",SPAM,,0.9997
Điều hòa dơ dáy,CHỬI BỚI,,0.9177
Truy cập http://sex29.com nhận khuyến mãi,SPAM,,0.9432
Chủ quán tương đối sạch sẽ ạ,SẠCH,,0.9815
Cái chỗ này tệ như cc,CHỬI BỚI,,0.5555
Wifi siêu tốt <3,SẠCH,,0.9956
"Tuyển dụng việc nhẹ, ib zalo 0351241725",SPAM,,0.9997
"Thái độ tráo trở, kiện ngay",KÍCH ĐỘNG,,0.9
Giường tương đối nhanh nhẹn nha,SẠCH,,0.9742
Cô lao công siêu ấm cúng nhé,SẠCH,,0.9511
vcl Cái chỗ này dẹp tiệm đi,CHỬI BỚI,,0.9802
Mọi thứ quá là ấm cúng!,SẠCH,,0.9944
Bọn nhân viên như shit,CHỬI BỚI,,0.9797
Bữa sáng cực kỳ tiện lợi thực sự,SẠCH,,0.9951
Hệ thống nhìn như c*c,CHỬI BỚI,,0.9559
Con mụ chủ chán như quần què,CHỬI BỚI,,0.9846
"Tuyển dụng làm online, ib zalo 0692722404",SPAM,,0.9997
"Món ăn lừa đảo, đừng mua ngay",KÍCH ĐỘNG,,0.5227
Dịch vụ tệ như bẹn,CHỬI BỚI,,0.9652
Không gian phải nói là đẹp nha,SẠCH,,0.9883
"Tuyển dụng việc nhẹ, ib zalo 0440844252",SPAM,,0.9997
"Thằng quản lý tráo trở, cẩn thận bị lừa ngay",KÍCH ĐỘNG,,0.9728
"Tuyển dụng việc nhẹ, ib zalo 0424351138",SPAM,,0.9997
Bác bảo vệ vô cùng đẳng cấp hihi,SẠCH,,0.9853
Mọi thứ cực kỳ xịn sò.,SẠCH,,0.6167
Wifi dở như quần què,CHỬI BỚI,,0.9523
Truy cập http://soicau93.com nhận 100k,SPAM,,0.9854
Truy cập http://soicau54.com nhận 100k,SPAM,,0.9807
Nhà vệ sinh chán như bò,CHỬI BỚI,,0.6903
Chủ quán rất sạch sẽ!,SẠCH,,0.9673
"Tuyển dụng việc nhẹ, ib zalo 0961163814",SPAM,,0.9997
Con mụ chủ thối như l*n,CHỬI BỚI,,0.9872
Cách bài trí phải nói là sạch sẽ lắm luôn,SẠCH,,0.973
Cách bài trí quá là xịn sò thực sự,SẠCH,,0.4362
"Thái độ gian manh, bóc phốt ngay",KÍCH ĐỘNG,,0.7788
Hệ thống bẩn như quần què,CHỬI BỚI,,0.9128
Hỗ trợ 0661809253 để kết bạn,SPAM,,0.834
khốn nạn Thái độ biến đi,CHỬI BỚI,,0.9217
Wifi vô cùng ngon!,SẠCH,,0.995
Giường tương đối thoáng mát hihi,SẠCH,,0.9904
Cách làm ăn tệ như hạch,CHỬI BỚI,,0.4843
Điều hòa thực sự yên tĩnh <3,SẠCH,,0.9948
Phòng ốc thực sự tiện lợi ^^,SẠCH,,0.9442
"Tuyển dụng việc nhẹ, ib zalo 0887772279",SPAM,,0.9997
CSKH phục vụ như lợn,CHỬI BỚI,,0.8309
Con mụ chủ thối như bẹn,CHỬI BỚI,,0.9861
"Tuyển dụng việc nhẹ, ib zalo 0571470537",SPAM,,0.9997
đm Ship hàng làm ăn chán đời,CHỬI BỚI,,0.8806
"Tuyển dụng việc nhẹ, ib zalo 0492661406",SPAM,,0.9997
Hệ thống dở như cc,CHỬI BỚI,,0.922
"Tuyển dụng làm online, ib zalo 0438174410",SPAM,,0.9997
Hệ thống thối như bẹn,CHỬI BỚI,,0.7969
Nước nóng thực sự đẹp ạ,SẠCH,,0.9924
Thái độ chán như rác rưởi,CHỬI BỚI,,0.9505
Chủ quán phải nói là lung linh ^^,SẠCH,,0.9721
Cách bài trí nhìn thoáng mát :)),SẠCH,,0.9923
ngu vãi Khách sạn làm ăn chán đời,CHỬI BỚI,,0.8913
Chủ quán trông ấm cúng.,SẠCH,,0.9645
"Hệ thống lừa đảo, đòi lại tiền ngay",KÍCH ĐỘNG,,0.4692
Tiện nghi nhìn đáng tiền.,SẠCH,,0.9568
Dịch vụ nhìn như cứt,CHỬI BỚI,,0.8873
Bữa sáng trông tốt hihi,SẠCH,,0.9946
Món ăn làm ăn như đầu bùi,CHỬI BỚI,,0.6562
"Chủ shop lừa đảo, cạch mặt ngay",KÍCH ĐỘNG,,0.8855
Nhà vệ sinh đặc biệt nhiệt tình :)),SẠCH,,0.9923
Nhân viên hơi bị đẳng cấp ạ,SẠCH,,0.9251
đm Điều hòa dẹp tiệm đi,CHỬI BỚI,,0.9645
Lễ tân nhìn như shit,CHỬI BỚI,,0.5166
Hệ thống làm ăn như đầu bùi,CHỬI BỚI,,0.5223
Ban công cảm thấy lung linh lắm luôn,SẠCH,,0.996
Phòng ốc siêu đẳng cấp nha,SẠCH,,0.9533
Điều hòa hơi bị yên tĩnh nhé,SẠCH,,0.987
Hỗ trợ 0345060112 để vay vốn,SPAM,,0.9989
Quán này phục vụ như cc,CHỬI BỚI,,0.9362
Hệ thống thối như lợn,CHỬI BỚI,,0.8838
Quán này thối như bẹn,CHỬI BỚI,,0.7659
Truy cập http://soicau55.com nhận khuyến mãi,SPAM,,0.9905
Dịch vụ làm ăn như cứt,CHỬI BỚI,,0.8895
View siêu xuất sắc ạ,SẠCH,,0.9957
Nhắn tin 0515419430 để vay vốn,SPAM,,0.659
Khách sạn dở như bò,CHỬI BỚI,,0.5079
ngu vãi Món ăn làm ăn chán đời,CHỬI BỚI,,0.9504
"Thái độ lừa đảo, đòi lại tiền ngay",KÍCH ĐỘNG,,0.8173
Bể bơi thấy nhiệt tình ạ,SẠCH,,0.9929
"Tuyển dụng việc nhẹ, ib zalo 0328431095",SPAM,,0.9997
"Lễ tân lừa đảo, làm ăn bố láo ngay",KÍCH ĐỘNG,,0.7484
Vị trí khá rộng rãi.,SẠCH,,0.9635
Phục vụ bẩn như rác rưởi,CHỬI BỚI,,0.9088
mất dạy Phục vụ ngu không tả được,CHỬI BỚI,,0.9495
Con mèo nhà này dễ thương ghê,SẠCH,,0.9465
Truy cập http://bet59.com nhận 100k,SPAM,,0.9772
Giường thấy tuyệt vời lắm luôn,SẠCH,,0.9953
Ban công cực kỳ ổn áp nhé,SẠCH,,0.9958
Ship hàng dở như rác rưởi,CHỬI BỚI,,0.7196
Dịch vụ vô cùng đáng tiền thực sự,SẠCH,,0.9481
"Thằng quản lý lừa đảo, đừng mua ngay",KÍCH ĐỘNG,,0.9844
Chủ shop bẩn như lợn,CHỬI BỚI,,0.8178
Phòng ốc khá thoáng mát nhé,SẠCH,,0.99
"Tuyển dụng làm online, ib zalo 0322455114",SPAM,,0.9996
đm Cái chỗ này dẹp tiệm đi,CHỬI BỚI,,0.9544
Mọi người gian dối cái shop này nhé,KÍCH ĐỘNG,,0.7037
"Khách sạn gian manh, treo đầu dê bán thịt chó ngay",KÍCH ĐỘNG,,0.8433
khốn nạn Thái độ ngu không tả được,CHỬI BỚI,,0.5513
Bọn nhân viên tệ như bẹn,CHỬI BỚI,,0.9746
Ib ngay 0824572156 để kết bạn,SPAM,,0.9933
Điều hòa thối như lợn,CHỬI BỚI,,0.6338
"Tuyển dụng việc nhẹ, ib zalo 0835100128",SPAM,,0.9997
"Lễ tân tráo trở, cẩn thận bị lừa ngay",KÍCH ĐỘNG,,0.9355
vcl Con mụ chủ ngu không tả được,CHỬI BỚI,,0.9746
Bữa sáng đặc biệt tiện lợi thực sự,SẠCH,,0.9947
"Nhà vệ sinh tráo trở, kiện ngay",KÍCH ĐỘNG,,0.9724
Truy cập http://sex81.com nhận 100k,SPAM,,0.9761
Con chó nhà này cưng xỉu quá,SẠCH,,0.9908
Truy cập http://soicau92.com nhận khuyến mãi,SPAM,,0.9905
Truy cập http://vay94.com xem hàng,SPAM,,0.9917
View nhìn thoáng mát ạ,SẠCH,,0.9956
Điều hòa chán như cc,CHỬI BỚI,,0.9767
Phòng ốc cực kỳ đẳng cấp thực sự,SẠCH,,0.9911
"Chủ shop gian manh, cạch mặt ngay",KÍCH ĐỘNG,,0.8319
Cô lao công rất lung linh ^^,SẠCH,,0.9594
Chị lễ tân cực kỳ sạch sẽ lắm luôn,SẠCH,,0.9894
"Tuyển dụng việc nhẹ, ib zalo 0431024971",SPAM,,0.9997
Dịch vụ cực kỳ ổn áp.,SẠCH,,0.7031
Nước nóng cực kỳ thơm tho.,SẠCH,,0.9925
Mọi người báo công an cái shop này nhé,KÍCH ĐỘNG,,0.9571
Chị lễ tân cực kỳ chill ạ,SẠCH,,0.9932
Con mèo của chủ quán lanh lợi quá,SẠCH,,0.6397
Phục vụ làm ăn như c*c,CHỬI BỚI,,0.9673
Mọi thứ nhìn ấm cúng nhé,SẠCH,,0.9934
Ban công trông đẳng cấp!,SẠCH,,0.9896
Ban công khá đẹp ^^,SẠCH,,0.9952
Resort rất yên tĩnh lắm luôn,SẠCH,,0.9934
Tiện nghi phải nói là ok hihi,SẠCH,,0.9916
Đồ ăn nhìn ok :)),SẠCH,,0.9931
Không gian tương đối chu đáo ^^,SẠCH,,0.9272
"Khách sạn tráo trở, treo đầu dê bán thịt chó ngay",KÍCH ĐỘNG,,0.8568
Cách bài trí tương đối chuyên nghiệp!,SẠCH,,0.9905
óc chó Thằng quản lý biến đi,CHỬI BỚI,,0.9918
"Bọn nhân viên gian manh, kiện ngay",KÍCH ĐỘNG,,0.982
"Tuyển dụng làm online, ib zalo 0893619374",SPAM,,0.9996
đéo Thái độ dẹp tiệm đi,CHỬI BỚI,,0.9684
mẹ kiếp Con mụ chủ biến đi,CHỬI BỚI,,0.855
Con cún nhà này quấn người ghê,SẠCH,,0.4764
Lễ tân chán như cc,CHỬI BỚI,,0.9063
Thái độ phục vụ quá là rộng rãi!,SẠCH,,0.9767
Chủ shop như cc,CHỬI BỚI,,0.6731
tiên sư Dịch vụ dẹp tiệm đi,CHỬI BỚI,,0.8053
Thái độ dở như shit,CHỬI BỚI,,0.9265
Khách sạn trông lung linh nha,SẠCH,,0.9916
Điều hòa thực sự đẳng cấp :)),SẠCH,,0.9958
Truy cập http://vay39.com nhận khuyến mãi,SPAM,,0.9919
Resort trông chuyên nghiệp!,SẠCH,,0.9933
Trải nghiệm vô cùng đẳng cấp ạ,SẠCH,,0.9935
Lễ tân thối như bẹn,CHỬI BỚI,,0.9206
"Thằng quản lý lừa đảo, lừa đảo ngay",KÍCH ĐỘNG,,0.9718
Wifi ngu như c*c,CHỬI BỚI,,0.8706
Món ăn thối như bò,CHỬI BỚI,,0.8321
đéo Chủ shop biến đi,CHỬI BỚI,,0.963
đm Con mụ chủ làm ăn chán đời,CHỬI BỚI,,0.9843
Anh em tẩy chay gấp bọn này,KÍCH ĐỘNG,,0.8832
vcl Khách sạn biến đi,CHỬI BỚI,,0.979
Nhà vệ sinh rất dễ thương :)),SẠCH,,0.9951
Phục vụ dở như l*n,CHỬI BỚI,,0.8404
View thấy ngon!,SẠCH,,0.9919
Nước nóng phải nói là ok lắm luôn,SẠCH,,0.9713
Tiện nghi thực sự đẳng cấp :)),SẠCH,,0.9928
Mọi thứ rất thoáng mát nhé,SẠCH,,0.9956
Chủ shop ngu như shit,CHỬI BỚI,,0.9435
"Tuyển dụng làm online, ib zalo 0629774947",SPAM,,0.9997
Hệ thống bẩn như chó,CHỬI BỚI,,0.897
Wifi phục vụ như đống phân,CHỬI BỚI,,0.9623
Tư vấn 0644913346 để kết bạn,SPAM,,0.8714
View trông xuất sắc thực sự,SẠCH,,0.9953
Khách sạn chán như bò,CHỬI BỚI,,0.7775
Wifi đặc biệt xịn sò lắm luôn,SẠCH,,0.9289
Zalo 0556796850 để tư vấn,SPAM,,0.6748
"Tuyển dụng việc nhẹ, ib zalo 0352502783",SPAM,,0.9997
bố láo Cách làm ăn biến đi,CHỬI BỚI,,0.9628
Bác bảo vệ rất xuất sắc lắm luôn,SẠCH,,0.9726
"Cái chỗ này tráo trở, gian dối ngay",KÍCH ĐỘNG,,0.7651
Dịch vụ quá là tận tâm nha,SẠCH,,0.9864
chó chết Điều hòa biến đi,CHỬI BỚI,,0.7374
Vị trí vô cùng thơm tho lắm luôn,SẠCH,,0.9947
"Thái độ lừa đảo, treo đầu dê bán thịt chó ngay",KÍCH ĐỘNG,,0.9281
Điều hòa trông rộng rãi <3,SẠCH,,0.9954
óc chó Ship hàng ngu không tả được,CHỬI BỚI,,0.9857
Mọi người kiện cái lũ khốn này nhé,KÍCH ĐỘNG,,0.9758
Con mèo nhà này lanh lợi lắm,SẠCH,,0.5375
"Nhà vệ sinh gian manh, kiện ngay",KÍCH ĐỘNG,,0.7825
"Con mụ chủ tráo trở, cạch mặt ngay",KÍCH ĐỘNG,,0.9825
Không gian phải nói là đáng tiền lắm luôn,SẠCH,,0.8811
Bể bơi quá là dễ thương ạ,SẠCH,,0.9939
Wifi dở như cc,CHỬI BỚI,,0.979
Quán này thối như đống phân,CHỬI BỚI,,0.7327
Ban công siêu tiện lợi <3,SẠCH,,0.9941
Khách sạn siêu tận tâm hihi,SẠCH,,0.9925
CSKH làm ăn như đầu bùi,CHỬI BỚI,,0.9592
Ib ngay 0773398550 để tư vấn,SPAM,,0.9736
Truy cập http://vay57.com xem hàng,SPAM,,0.9899
Truy cập http://soicau88.com nhận 100k,SPAM,,0.9847
Truy cập http://soicau42.com nhận khuyến mãi,SPAM,,0.9899
mất dạy Thái độ dẹp tiệm đi,CHỬI BỚI,,0.799
Wifi phục vụ như rác rưởi,CHỬI BỚI,,0.6917
Phòng ốc thấy sạch sẽ ^^,SẠCH,,0.9852
Tiện nghi nhìn xịn sò ạ,SẠCH,,0.5751
Resort phải nói là xịn sò lắm luôn,SẠCH,,0.7608
Điều hòa quá là nhiệt tình ^^,SẠCH,,0.9955
CSKH nhìn như bò,CHỬI BỚI,,0.8716
Nước nóng thấy dễ thương.,SẠCH,,0.9864
Wifi dở như đống phân,CHỬI BỚI,,0.9442
Lễ tân như rác rưởi,CHỬI BỚI,,0.9271
Thái độ phục vụ siêu ngon thực sự,SẠCH,,0.9855
"Tuyển dụng việc nhẹ, ib zalo 0582055261",SPAM,,0.9997
Vị trí rất ok ạ,SẠCH,,0.9948
View tương đối tốt hihi,SẠCH,,0.9958
Nhà vệ sinh cực kỳ ổn áp :)),SẠCH,,0.9946
Mọi thứ thực sự lung linh.,SẠCH,,0.9952
Khách sạn như cc,CHỬI BỚI,,0.9293
"Chủ shop gian manh, bóc phốt ngay",KÍCH ĐỘNG,,0.8835
"Cái chỗ này lừa đảo, tránh xa ngay",KÍCH ĐỘNG,,0.61
Truy cập http://sex43.com nhận khuyến mãi,SPAM,,0.9617
Mọi thứ nhìn thơm tho :)),SẠCH,,0.9958
Mọi người đòi lại tiền cái shop này nhé,KÍCH ĐỘNG,,0.8886
Ban công thấy đẹp ạ,SẠCH,,0.9957
"Ship hàng tráo trở, dối trá ngay",KÍCH ĐỘNG,,0.8117
Resort nhìn nhanh nhẹn nha,SẠCH,,0.9927
Bể bơi trông hài lòng <3,SẠCH,,0.9954
Nước nóng thực sự thân thiện.,SẠCH,,0.9829
Truy cập http://bet99.com xem hàng,SPAM,,0.9965
Lễ tân như đầu bùi,CHỬI BỚI,,0.8141
Cách bài trí phải nói là thân thiện nhé,SẠCH,,0.9885
Chủ quán rất sạch sẽ nhé,SẠCH,,0.9819
Ship hàng dở như bò,CHỬI BỚI,,0.7294
"Wifi tráo trở, báo công an ngay",KÍCH ĐỘNG,,0.8949
"Bọn nhân viên lừa đảo, report ngay",KÍCH ĐỘNG,,0.8108
Thái độ phục vụ phải nói là xịn sò hihi,SẠCH,,0.4562
Nhân viên khá sang chảnh!,SẠCH,,0.9871
Các bạn tẩy chay gấp cái bọn lừa đảo này,KÍCH ĐỘNG,,0.9864
Ban công cảm thấy tuyệt vời nha,SẠCH,,0.9961
Ship hàng phục vụ như rác rưởi,CHỬI BỚI,,0.5513
Phục vụ bẩn như quần què,CHỬI BỚI,,0.9277
Wifi như lồn,CHỬI BỚI,,0.9494
Dịch vụ tệ như quần què,CHỬI BỚI,,0.9637
Thằng quản lý bẩn như lợn,CHỬI BỚI,,0.9895
Nhân viên đặc biệt thân thiện :)),SẠCH,,0.9939
Nhà vệ sinh như rác rưởi,CHỬI BỚI,,0.8226
Nhân viên nhìn xuất sắc ạ,SẠCH,,0.9491
Nhà vệ sinh thực sự đẳng cấp.,SẠCH,,0.9763
"Tuyển dụng việc nhẹ, ib zalo 0796946577",SPAM,,0.9997
Hệ thống nhìn như bò,CHỬI BỚI,,0.878
Bác bảo vệ thấy nhanh nhẹn :)),SẠCH,,0.9767
Thái độ dở như quần què,CHỬI BỚI,,0.5469
óc chó Cách làm ăn ngu không tả được,CHỬI BỚI,,0.9902
Wifi làm ăn như lợn,CHỬI BỚI,,0.9274
Nhân viên phải nói là tiện lợi ^^,SẠCH,,0.9676
"Tuyển dụng làm online, ib zalo 0472001844",SPAM,,0.9997
Truy cập http://sex90.com xem hàng,SPAM,,0.9658
Khách sạn nhìn như chó,CHỬI BỚI,,0.9519
"Cách làm ăn tráo trở, treo đầu dê bán thịt chó ngay",KÍCH ĐỘNG,,0.6038
Truy cập http://vay49.com nhận khuyến mãi,SPAM,,0.9921
Phục vụ nhìn như c*c,CHỬI BỚI,,0.9316
Dịch vụ siêu đẹp thực sự,SẠCH,,0.5399
tiên sư Cái chỗ này biến đi,CHỬI BỚI,,0.4342
Cô lao công rất đẳng cấp thực sự,SẠCH,,0.9671
View rất nhanh nhẹn.,SẠCH,,0.9877
Resort phải nói là nhiệt tình ^^,SẠCH,,0.9921
Hệ thống như lồn,CHỬI BỚI,,0.9223
"Lễ tân gian manh, treo đầu dê bán thịt chó ngay",KÍCH ĐỘNG,,0.7423
Resort phải nói là đẳng cấp ^^,SẠCH,,0.974
Cách bài trí tương đối rộng rãi lắm luôn,SẠCH,,0.9881
Chị lễ tân đặc biệt dễ thương lắm luôn,SẠCH,,0.9911
Hệ thống nhìn như bẹn,CHỬI BỚI,,0.9449
Dịch vụ nhìn như cc,CHỬI BỚI,,0.9571
Chủ shop dở như đầu bùi,CHỬI BỚI,,0.8552
Đồ ăn vô cùng chuyên nghiệp <3,SẠCH,,0.9959
Con chó của chủ quán thông minh lắm,SẠCH,,0.9204
"Quán này tráo trở, tẩy chay ngay",KÍCH ĐỘNG,,0.7797
Tiện nghi vô cùng hài lòng :)),SẠCH,,0.9953
ngu vãi Thái độ làm ăn chán đời,CHỬI BỚI,,0.9261
Wifi khá sang chảnh nhé,SẠCH,,0.9946
"Tuyển dụng việc nhẹ, ib zalo 0860797983",SPAM,,0.9997
Nhà vệ sinh thối như bò,CHỬI BỚI,,0.8729
Vị trí thực sự chuyên nghiệp.,SẠCH,,0.9877
Cách bài trí cảm thấy ổn áp.,SẠCH,,0.9921
Chủ shop như bẹn,CHỬI BỚI,,0.8096
Khách sạn tương đối ngon <3,SẠCH,,0.9935
Thái độ phục vụ hơi bị dễ thương ạ,SẠCH,,0.9889
Ban công nhìn chuyên nghiệp thực sự,SẠCH,,0.9953
Wifi nhìn như bò,CHỬI BỚI,,0.8595
mẹ kiếp Bọn nhân viên ngu không tả được,CHỬI BỚI,,0.9902
Truy cập http://bet77.com nhận 100k,SPAM,,0.97
Nước nóng quá là chu đáo nha,SẠCH,,0.9753
Khách sạn chán như bẹn,CHỬI BỚI,,0.9594
Vị trí khá sang chảnh :)),SẠCH,,0.9911
Truy cập http://bet23.com nhận 100k,SPAM,,0.9576
Chủ shop thối như l*n,CHỬI BỚI,,0.6654
Đồ ăn phải nói là nhanh nhẹn lắm luôn,SẠCH,,0.9807
Không gian siêu dễ thương lắm luôn,SẠCH,,0.9959
Cô lao công đặc biệt tiện lợi!,SẠCH,,0.93
Món ăn bẩn thỉu,CHỬI BỚI,,0.8774
Điều hòa vô cùng sang chảnh ^^,SẠCH,,0.9955
"Tuyển dụng việc nhẹ, ib zalo 0374777157",SPAM,,0.9997
đm Quán này dẹp tiệm đi,CHỬI BỚI,,0.8199
"Tuyển dụng làm online, ib zalo 0887368552",SPAM,,0.9997
Khách sạn như cặc,CHỬI BỚI,,0.9585
Hỗ trợ 0383245355 để vay vốn,SPAM,,0.9976
Tiện nghi hơi bị chill.,SẠCH,,0.9468
Resort thực sự đẹp :)),SẠCH,,0.9953
Dịch vụ rất lung linh <3,SẠCH,,0.9954
Con cún nhà này ngoan ghê,SẠCH,,0.4364
Bể bơi cảm thấy tiện lợi hihi,SẠCH,,0.9916
Cô lao công đặc biệt ổn áp ^^,SẠCH,,0.9873
Nhắn tin 0365196680 để vay vốn,SPAM,,0.9919
"Nhà vệ sinh gian manh, đòi lại tiền ngay",KÍCH ĐỘNG,,0.7742
Chủ shop như cặc,CHỬI BỚI,,0.8869
Chị lễ tân cảm thấy chuyên nghiệp hihi,SẠCH,,0.9958
"Điều hòa lừa đảo, cẩn thận bị lừa ngay",KÍCH ĐỘNG,,0.5855
"CSKH lừa đảo, làm ăn bố láo ngay",KÍCH ĐỘNG,,0.9554
Thái độ phục vụ cảm thấy sang chảnh ^^,SẠCH,,0.959
Truy cập http://bet41.com nhận 100k,SPAM,,0.8617
bố láo Quán này dẹp tiệm đi,CHỬI BỚI,,0.9349
Bể bơi nhìn đáng tiền lắm luôn,SẠCH,,0.9782
Bữa sáng tương đối thân thiện thực sự,SẠCH,,0.9943
Mọi người ơi mấy giờ mở cửa?,SẠCH,,0.993
Chủ quán siêu đẹp hihi,SẠCH,,0.9918
Con mèo của chủ quán thông minh quá,SẠCH,,0.4625
Khách sạn nhìn đẳng cấp.,SẠCH,,0.9211
Ship hàng nhìn như l*n,CHỬI BỚI,,0.8571
Điều hòa dở như hạch,CHỬI BỚI,,0.7681
Anh chủ đặc biệt rộng rãi thực sự,SẠCH,,0.9826
"Tuyển dụng làm online, ib zalo 0559636775",SPAM,,0.9997
"Thằng quản lý tráo trở, đừng mua ngay",KÍCH ĐỘNG,,0.9848
mất dạy Bọn nhân viên làm ăn chán đời,CHỬI BỚI,,0.9346
Món ăn dở như bò,CHỬI BỚI,,0.824
"Tuyển dụng việc nhẹ, ib zalo 0948793503",SPAM,,0.9997
"Tuyển dụng làm online, ib zalo 0642555266",SPAM,,0.9996
Mọi thứ rất ổn áp :)),SẠCH,,0.9951
Dịch vụ đặc biệt đáng tiền!,SẠCH,,0.9808
"Tuyển dụng việc nhẹ, ib zalo 0710427007",SPAM,,0.9997
Trải nghiệm hơi bị ngon nhé,SẠCH,,0.9918
Ban công khá thơm tho.,SẠCH,,0.9953
"Tuyển dụng việc nhẹ, ib zalo 0613663327",SPAM,,0.9997
"Tuyển dụng làm online, ib zalo 0790818919",SPAM,,0.9997
Tiện nghi phải nói là dễ thương.,SẠCH,,0.9577
Bọn nhân viên như chó,CHỬI BỚI,,0.9537
ngu vãi Ship hàng làm ăn chán đời,CHỬI BỚI,,0.8968
Bọn nhân viên bẩn thỉu,CHỬI BỚI,,0.9911
Cách làm ăn như bò,CHỬI BỚI,,0.9351
Liên hệ 0957323719 để kết bạn,SPAM,,0.9696
vcl Hệ thống biến đi,CHỬI BỚI,,0.9737
ngu vãi Dịch vụ làm ăn chán đời,CHỬI BỚI,,0.9366
Cái chỗ này bẩn như cc,CHỬI BỚI,,0.664
Chủ shop bẩn như quần què,CHỬI BỚI,,0.7709
tổ cha CSKH làm ăn chán đời,CHỬI BỚI,,0.9725
Tiện nghi hơi bị nhiệt tình ạ,SẠCH,,0.9564
Món ăn thối như đầu bùi,CHỬI BỚI,,0.4807
óc chó Chủ shop biến đi,CHỬI BỚI,,0.9813
Đồ ăn cực kỳ chill thực sự,SẠCH,,0.9958
óc chó Cái chỗ này biến đi,CHỬI BỚI,,0.9692
tiên sư Món ăn ngu không tả được,CHỬI BỚI,,0.9252
"Nhà vệ sinh gian manh, lừa đảo ngay",KÍCH ĐỘNG,,0.5785
Truy cập http://sex56.com xem hàng,SPAM,,0.9707
"Tuyển dụng làm online, ib zalo 0437665739",SPAM,,0.9997
Nước nóng tương đối xịn sò hihi,SẠCH,,0.99
Truy cập http://vay66.com xem hàng,SPAM,,0.9879
đéo Bọn nhân viên ngu không tả được,CHỬI BỚI,,0.941
Wifi chán như quần què,CHỬI BỚI,,0.945
Anh em tẩy chay gấp cái bọn lừa đảo này,KÍCH ĐỘNG,,0.9867
Ib ngay 0337131468 để tư vấn,SPAM,,0.986
Wifi thực sự đẳng cấp <3,SẠCH,,0.9957
Điều hòa dở như bò,CHỬI BỚI,,0.685
Nhắn tin 0994978441 để tư vấn,SPAM,,0.9762
Vị trí nhìn chu đáo nhé,SẠCH,,0.9891
"Cái chỗ này tráo trở, cẩn thận bị lừa ngay",KÍCH ĐỘNG,,0.5816
Dịch vụ phục vụ như bẹn,CHỬI BỚI,,0.9371
Cách bài trí quá là ổn áp nhé,SẠCH,,0.9947
Truy cập http://sex45.com nhận khuyến mãi,SPAM,,0.9415
Ban công phải nói là rộng rãi :)),SẠCH,,0.9922
"Con mụ chủ gian manh, tránh xa ngay",KÍCH ĐỘNG,,0.9824
Không gian quá là dễ thương.,SẠCH,,0.9953
óc chó Con mụ chủ ngu không tả được,CHỬI BỚI,,0.9881
Phục vụ bẩn như lợn,CHỬI BỚI,,0.8533
Thằng quản lý nhìn như quần què,CHỬI BỚI,,0.988
Truy cập http://soicau43.com nhận 100k,SPAM,,0.9811
ngu vãi Thằng quản lý dẹp tiệm đi,CHỬI BỚI,,0.9512
Nhà vệ sinh như cc,CHỬI BỚI,,0.8831
Trải nghiệm tương đối thơm tho!,SẠCH,,0.9937
Nhắn tin 0581917107 để kết bạn,SPAM,,0.9884
Phục vụ như lồn,CHỬI BỚI,,0.9346
Thái độ nhìn như bẹn,CHỬI BỚI,,0.9218
Bể bơi cực kỳ thoáng mát nha,SẠCH,,0.9885
Thằng quản lý như đống phân,CHỬI BỚI,,0.9804
Không gian trông chu đáo ạ,SẠCH,,0.9932
Khách sạn dở như bẹn,CHỬI BỚI,,0.9454
Bọn nhân viên bẩn như đầu bùi,CHỬI BỚI,,0.9912
"Con mụ chủ lừa đảo, cẩn thận bị lừa ngay",KÍCH ĐỘNG,,0.9833
"Wifi tráo trở, làm ăn bố láo ngay",KÍCH ĐỘNG,,0.5657
Cái chỗ này thối như cứt,CHỬI BỚI,,0.617
Hệ thống dở như đống phân,CHỬI BỚI,,0.945
Phòng ốc thực sự ngon!,SẠCH,,0.9854
mất dạy Cái chỗ này dẹp tiệm đi,CHỬI BỚI,,0.7778
Vị trí quá là thân thiện nhé,SẠCH,,0.9953
Truy cập http://vay70.com xem hàng,SPAM,,0.9908
Khách sạn cảm thấy dễ thương lắm luôn,SẠCH,,0.9947
Lễ tân bẩn như rác rưởi,CHỬI BỚI,,0.9179
Wifi quá là đẳng cấp <3,SẠCH,,0.9924
Anh chủ trông yên tĩnh lắm luôn,SẠCH,,0.9795
Món ăn bẩn như lợn,CHỬI BỚI,,0.6303
"Cách làm ăn tráo trở, kiện ngay",KÍCH ĐỘNG,,0.9987
Nhân viên phải nói là đẹp ^^,SẠCH,,0.952
Đồ ăn vô cùng hài lòng.,SẠCH,,0.994
"Quán này tráo trở, đừng mua ngay",KÍCH ĐỘNG,,0.4598
"Điều hòa gian manh, đòi lại tiền ngay",KÍCH ĐỘNG,,0.5975
Mọi người cẩn thận bị lừa cái shop này nhé,KÍCH ĐỘNG,,0.6732
"Wifi lừa đảo, kiện ngay",KÍCH ĐỘNG,,0.4856
chó chết Cách làm ăn làm ăn chán đời,CHỬI BỚI,,0.7603
Nhà vệ sinh trông ấm cúng.,SẠCH,,0.9498
Cô lao công thực sự tận tâm.,SẠCH,,0.9296
Truy cập http://bet90.com xem hàng,SPAM,,0.9982
CSKH dở như lợn,CHỬI BỚI,,0.5972
Điều hòa rất thơm tho <3,SẠCH,,0.9956
CSKH nhìn như đầu bùi,CHỬI BỚI,,0.8255
Đồ ăn khá chuyên nghiệp nha,SẠCH,,0.9946
"Tuyển dụng làm online, ib zalo 0315481156",SPAM,,0.9997
Anh chủ trông thơm tho <3,SẠCH,,0.9948
Anh chủ vô cùng sạch sẽ!,SẠCH,,0.9808
Truy cập http://bet91.com nhận 100k,SPAM,,0.8982
Đồ ăn phải nói là tốt!,SẠCH,,0.9513
"Tuyển dụng việc nhẹ, ib zalo 0368776815",SPAM,,0.9997
Bọn nhân viên chán như c*c,CHỬI BỚI,,0.9788
Thằng quản lý láo toét,CHỬI BỚI,,0.9924
Liên hệ 0348827311 để kết bạn,SPAM,,0.976
Vị trí quá là chu đáo hihi,SẠCH,,0.9946
Món ăn vãi đái,CHỬI BỚI,,0.9472
Cách làm ăn phục vụ như bò,CHỬI BỚI,,0.9315
tiên sư Cái chỗ này làm ăn chán đời,CHỬI BỚI,,0.5033
Ship hàng chán như hạch,CHỬI BỚI,,0.913
Truy cập http://bet69.com nhận khuyến mãi,SPAM,,0.9977
Nhân viên rất chuyên nghiệp nhé,SẠCH,,0.9819
Resort tương đối thơm tho nha,SẠCH,,0.9954
chó chết Nhà vệ sinh ngu không tả được,CHỬI BỚI,,0.8078
mẹ kiếp Điều hòa làm ăn chán đời,CHỬI BỚI,,0.8382
"Con mụ chủ gian manh, đừng mua ngay",KÍCH ĐỘNG,,0.9835
"Tuyển dụng việc nhẹ, ib zalo 0540479349",SPAM,,0.9997
"Quán này lừa đảo, bóc phốt ngay",KÍCH ĐỘNG,,0.7329
Mọi thứ khá ổn áp.,SẠCH,,0.992
Khách sạn hơi bị ổn áp lắm luôn,SẠCH,,0.9621
Cách làm ăn phục vụ như rác rưởi,CHỬI BỚI,,0.685
mẹ kiếp Hệ thống ngu không tả được,CHỬI BỚI,,0.9826
Ban công siêu xuất sắc ạ,SẠCH,,0.9955
Nhà vệ sinh thối như lợn,CHỬI BỚI,,0.9245
Truy cập http://bet13.com nhận khuyến mãi,SPAM,,0.9972
đm Wifi dẹp tiệm đi,CHỬI BỚI,,0.9682
khốn nạn Chủ shop biến đi,CHỬI BỚI,,0.8254
Chị lễ tân quá là sạch sẽ nhé,SẠCH,,0.9937
View vô cùng sạch sẽ.,SẠCH,,0.9925
Cách bài trí trông dễ thương :)),SẠCH,,0.995
Nước nóng cảm thấy ấm cúng nhé,SẠCH,,0.9885
Nước nóng siêu đẳng cấp lắm luôn,SẠCH,,0.9902
chó chết Wifi ngu không tả được,CHỬI BỚI,,0.5651
Cô lao công tương đối đáng tiền <3,SẠCH,,0.9958
Nhà vệ sinh như lợn,CHỬI BỚI,,0.8724
Vị trí nhìn đẳng cấp <3,SẠCH,,0.9901
Anh chủ trông xịn sò thực sự,SẠCH,,0.7464
Wifi ngu như quần què,CHỬI BỚI,,0.7445
Tiện nghi vô cùng tốt lắm luôn,SẠCH,,0.994
Thái độ phục vụ rất đáng tiền nha,SẠCH,,0.9805
Mọi người lừa đảo cái cái bọn lừa đảo này nhé,KÍCH ĐỘNG,,0.9756
Truy cập http://sex52.com nhận khuyến mãi,SPAM,,0.9678
Wifi quá là thoáng mát nha,SẠCH,,0.9957
Chủ shop thối như bò,CHỬI BỚI,,0.9688
Chị lễ tân cực kỳ lung linh ^^,SẠCH,,0.9934
Chị lễ tân quá là tiện lợi hihi,SẠCH,,0.9936
Quán này nhìn như c*c,CHỬI BỚI,,0.9405
View tương đối ổn áp!,SẠCH,,0.993
View tương đối ngon ạ,SẠCH,,0.9926
Bác bảo vệ đặc biệt tốt ạ,SẠCH,,0.9872
"Cách làm ăn gian manh, kiện ngay",KÍCH ĐỘNG,,0.9646
"Khách sạn tráo trở, dối trá ngay",KÍCH ĐỘNG,,0.8433
Thái độ phục vụ vô cùng tốt lắm luôn,SẠCH,,0.9672
Nhắn tin 0887494971 để nhận quà,SPAM,,0.9936
khốn nạn Điều hòa làm ăn chán đời,CHỬI BỚI,,0.8971
Chủ shop như chó,CHỬI BỚI,,0.8605
tổ cha Nhà vệ sinh dẹp tiệm đi,CHỬI BỚI,,0.3594
Truy cập http://sex85.com xem hàng,SPAM,,0.9757
Resort thấy tận tâm.,SẠCH,,0.9937
Mọi thứ đặc biệt chill ạ,SẠCH,,0.9959
Cô lao công hơi bị tận tâm.,SẠCH,,0.7837
bố láo Chủ shop làm ăn chán đời,CHỬI BỚI,,0.9579
Con chó nhà này quấn người lắm,SẠCH,,0.9783
Mọi thứ phải nói là dễ thương thực sự,SẠCH,,0.9962
View tương đối xịn sò thực sự,SẠCH,,0.9842
Hệ thống bẩn như hạch,CHỬI BỚI,,0.9238
Khách sạn bẩn như đầu bùi,CHỬI BỚI,,0.7766
Ib ngay 0547246532 để nhận quà,SPAM,,0.9898
Anh chủ cảm thấy chill!,SẠCH,,0.9961
Zalo 0940163504 để vay vốn,SPAM,,0.9996
"Khách sạn gian manh, lừa đảo ngay",KÍCH ĐỘNG,,0.8948
Mọi thứ tương đối ok ạ,SẠCH,,0.995
Con mụ chủ dở như l*n,CHỬI BỚI,,0.9821
Lễ tân làm ăn như c*c,CHỬI BỚI,,0.9385
tổ cha Bọn nhân viên dẹp tiệm đi,CHỬI BỚI,,0.931
Resort thực sự đáng tiền lắm luôn,SẠCH,,0.9949
Homestay thực sự sang chảnh nhé,SẠCH,,0.9934
Nhân viên siêu tốt :)),SẠCH,,0.5943
Cả nhà tránh xa chỗ này,KÍCH ĐỘNG,,0.8571
Homestay nhìn yên tĩnh nhé,SẠCH,,0.9928
Thái độ bẩn như quần què,CHỬI BỚI,,0.7362
"Dịch vụ tráo trở, dối trá ngay",KÍCH ĐỘNG,,0.9149
Truy cập http://sex36.com xem hàng,SPAM,,0.9715
Giường nhìn nhanh nhẹn.,SẠCH,,0.9348
Resort rất lung linh lắm luôn,SẠCH,,0.9956
Vị trí thấy tuyệt vời hihi,SẠCH,,0.9947
Truy cập http://bet90.com nhận 100k,SPAM,,0.9922
bố láo Con mụ chủ biến đi,CHỬI BỚI,,0.9742
Hệ thống chán như shit,CHỬI BỚI,,0.7871
Cách bài trí quá là xịn sò <3,SẠCH,,0.7731
Anh chủ khá nhanh nhẹn ạ,SẠCH,,0.9591
Dịch vụ ngu như shit,CHỬI BỚI,,0.8333
Homestay phải nói là sạch sẽ!,SẠCH,,0.9021
"Tuyển dụng làm online, ib zalo 0318033167",SPAM,,0.9997
Chị lễ tân thực sự ấm cúng lắm luôn,SẠCH,,0.9922
Chủ shop phục vụ như cứt,CHỬI BỚI,,0.679
Anh chủ siêu tuyệt vời nha,SẠCH,,0.9931
Truy cập http://sex66.com nhận 100k,SPAM,,0.9605
Dịch vụ cực kỳ hài lòng!,SẠCH,,0.9233
Cách bài trí khá yên tĩnh nha,SẠCH,,0.9905
Wifi phải nói là tuyệt vời :)),SẠCH,,0.9944
Ban công trông ấm cúng <3,SẠCH,,0.9944
Trải nghiệm thấy sạch sẽ lắm luôn,SẠCH,,0.9923
Ib ngay 0494222827 để kết bạn,SPAM,,0.9916
"Tuyển dụng làm online, ib zalo 0727434892",SPAM,,0.9997
Truy cập http://bet47.com nhận khuyến mãi,SPAM,,0.998
tổ cha Cái chỗ này biến đi,CHỬI BỚI,,0.5491
Alo 0689280374 để nhận quà,SPAM,,0.9949
Cô lao công khá đáng tiền hihi,SẠCH,,0.9944
Trải nghiệm hơi bị nhanh nhẹn <3,SẠCH,,0.9944
Mọi thứ đặc biệt xuất sắc!,SẠCH,,0.996
Đồ ăn cực kỳ chu đáo hihi,SẠCH,,0.9948
tiên sư Cách làm ăn biến đi,CHỬI BỚI,,0.8627
Khách sạn thối hoắc,CHỬI BỚI,,0.8426
Vị trí quá là tốt hihi,SẠCH,,0.9952
CSKH chán như shit,CHỬI BỚI,,0.7497
Nhà vệ sinh ngu như đống phân,CHỬI BỚI,,0.5715
Đồ ăn rất ngon.,SẠCH,,0.9943
Lễ tân tệ như shit,CHỬI BỚI,,0.7074
Bác bảo vệ hơi bị thân thiện lắm luôn,SẠCH,,0.9744
Phục vụ làm ăn như rác rưởi,CHỬI BỚI,,0.7974
"Nhà vệ sinh gian manh, cạch mặt ngay",KÍCH ĐỘNG,,0.5881
Giường đặc biệt đẹp :)),SẠCH,,0.9957
Wifi tệ như cc,CHỬI BỚI,,0.9508
CSKH chán như quần què,CHỬI BỚI,,0.8752
Thằng quản lý hãm lờ,CHỬI BỚI,,0.9917
Nhà vệ sinh thối như cc,CHỬI BỚI,,0.7225
"Thái độ lừa đảo, report ngay",KÍCH ĐỘNG,,0.6469
Trải nghiệm rất thân thiện <3,SẠCH,,0.9959
Thằng quản lý ngu như đống phân,CHỬI BỚI,,0.9911
Chị lễ tân cảm thấy thân thiện!,SẠCH,,0.9934
Chủ quán khá tuyệt vời nha,SẠCH,,0.9932
CSKH phục vụ như đầu bùi,CHỬI BỚI,,0.4424
Không gian hơi bị thoáng mát thực sự,SẠCH,,0.9898
Cái chỗ này thối như rác rưởi,CHỬI BỚI,,0.8834
Bác bảo vệ hơi bị chill :)),SẠCH,,0.9682
Bọn nhân viên nhìn như đống phân,CHỬI BỚI,,0.7737
Tiện nghi thực sự yên tĩnh.,SẠCH,,0.9741
Điều hòa thấy tiện lợi lắm luôn,SẠCH,,0.9933
"Tuyển dụng làm online, ib zalo 0739667341",SPAM,,0.9996
Anh em tránh xa chỗ này,KÍCH ĐỘNG,,0.9873
CSKH ngu như rác rưởi,CHỬI BỚI,,0.99
"Điều hòa lừa đảo, làm ăn bố láo ngay",KÍCH ĐỘNG,,0.917
Dịch vụ như rác rưởi,CHỬI BỚI,,0.8493
Không gian siêu đẳng cấp ^^,SẠCH,,0.9698
Quán này như đầu bùi,CHỬI BỚI,,0.6537
Điều hòa chảnh chó,CHỬI BỚI,,0.9379
Wifi làm ăn như c*c,CHỬI BỚI,,0.976
Nhân viên trông nhiệt tình nha,SẠCH,,0.9617
Shop ơi có chỗ đậu xe không?,SẠCH,,0.9894
Resort thấy chu đáo ^^,SẠCH,,0.9947
"Quán này lừa đảo, cạch mặt ngay",KÍCH ĐỘNG,,0.6638
Phục vụ ngu như quần què,CHỬI BỚI,,0.6901
Dịch vụ hơi bị nhanh nhẹn lắm luôn,SẠCH,,0.9481
"Ship hàng lừa đảo, bóc phốt ngay",KÍCH ĐỘNG,,0.9205
Ban công tương đối xuất sắc <3,SẠCH,,0.9957
Cách bài trí phải nói là xuất sắc nhé,SẠCH,,0.9905
"Dịch vụ gian manh, report ngay",KÍCH ĐỘNG,,0.7356
"Điều hòa tráo trở, cẩn thận bị lừa ngay",KÍCH ĐỘNG,,0.7539
Lễ tân phục vụ như lợn,CHỬI BỚI,,0.6648
Cách bài trí thấy đẹp nhé,SẠCH,,0.9882
Bọn nhân viên làm ăn như quần què,CHỬI BỚI,,0.9775
"Tuyển dụng việc nhẹ, ib zalo 0437235385",SPAM,,0.9997
"Món ăn tráo trở, đòi lại tiền ngay",KÍCH ĐỘNG,,0.5703
Phục vụ phục vụ như hạch,CHỬI BỚI,,0.5268
Điều hòa nhìn sạch sẽ ^^,SẠCH,,0.9928
khốn nạn Hệ thống biến đi,CHỬI BỚI,,0.7737
Quán này dở như lợn,CHỬI BỚI,,0.7828
Điều hòa quá là xuất sắc thực sự,SẠCH,,0.9955
Món ăn nhìn như lợn,CHỬI BỚI,,0.7713
Điều hòa thực sự thân thiện hihi,SẠCH,,0.9956
Chủ quán thực sự ấm cúng!,SẠCH,,0.9861
Nhà vệ sinh cảm thấy tận tâm!,SẠCH,,0.9865
đéo CSKH làm ăn chán đời,CHỬI BỚI,,0.5889
"Tuyển dụng việc nhẹ, ib zalo 0382453542",SPAM,,0.9997
Cái chỗ này thối như chó,CHỬI BỚI,,0.7467
"Hệ thống tráo trở, đòi lại tiền ngay",KÍCH ĐỘNG,,0.6859
"Chủ shop lừa đảo, đừng mua ngay",KÍCH ĐỘNG,,0.4475
"Phục vụ gian manh, đòi lại tiền ngay",KÍCH ĐỘNG,,0.8593
Truy cập http://vay84.com nhận 100k,SPAM,,0.9879
Resort cảm thấy xuất sắc <3,SẠCH,,0.9959
Truy cập http://soicau68.com xem hàng,SPAM,,0.9886
Điều hòa đặc biệt chill lắm luôn,SẠCH,,0.9953
"Ship hàng lừa đảo, kiện ngay",KÍCH ĐỘNG,,0.7243
Tư vấn 0685668718 để vay vốn,SPAM,,0.9982
"Cách làm ăn lừa đảo, report ngay",KÍCH ĐỘNG,,0.9853
Thằng quản lý chán như l*n,CHỬI BỚI,,0.9878
Liên hệ 0358958006 để vay vốn,SPAM,,0.9986
ngu vãi Lễ tân biến đi,CHỬI BỚI,,0.9263
Thái độ phục vụ thấy đáng tiền :)),SẠCH,,0.9828
"Tuyển dụng việc nhẹ, ib zalo 0723429603",SPAM,,0.9997
Thái độ phục vụ hơi bị lung linh lắm luôn,SẠCH,,0.9503
Cái chỗ này ngu như c*c,CHỬI BỚI,,0.9756
Cái chỗ này phục vụ như bẹn,CHỬI BỚI,,0.9121
Bể bơi trông yên tĩnh nha,SẠCH,,0.9878
Bữa sáng phải nói là sang chảnh ^^,SẠCH,,0.9914
Mọi thứ cảm thấy ok ạ,SẠCH,,0.9959
Thái độ phục vụ thấy nhiệt tình lắm luôn,SẠCH,,0.9376
Homestay thực sự nhiệt tình thực sự,SẠCH,,0.9927
Dịch vụ hơi bị xuất sắc hihi,SẠCH,,0.9924
Bữa sáng hơi bị thân thiện thực sự,SẠCH,,0.9931
Quán này làm ăn như c*c,CHỬI BỚI,,0.8595
Quán này làm ăn như bò,CHỬI BỚI,,0.8936
"Tuyển dụng việc nhẹ, ib zalo 0787012194",SPAM,,0.9997
Chủ shop thối hoắc,CHỬI BỚI,,0.9171
Bể bơi rất thơm tho lắm luôn,SẠCH,,0.9913
Phục vụ tệ như rác rưởi,CHỬI BỚI,,0.6909
Hệ thống chán như hạch,CHỬI BỚI,,0.7249
Giường cảm thấy nhanh nhẹn <3,SẠCH,,0.991
Chị lễ tân vô cùng sạch sẽ nhé,SẠCH,,0.9938
Resort nhìn đẹp ạ,SẠCH,,0.9955
"Tuyển dụng việc nhẹ, ib zalo 0666156090",SPAM,,0.9997
CSKH chán như cc,CHỬI BỚI,,0.9019
Trải nghiệm vô cùng tận tâm ^^,SẠCH,,0.9943
Cách bài trí vô cùng tiện lợi :)),SẠCH,,0.9925
Đồ ăn quá là thân thiện.,SẠCH,,0.9867
Lễ tân chán như cứt,CHỬI BỚI,,0.8355
